-- MySQL dump 10.13  Distrib 5.7.22, for Linux (x86_64)
--
-- Host: localhost    Database: B5CGM
-- ------------------------------------------------------
-- Server version	5.7.22-0ubuntu0.16.04.1

/*!40101 SET @OLD_CHARACTER_SET_CLIENT=@@CHARACTER_SET_CLIENT */;
/*!40101 SET @OLD_CHARACTER_SET_RESULTS=@@CHARACTER_SET_RESULTS */;
/*!40101 SET @OLD_COLLATION_CONNECTION=@@COLLATION_CONNECTION */;
/*!40101 SET NAMES utf8 */;
/*!40103 SET @OLD_TIME_ZONE=@@TIME_ZONE */;
/*!40103 SET TIME_ZONE='+00:00' */;
/*!40014 SET @OLD_UNIQUE_CHECKS=@@UNIQUE_CHECKS, UNIQUE_CHECKS=0 */;
/*!40014 SET @OLD_FOREIGN_KEY_CHECKS=@@FOREIGN_KEY_CHECKS, FOREIGN_KEY_CHECKS=0 */;
/*!40101 SET @OLD_SQL_MODE=@@SQL_MODE, SQL_MODE='NO_AUTO_VALUE_ON_ZERO' */;
/*!40111 SET @OLD_SQL_NOTES=@@SQL_NOTES, SQL_NOTES=0 */;

--
-- Table structure for table `chat`
--

DROP TABLE IF EXISTS `chat`;
/*!40101 SET @saved_cs_client     = @@character_set_client */;
/*!40101 SET character_set_client = utf8 */;
CREATE TABLE `chat` (
  `id` int(11) NOT NULL AUTO_INCREMENT,
  `userid` int(11) NOT NULL,
  `username` varchar(200) NOT NULL,
  `gameid` int(11) DEFAULT '0',
  `time` datetime NOT NULL,
  `message` text NOT NULL,
  PRIMARY KEY (`id`)
) ENGINE=MyISAM AUTO_INCREMENT=39221 DEFAULT CHARSET=utf8;
/*!40101 SET character_set_client = @saved_cs_client */;

--
-- Dumping data for table `chat`
--

LOCK TABLES `chat` WRITE;
/*!40000 ALTER TABLE `chat` DISABLE KEYS */;
INSERT INTO `chat` VALUES (39219,212,'jazzcama',0,'2018-06-12 12:42:03','yep. Same here'),(39220,39,'Traven',0,'2018-06-13 03:53:55','Sorry for just getting back to the game; I have to use a computer, and I don\'t really use my work computer unless I\'m on lunch');
/*!40000 ALTER TABLE `chat` ENABLE KEYS */;
UNLOCK TABLES;

--
-- Table structure for table `fx_helpmessages`
--

DROP TABLE IF EXISTS `fx_helpmessages`;
/*!40101 SET @saved_cs_client     = @@character_set_client */;
/*!40101 SET character_set_client = utf8 */;
CREATE TABLE `fx_helpmessages` (
  `messageid` int(11) NOT NULL AUTO_INCREMENT,
  `message` text NOT NULL,
  `HelpLocation` varchar(200) NOT NULL,
  `HelpImage` varchar(200) NOT NULL,
  `nextpageid` int(11) NOT NULL,
  PRIMARY KEY (`messageid`)
) ENGINE=InnoDB DEFAULT CHARSET=utf8;
/*!40101 SET character_set_client = @saved_cs_client */;

--
-- Dumping data for table `fx_helpmessages`
--

LOCK TABLES `fx_helpmessages` WRITE;
/*!40000 ALTER TABLE `fx_helpmessages` DISABLE KEYS */;
/*!40000 ALTER TABLE `fx_helpmessages` ENABLE KEYS */;
UNLOCK TABLES;

--
-- Table structure for table `player`
--

DROP TABLE IF EXISTS `player`;
/*!40101 SET @saved_cs_client     = @@character_set_client */;
/*!40101 SET character_set_client = utf8 */;
CREATE TABLE `player` (
  `id` int(11) NOT NULL AUTO_INCREMENT,
  `username` varchar(45) NOT NULL,
  `password` varchar(400) NOT NULL,
  `accesslevel` int(11) NOT NULL DEFAULT '1',
  PRIMARY KEY (`id`)
) ENGINE=MyISAM AUTO_INCREMENT=215 DEFAULT CHARSET=utf8;
/*!40101 SET character_set_client = @saved_cs_client */;

--
-- Dumping data for table `player`
--

LOCK TABLES `player` WRITE;
/*!40000 ALTER TABLE `player` DISABLE KEYS */;
INSERT INTO `player` VALUES (1,'chrome','*2470C0C06DEE42FD1618BB99005ADCA2EC9D1E19',0),(2,'opera','*2470C0C06DEE42FD1618BB99005ADCA2EC9D1E19',0),(3,'player1','*2470C0C06DEE42FD1618BB99005ADCA2EC9D1E19',0),(4,'player2','*2470C0C06DEE42FD1618BB99005ADCA2EC9D1E19',0),(5,'Tadrac','*2470C0C06DEE42FD1618BB99005ADCA2EC9D1E19',0),(6,'Popo','*2470C0C06DEE42FD1618BB99005ADCA2EC9D1E19',0),(7,'Fred','*2470C0C06DEE42FD1618BB99005ADCA2EC9D1E19',0),(9,'Fred2','*2470C0C06DEE42FD1618BB99005ADCA2EC9D1E19',0),(10,'Zero','*2470C0C06DEE42FD1618BB99005ADCA2EC9D1E19',0),(11,'Zero2','*2470C0C06DEE42FD1618BB99005ADCA2EC9D1E19',0),(12,'Todd','*2470C0C06DEE42FD1618BB99005ADCA2EC9D1E19',0),(13,'Todd2','*2470C0C06DEE42FD1618BB99005ADCA2EC9D1E19',0),(14,'Shalbatana','*2470C0C06DEE42FD1618BB99005ADCA2EC9D1E19',0),(15,'Shalbatana2','*2470C0C06DEE42FD1618BB99005ADCA2EC9D1E19',0),(16,'Kitep','*2470C0C06DEE42FD1618BB99005ADCA2EC9D1E19',0),(17,'Kitep2','*2470C0C06DEE42FD1618BB99005ADCA2EC9D1E19',0),(18,'Katoc','*2470C0C06DEE42FD1618BB99005ADCA2EC9D1E19',0),(19,'Katoc2','*2470C0C06DEE42FD1618BB99005ADCA2EC9D1E19',0),(20,'valthonis','*2470C0C06DEE42FD1618BB99005ADCA2EC9D1E19',0),(21,'valthonis2','*2470C0C06DEE42FD1618BB99005ADCA2EC9D1E19',0),(22,'Raevynwilder','*2470C0C06DEE42FD1618BB99005ADCA2EC9D1E19',0),(23,'Raevynwilder2','*2470C0C06DEE42FD1618BB99005ADCA2EC9D1E19',0),(24,'Kizarvexis','*2470C0C06DEE42FD1618BB99005ADCA2EC9D1E19',0),(25,'Kizarvexis2','*2470C0C06DEE42FD1618BB99005ADCA2EC9D1E19',0),(26,'Arcanis','*2470C0C06DEE42FD1618BB99005ADCA2EC9D1E19',0),(27,'Arcanis2','*2470C0C06DEE42FD1618BB99005ADCA2EC9D1E19',0),(28,'Narsham','*2470C0C06DEE42FD1618BB99005ADCA2EC9D1E19',0),(29,'Narsham2','*2470C0C06DEE42FD1618BB99005ADCA2EC9D1E19',0),(30,'Jazz','*0F859FF011F576603BB5CDB7A43D9229C65FC464',0),(31,'Chris','*2470C0C06DEE42FD1618BB99005ADCA2EC9D1E19',1),(32,'wolfgang','*D4D2AD7CD086014BE0A963B46406554549ACE715',1),(33,'Aatu','*AD4B130CF51B5878091C40707F83DE48AE8F0D9C',5),(34,'Virthkinis','*9B147F283F5D293F83C6D833CAD4969E1C06E7DD',1),(35,'Ragnarok','*C2464A298FA2365053565756F354C3B889E2376F',1),(36,'Ragnarok2','*C2464A298FA2365053565756F354C3B889E2376F',1),(37,'Demos','*215DE1B3B26E2AB71933E1000BBF6AAF5C64E87E',1),(38,'Stad','*5A6050955CC014444D755DBB12B48A0E1AF04858',1),(39,'Traven','*CDD22C6B061E25AAA2D7BC7478BFE436B369F851',1),(40,'TomB','*4221298BF6921847ECE6D64F441B360DDCA3539E',1),(41,'Jal','*AE98BC9037F16C478813A5F40ED008A27C5C88F5',1),(42,'MrD','*9BB37EFA7815B20EC0874FE9F9918A81260DEC36',1),(43,'onefromb5','*36D810C8F5D2FBF8EE720AE837FD0A95062563CC',1),(44,'ancient history','*42F59D77BFCC0F5C6AC564D06990F0CE99BBCD24',1),(45,'krieg','*94DD126F947C3CA7FA19A59AB6D6033FF6F462EF',1),(46,'the5thchild','*5F9E0650AC0416D617EF479FFD6DA204EBADA9C4',1),(47,'JGurnett617','*668425423DB5193AF921380129F465A6425216D0',1),(48,'Abraxas','*7B2F14D9BB629E334CD49A1028BD85750F7D3530',1),(49,'kmunoz','*2F996C12BD5208AFE4A03EA93BC8C4CB6913D75E',1),(50,'BodoMe','*C0DF3E00B1DADD8C30048C1F94A88B1210380E12',1),(51,'guest','*2470C0C06DEE42FD1618BB99005ADCA2EC9D1E19',1),(52,'JGurnett','*A99817C01F6C154FF07288E12B72BDBCCF6C3B2E',1),(53,'llre','*A5A0FF3DF591C9938CB8B65A1F85802F89D067BC',1),(54,'kitep3','*BAD53AECCBFBDCCE67B366B98F84BDC924554DD2',1),(55,'Smash_kirby','*70A8C23DEF27115884556E99A6B024B37A82E39E',1),(56,'Blackstreak','*8576F730DE89917DF339682EE9D46B0C363123C7',1),(57,'RoyStevens','*BAD53AECCBFBDCCE67B366B98F84BDC924554DD2',1),(58,'B1ackstreak','*25A64B67AE048F6781689BBFC8A46306D7D33901',1),(59,'Atrocity','*C2464A298FA2365053565756F354C3B889E2376F',1),(60,'Somanic','*1D9F08F708D896AF495013CEC5E23F6347B148EE',1),(61,'Zero1627','*2D1C013BC03EEE77CFC30FA91618B6008F8BCC9F',1),(62,'TokyoDan','*49FD0BA365A82630EDBE61DF7A2CFEF2FAE2A926',1),(63,'fisheyedbunny','*7F240604F9B53DB05DE904D37ACD77C72A1A1F1F',1),(64,'demiurge','*B29166EC6204C80C230F046923A685F5FEE961C2',1),(65,'Kevin','*5163B00CA789B7A7C9D4EAE6F2BDB699A360F38D',1),(66,'amr83','*2CCDA1DAE0A6F2851DFB9E310DEC7155D288A036',1),(67,'Catslaughing','*5F4A022B19707C851BC2280B1EE49998C9D3CC60',1),(68,'GrimJim','*624F37A95A6D0D24C451D8FA2368A14F037596D8',1),(69,'ATN082268','*2B3A56AC393B8B984881A7D056F8970B0F57530F',1),(70,'Cannotcope','*5F4A022B19707C851BC2280B1EE49998C9D3CC60',1),(71,'bluebirds42','*4EB3827A886DFB80E7CCE58238BB9CBE75BB7D66',1),(72,'iceman','*5D04C2E7A05F358E83E2BF4D3DF7B88D7AA9161E',1),(73,'chrismata','*D3CEEC3649424F98548D25BCBEF3BD2F79BFB121',1),(74,'sisetpasheri','*30E1A35F15ABF88D55E6820A6A856AE6A2BC4077',1),(75,'Faulkenburg','*DF98A2F5A35E43189CB267C40DA185CECBC79BA0',1),(76,'Keflar','*661914C8ABBABCFE4793AB5F8CE149C82DC99382',1),(77,'Wildcat','*CEAED60B8E0767F9D5043A59A9F970F648EB4430',1),(78,'foorke','*EA04B325D5E430FF2F3BDDC6E6164C5CF7E8974E',1),(79,'angelicus','*E18DD60013F19D445D530C5EBBE89DA9AAB93FFA',1),(80,'KoenGeeraerts','*313B7811D1849CEA1C10345DBF2D0F32FEA0392E',1),(81,'Sebastiaan Stevens','*E9C4136B63E1F5BC4C51CA5895DDD98E2067E29A',1),(82,'Foi','*3BBE534C6F3094E94A69E7460005A752FCD6D743',1),(83,'JohnGurnett','*3BA49D9289DEB1480884D44BC81AE29D79514CBF',1),(84,'Selso Zaghloul','*5DFE89E6B3AC96276F3CADBD97C4DB815C4C866B',1),(85,'Paul A. Bester','*861B1B1D5B7FE7D408673D2AC8FCB03A99D52035',1),(86,'Phrisbee','*E87E1AB2B20C051F0E3CBD801DACC9E467118246',1),(87,'nnevala','*B4FFCD40061C8B218AF0233276E44A0BF05A46A8',1),(88,'Arnold','*81B766D5B59F247972DE747F54A9501A0D8DFE45',1),(89,'TheNetherlord','*23F74EEFE7008EE224746B1E5FC7851D4BC5628A',1),(90,'TheNetherlord2','*AA0D6B52CC82E6B3E1ED3ED7B35D12EF7F0D3E42',1),(91,'Drylyyx','*E56A114692FE0DE073F9A1DD68A00EEB9703F3F1',1),(92,'Akil','*E159DE73DC4A3B16BD0F25CC2EEBEEFEC0418B2A',1),(93,'Vance','*88AA22555157BF63DFA246BDD74E5D400AF8911C',1),(94,'dhargyal','*F96A47C4E91C536C76B5DC886891F505637BD67C',1),(95,'Stefan','*7EF9D54953DCC8CDD8DAD750A774C87A0B99884F',1),(96,'tester1','*72A446F69ED6E2F6B57F7B1D521E315D22DBD86C',1),(97,'Atrocity2','*C2464A298FA2365053565756F354C3B889E2376F',1),(98,'LukOkkerse','*0EB98DBA490E4FF48F6652ECEA3736BA64871930',1),(99,'Luk2Okkerse','*0EB98DBA490E4FF48F6652ECEA3736BA64871930',1),(100,'JustinKase','*CD89F71BF229E1CDC65318D54CDA9F466AE1AA77',1),(101,'Justin Kase','*CD89F71BF229E1CDC65318D54CDA9F466AE1AA77',1),(102,'vim187','*7EE105418808560F5633B766E2BBF7B56D105951',1),(103,'Ian','*5DE4C38779F81E1CC765C57D9D816B3CBD13C3F2',1),(104,'malkav','*C1FFFC29209CD3E8A994FD92BA1C8C9F9F65F829',1),(105,'Jakaal','*5F63FD561A608E663BB73DD67D281ACEAE34824E',1),(106,'petor123','*753ED076EBDBD39A061D261F0E783BD908B492FE',1),(107,'Nik_Coppens','*820BF3F2C62CC074CE2F66B560C5A6F90EA779CC',1),(108,'Alex Cookson','*1D91204A9CAAD8E04801DA3A1C5C8AF1EEF58E1E',1),(109,'wisnoskij','*576EE5B74C20E68F2A5A240F3E408E6DE43DD73F',1),(110,'Londo','*5F63FD561A608E663BB73DD67D281ACEAE34824E',1),(111,'Levarith','*0DEA769E509C1D9EEFC2F37A71F20884D52DC8E3',1),(112,'Winterborn','*E35AC078B6C159384961D391C16C860ACA824BCC',1),(113,'GoreChild','*4356F7C21B1D729B3042DD34FE5336B0BCD05A7F',1),(114,'ChrisDaPra','*4356F7C21B1D729B3042DD34FE5336B0BCD05A7F',1),(115,'Father0915','*3296BD68E419D2EB4364FDBFC5B1FCAA6D10691B',1),(116,'badgerlord1649','*72A7AA5DBDA1B0AA1A2F2CC83BC4FC0AC99938C7',1),(117,'Lucienne Vindevogel','*AFE4D8A316D7540FB5975A6357A23175A7185FCB',1),(118,'GodHead','*4BDA07FCC07BCBCB31136BADD08D03872AC52F50',1),(119,'Zuxsion','*3918CBD388D14A1CC4408F7F8A633115AC4C808D',1),(120,'JamesBarry','*1F785E756DC4C02C29182617A713A75BF5EA8E1D',1),(121,'Garfield','*895B24E5429C85FE0201B1F50FD89E5FA87484E5',1),(122,'Tolga','*BD57420D8A8B3558065D3078B1BC461ED39D08C1',1),(123,'sollieus','*916D2A4935407F2381B009BA2A289364FA8851D6',1),(124,'tolga2','*BD57420D8A8B3558065D3078B1BC461ED39D08C1',1),(125,'turgon99','*FB9AD8956398F823D3AE3FD5AE155771659BC475',1),(126,'Lamoix','*5CEF639D002666BBA9F3E2E3CF872BC9EF74B271',1),(127,'nomosolo','*028507EA7C6C0B3EFE236D8AF08DF7AE94DDC6AD',1),(128,'JonG','*7F1E08C0B0FF5FA86D9EF2F469D90FDAD63CEADB',1),(129,'Warhorse8','*F37BBE3040C18615CAF565CE1FAEECA38CECA1AF',1),(130,'Warhorse9','*F7D992B7A5B7222B252E5797EFFFC1FAC2DA6664',1),(131,'Naranekk','*8A6B4EE78651358CF62A680F01BE9E76EDD0CBF5',1),(132,'Ragnar0k','*8A6B4EE78651358CF62A680F01BE9E76EDD0CBF5',1),(133,'jazz_test','*2470C0C06DEE42FD1618BB99005ADCA2EC9D1E19',1),(134,'ctcharger','*38F9D45E602BF81DE5DF719B08B66CEB0B6B31AA',1),(135,'JoostvR','*4128D88CC226A794BA41232D0FC7A7FA13B89055',1),(136,'Vartanil','*2D8B2CD2B550137FE9F04BB39F5F9823269A60E0',1),(137,'BadBoy007','*96E5BDB324BDE281E20AD91809EDAE613017BFF3',1),(138,'TKSolway','*640B11329CAEDEEFCF1244D970297C3747A83CBC',1),(139,'Draxxel Bane','*044A73182572985A811A7DEFDDD2245D5C3BFC3B',1),(140,'eddyl','*6908CAE1A03598125322F4D4CA6B254FF1907A6D',1),(141,'anyGould','*2C805F4C7338D628716B77B81ADAD701F8E02F67',1),(142,'DraxxelBane','*900BFECA1C479F22C7F61191FBA43C032A17263E',1),(143,'Kezerk','*6C7E003EC8AC7F7B291DEA0245BECC5B6E86123A',1),(144,'Kez2','*6C7E003EC8AC7F7B291DEA0245BECC5B6E86123A',1),(145,'heikkip','*DC42990E70F578DDB8717D648311AB379EADC8CE',1),(146,'fyenix','*B5D2D18BB0AD7DD2E01337FBBF9E072EDB5B35C5',1),(147,'Ruwon','*640B11329CAEDEEFCF1244D970297C3747A83CBC',1),(148,'MickeyP2K','*2CD721940628C06D9EA046905EF1BF4AC5C1397F',1),(149,'TestMike','*2CD721940628C06D9EA046905EF1BF4AC5C1397F',1),(150,'Anjin','*4B146100CA749A7B04DAFE8EC9047380943639C5',1),(151,'Sgt Looney','*56AB6B37D97610EA3004053D4BAF851D200D21ED',1),(152,'gfc1963','*CE39B3336CE13FA8E06E3EB8EAF909772773BB80',1),(153,'Zathras23','*F63B2E4C41386513471C833B5230DAF3D899FFEB',1),(154,'jbarson','*2E0A391AACB958B6D37C723315360D511E97738D',1),(155,'PinkPhantom','*2965D3AB8AAE08B9DA9C88377C5BDC63CE5AF2E6',1),(156,'seekingwittyid','*88AAFCBD12916BD548258B8385E2C70A7E14822D',1),(157,'Maserati','*1B68B74980A965BE66B198EE547D845EFCAD40F9',1),(158,'Herc Warrior','*02C22BE64B8154719F09D4F9AB76916798FF1A8E',1),(159,'fish048','*BE0C8BFB2F06ABD5D9044565E223B217A116B341',1),(160,'zaarin7','*0D50BF7BFA1D2A0CD5618403DA26CA75FB4F1B05',1),(161,'ElPresidente','*563AFF5CA5D291DD00CE2B6FFAFE755990DE64ED',1),(162,'tsolway','*640B11329CAEDEEFCF1244D970297C3747A83CBC',1),(163,'Dioctrium','*DB51B08F47CF401D86C369A55C72E06B673E2A65',1),(164,'Streen','*0DE1A9F6B35A23F95C8BAF310661AE1929F050A4',1),(165,'Batrachian','*0DE1A9F6B35A23F95C8BAF310661AE1929F050A4',1),(166,'Sath','*3D8C72AB836A0549044A055263CEC2727250818F',1),(167,'Lloth','*91D70B1A27857A67CDCD73F7D043E9484E34B247',1),(168,'CarlZog','*25D8C3CBF14A7389EBE0CD7ACCAD1503A7D76C3F',1),(169,'strangelooper','*BB265FFDE63EB81B3AB710B5EC0451FF5A0B39A9',1),(170,'loopstranger','*BB265FFDE63EB81B3AB710B5EC0451FF5A0B39A9',1),(171,'Babcom','*D39FB77EB0EA518CF9973F0F7CD7F47957F0244D',1),(172,'NeilP','*BB265FFDE63EB81B3AB710B5EC0451FF5A0B39A9',1),(173,'RoyC','*02821D8D31D84929A855F741CF08616A8FD22C81',1),(174,'Shakle','*7393533C38C19B15D308A734D43526324D92E92B',1),(175,'JoshA','*F969DCDD31F2F41F04EEEEB70288E1423F09E5D4',1),(176,'GregD','*0971389F8E7F1AEB999104BDA7A0FA145087F348',1),(177,'Philtastic','*B999154F2F8FE743341645879CBE5AA47596B97D',1),(178,'KevinH','*A40512856A21738E62A4DAFF2188983671933B91',1),(179,'evildoughboy','*955E3077A776E49E051597026A52018829A29872',1),(180,'Teufelted','*870DF77AA3F8301EEC68721D4F8349B2750C6283',1),(181,'Dirt Hanf','*A0682554C8D7297CBEAF8AD0C663F4C4B251E2AB',1),(182,'GregoryD','*109CEBF115DF8BB5BC0FEAD68286835C19B2513B',1),(183,'TijiRikimaru','*A0682554C8D7297CBEAF8AD0C663F4C4B251E2AB',1),(184,'alD','*5F4782CBD483A3911D2065DF442728570EE0FFCB',1),(185,'TedWin','*FB03E78CD67298818A315367AA568C5F555DE0FF',1),(186,'Gegner','*2470C0C06DEE42FD1618BB99005ADCA2EC9D1E19',1),(187,'Deadlikeme','*541E89C97480FD9881DDA58E51D92F86D66EB38C',1),(188,'gstano','*12FAAB51B036B87DA14B125871065E7BA5ED26B0',1),(189,'Docmani','*B1F03EAB0886510F134961C68CB8CD8E548C4C21',1),(190,'drpatient','*B1F03EAB0886510F134961C68CB8CD8E548C4C21',1),(191,'demonkiwi','*731E63DCF93A4625E914BDF2528528760744EC9D',1),(192,'Derteufel','*1235439EDEA8A62FE127C294D281180F93C33C1E',1),(193,'byrn','*5E65EC36B5FB8AB853D166A018303EE65B8D130B',1),(194,'baron','*72DB611DAF9607168FF092FA5BCA3A4FE039BCE7',1),(195,'Dwain','*F33BF8010894ACFDA73B5127C8CF6BB18409FEAB',1),(196,'Royc1','*8E8C44270C4F2F2FC64F886AA7406C222730499C',1),(197,'Zero1627_2','*B69027D44F6E5EDC07F1AEAD1477967B16F28227',1),(198,'RC1','*02821D8D31D84929A855F741CF08616A8FD22C81',1),(199,'jbarrett','*5D66BF3071EC6162BB799A0CD77C0B8724FD958D',1),(200,'mmitchel','*34C06246052A3D7D265508326600599AF4E04D11',1),(201,'testmsaw','*94BDCEBE19083CE2A1F959FD02F964C7AF4CFC29',1),(202,'Raptor','*90948D1703C0573A3643054E576F68F1FCC40073',1),(203,'Bin','*CCFEC9B786E6F5289148E23F7C0EF034E619F265',1),(204,'jtstano','*E041FB9DDD50077135956CF9CEADEDB4966D94F8',1),(205,'Heythatsme','*99F870F1D5F7A2EB9E1CEBFC5B0A8054FD6C9906',1),(206,'Andromus','*3D853ECE89F299930EA622D95BF3E52BD41D2E1A',1),(207,'Zero1627X','*2D1C013BC03EEE77CFC30FA91618B6008F8BCC9F',1),(208,'dragonfly','*F9EC77098C5235718A0C705AE1205E0A2312D54F',1),(209,'dragonfly2','*F9EC77098C5235718A0C705AE1205E0A2312D54F',1),(210,'Veqlargh','*80CC48636651E33EE84259F7D512EA94CFD64F9D',1),(211,'Mosxutus','*99FA22B56520D0A79A5E57B626C0C68906A7DAB6',1),(212,'jazzcama','*166BBB2AB12EE1B0B2BEA8AF936EE4C7A68A2DB0',1),(213,'melkorium','*B013287493EC7E7648EAEE9E77FD265734956EFD',1),(214,'dlo619','*2CCDA1DAE0A6F2851DFB9E310DEC7155D288A036',1);
/*!40000 ALTER TABLE `player` ENABLE KEYS */;
UNLOCK TABLES;

--
-- Table structure for table `player_chat`
--

DROP TABLE IF EXISTS `player_chat`;
/*!40101 SET @saved_cs_client     = @@character_set_client */;
/*!40101 SET character_set_client = utf8 */;
CREATE TABLE `player_chat` (
  `playerid` int(11) NOT NULL,
  `gameid` int(11) NOT NULL,
  `last_checked` datetime DEFAULT NULL,
  PRIMARY KEY (`playerid`,`gameid`)
) ENGINE=InnoDB DEFAULT CHARSET=utf8;
/*!40101 SET character_set_client = @saved_cs_client */;

--
-- Dumping data for table `player_chat`
--

LOCK TABLES `player_chat` WRITE;
/*!40000 ALTER TABLE `player_chat` DISABLE KEYS */;
INSERT INTO `player_chat` VALUES (7,0,'2018-06-12 16:21:03'),(7,3677,'2018-06-12 11:50:09'),(33,0,'2018-06-13 15:20:42'),(33,3671,'2018-02-13 21:25:17'),(33,3672,'2018-02-14 21:18:37'),(33,3673,'2018-02-16 09:15:54'),(33,3674,'2018-02-18 01:02:04'),(33,3675,'2018-02-27 15:19:45'),(39,0,'2018-06-13 03:53:55'),(39,3676,'2018-06-11 02:21:17'),(61,0,'2018-03-01 07:04:35'),(61,3672,'2018-03-01 07:04:34'),(61,3674,'2018-02-28 10:05:45'),(138,0,'2018-06-12 23:07:29'),(138,3679,'2018-06-12 23:07:29'),(210,0,'2018-03-01 05:46:53'),(210,3672,'2018-02-17 19:31:16'),(211,0,'2018-02-17 03:40:06'),(211,3671,'2018-02-13 22:19:07'),(211,3673,'2018-02-16 12:59:55'),(211,3675,'2018-02-23 22:20:37'),(211,3676,'2018-06-10 21:47:58'),(212,0,'2018-06-12 14:54:17'),(212,3677,'2018-06-11 11:06:53');
/*!40000 ALTER TABLE `player_chat` ENABLE KEYS */;
UNLOCK TABLES;

--
-- Table structure for table `tac_adaptivearmour`
--

DROP TABLE IF EXISTS `tac_adaptivearmour`;
/*!40101 SET @saved_cs_client     = @@character_set_client */;
/*!40101 SET character_set_client = utf8 */;
CREATE TABLE `tac_adaptivearmour` (
  `id` int(11) NOT NULL AUTO_INCREMENT,
  `gameid` int(11) DEFAULT NULL,
  `shipid` int(11) DEFAULT NULL,
  `particlepoints` int(11) DEFAULT NULL,
  `particlealloc` int(11) DEFAULT NULL,
  `laserpoints` int(11) DEFAULT NULL,
  `laseralloc` int(11) DEFAULT NULL,
  `molecularpoints` int(11) DEFAULT NULL,
  `molecularalloc` int(11) DEFAULT NULL,
  `matterpoints` int(11) DEFAULT NULL,
  `matteralloc` int(11) DEFAULT NULL,
  `plasmapoints` int(11) DEFAULT NULL,
  `plasmaalloc` int(11) DEFAULT NULL,
  `electromagneticpoints` int(11) DEFAULT NULL,
  `electromagneticalloc` int(11) DEFAULT NULL,
  `antimatterpoints` int(11) DEFAULT NULL,
  `antimatteralloc` int(11) DEFAULT NULL,
  `ionpoints` int(11) DEFAULT NULL,
  `ionalloc` int(11) DEFAULT NULL,
  `graviticpoints` int(11) DEFAULT NULL,
  `graviticalloc` int(11) DEFAULT NULL,
  `ballisticpoints` int(11) DEFAULT NULL,
  `ballisticalloc` int(11) DEFAULT NULL,
  PRIMARY KEY (`id`)
) ENGINE=InnoDB AUTO_INCREMENT=67 DEFAULT CHARSET=utf8;
/*!40101 SET character_set_client = @saved_cs_client */;

--
-- Dumping data for table `tac_adaptivearmour`
--

LOCK TABLES `tac_adaptivearmour` WRITE;
/*!40000 ALTER TABLE `tac_adaptivearmour` DISABLE KEYS */;
INSERT INTO `tac_adaptivearmour` VALUES (66,3673,28949,9,1,0,0,0,0,0,0,0,0,0,0,0,0,0,0,0,0,0,0);
/*!40000 ALTER TABLE `tac_adaptivearmour` ENABLE KEYS */;
UNLOCK TABLES;

--
-- Table structure for table `tac_ammo`
--

DROP TABLE IF EXISTS `tac_ammo`;
/*!40101 SET @saved_cs_client     = @@character_set_client */;
/*!40101 SET character_set_client = utf8 */;
CREATE TABLE `tac_ammo` (
  `shipid` int(11) NOT NULL,
  `systemid` int(11) NOT NULL,
  `firingmode` int(11) NOT NULL,
  `gameid` int(11) NOT NULL,
  `ammo` int(11) NOT NULL,
  `turn` int(11) NOT NULL DEFAULT '0',
  PRIMARY KEY (`gameid`,`shipid`,`systemid`,`firingmode`,`turn`)
) ENGINE=InnoDB DEFAULT CHARSET=utf8;
/*!40101 SET character_set_client = @saved_cs_client */;

--
-- Dumping data for table `tac_ammo`
--

LOCK TABLES `tac_ammo` WRITE;
/*!40000 ALTER TABLE `tac_ammo` DISABLE KEYS */;
INSERT INTO `tac_ammo` VALUES (29038,2,1,3677,1,0),(29038,4,1,3677,1,0),(29038,6,1,3677,1,0),(29038,8,1,3677,1,0),(29038,10,1,3677,1,0),(29038,12,1,3677,1,0),(29038,14,1,3677,1,0),(29038,16,1,3677,1,0),(29038,18,1,3677,1,0),(29038,20,1,3677,1,0),(29038,22,1,3677,1,0),(29038,24,1,3677,1,0),(29039,9,1,3677,0,0),(29039,12,1,3677,0,0),(29039,18,1,3677,0,0),(29044,12,1,3678,0,0),(29045,10,1,3678,0,0),(29045,11,1,3678,0,0),(29045,13,1,3678,0,0),(29045,14,1,3678,0,0),(29045,17,1,3678,0,0),(29045,23,1,3678,0,0),(29046,27,1,3678,0,0),(29046,33,1,3678,0,0),(29083,16,1,3679,0,0),(29083,17,1,3679,0,0),(29086,11,1,3680,0,0),(29086,13,1,3680,0,0),(29086,14,1,3680,0,0),(29086,21,1,3680,0,0),(29086,22,1,3680,0,0),(29090,11,1,3680,0,0),(29090,13,1,3680,0,0),(29090,14,1,3680,0,0),(29090,21,1,3680,0,0),(29090,22,1,3680,0,0);
/*!40000 ALTER TABLE `tac_ammo` ENABLE KEYS */;
UNLOCK TABLES;

--
-- Table structure for table `tac_critical`
--

DROP TABLE IF EXISTS `tac_critical`;
/*!40101 SET @saved_cs_client     = @@character_set_client */;
/*!40101 SET character_set_client = utf8 */;
CREATE TABLE `tac_critical` (
  `id` int(11) NOT NULL AUTO_INCREMENT,
  `gameid` int(11) NOT NULL,
  `shipid` int(11) NOT NULL,
  `systemid` int(11) NOT NULL,
  `type` varchar(100) NOT NULL,
  `turn` int(11) NOT NULL,
  `param` varchar(200) DEFAULT NULL,
  PRIMARY KEY (`id`),
  KEY `gameid` (`gameid`),
  KEY `shipid` (`shipid`)
) ENGINE=InnoDB AUTO_INCREMENT=44540 DEFAULT CHARSET=utf8;
/*!40101 SET character_set_client = @saved_cs_client */;

--
-- Dumping data for table `tac_critical`
--

LOCK TABLES `tac_critical` WRITE;
/*!40000 ALTER TABLE `tac_critical` DISABLE KEYS */;
INSERT INTO `tac_critical` VALUES (44537,3677,29057,9,'FirstThrustIgnored',2,''),(44538,3679,29079,7,'FirstThrustIgnored',1,''),(44539,3679,29079,7,'HalfEfficiency',1,'');
/*!40000 ALTER TABLE `tac_critical` ENABLE KEYS */;
UNLOCK TABLES;

--
-- Table structure for table `tac_damage`
--

DROP TABLE IF EXISTS `tac_damage`;
/*!40101 SET @saved_cs_client     = @@character_set_client */;
/*!40101 SET character_set_client = utf8 */;
CREATE TABLE `tac_damage` (
  `id` int(11) NOT NULL AUTO_INCREMENT,
  `shipid` int(11) NOT NULL,
  `gameid` int(11) NOT NULL,
  `systemid` int(11) NOT NULL,
  `turn` int(11) NOT NULL,
  `damage` int(11) NOT NULL DEFAULT '0',
  `armour` int(11) DEFAULT '0',
  `shields` int(11) DEFAULT '0',
  `fireorderid` int(11) NOT NULL,
  `destroyed` tinyint(1) NOT NULL DEFAULT '0',
  `pubnotes` text,
  `damageclass` tinytext,
  PRIMARY KEY (`id`),
  KEY `gameid` (`gameid`),
  KEY `shipid` (`shipid`)
) ENGINE=InnoDB AUTO_INCREMENT=413050 DEFAULT CHARSET=utf8;
/*!40101 SET character_set_client = @saved_cs_client */;

--
-- Dumping data for table `tac_damage`
--

LOCK TABLES `tac_damage` WRITE;
/*!40000 ALTER TABLE `tac_damage` DISABLE KEYS */;
INSERT INTO `tac_damage` VALUES (412996,29057,3677,3,2,9,7,0,491328,0,'','Particle'),(412997,29057,3677,5,2,9,3,0,491326,1,'','Particle'),(412998,29057,3677,9,2,6,6,0,491339,0,'','Particle'),(412999,29057,3677,9,2,7,6,0,491339,0,'','Particle'),(413000,29057,3677,10,2,7,6,0,491338,0,'','Particle'),(413001,29057,3677,10,2,8,6,0,491338,0,'','Particle'),(413002,29057,3677,26,2,6,5,0,491340,0,'','Particle'),(413003,29057,3677,26,2,7,5,0,491340,0,'','Particle'),(413004,29057,3677,26,2,15,5,0,491325,0,'','Particle'),(413005,29057,3677,26,2,4,5,0,491326,0,'','Particle'),(413006,29057,3677,26,2,13,5,0,491329,0,'','Particle'),(413007,29037,3677,22,2,10,5,0,491343,0,'','Laser'),(413008,29037,3677,27,2,6,2,0,491343,1,'','Laser'),(413009,29037,3677,40,2,4,4,0,491343,0,'','Laser'),(413010,29037,3677,40,2,10,0,0,491343,0,'','Laser'),(413011,29037,3677,40,2,1,0,0,491343,0,'','Laser'),(413012,29037,3677,40,2,10,4,0,491344,0,'','Laser'),(413013,29037,3677,40,2,10,0,0,491344,0,'','Laser'),(413014,29037,3677,40,2,7,0,0,491344,0,'','Laser'),(413015,29042,3677,7,2,5,3,0,491348,0,'','Particle'),(413016,29066,3679,2,1,10,4,0,491384,0,'','Laser'),(413017,29066,3679,13,1,15,4,0,491385,0,'','Particle'),(413018,29066,3679,13,1,8,4,0,491386,1,'','Particle'),(413019,29066,3679,14,1,9,3,0,491386,1,'','Particle'),(413020,29066,3679,15,1,10,3,0,491385,1,'','Particle'),(413021,29066,3679,17,1,4,2,0,491384,1,'','Laser'),(413022,29066,3679,19,1,5,4,0,491385,0,'','Particle'),(413023,29066,3679,19,1,15,4,0,491385,0,'','Particle'),(413024,29066,3679,19,1,15,4,0,491385,0,'','Particle'),(413025,29066,3679,19,1,15,4,0,491385,0,'','Particle'),(413026,29066,3679,19,1,14,4,0,491386,1,'','Particle'),(413027,29066,3679,21,1,1,5,0,491386,0,'','Particle'),(413028,29066,3679,21,1,15,5,0,491386,0,'','Particle'),(413029,29066,3679,21,1,7,5,0,491386,0,'','Particle'),(413030,29066,3679,21,1,6,5,0,491386,0,'','Particle'),(413031,29066,3679,21,1,15,5,0,491386,0,'','Particle'),(413032,29066,3679,21,1,10,5,0,491384,0,'','Laser'),(413033,29066,3679,21,1,8,0,0,491384,1,'','Laser'),(413034,29079,3679,4,1,12,6,0,491376,0,'','Laser'),(413035,29079,3679,6,1,8,3,0,491381,0,'','Laser'),(413036,29079,3679,7,1,12,3,0,491377,0,'','Laser'),(413037,29079,3679,8,1,10,4,0,491369,0,'','Laser'),(413038,29079,3679,11,1,10,4,0,491373,1,'','Laser'),(413039,29079,3679,12,1,6,2,0,491377,1,'','Laser'),(413040,29079,3679,13,1,1,2,0,491369,0,'','Laser'),(413041,29079,3679,13,1,6,2,0,491371,1,'','Laser'),(413042,29079,3679,38,1,6,6,0,491377,0,'','Laser'),(413043,29079,3679,38,1,10,6,0,491373,0,'','Laser'),(413044,29079,3679,38,1,1,0,0,491373,0,'','Laser'),(413045,29079,3679,38,1,10,6,0,491381,0,'','Laser'),(413046,29079,3679,38,1,10,6,0,491369,0,'','Laser'),(413047,29079,3679,38,1,10,6,0,491371,0,'','Laser'),(413048,29079,3679,38,1,2,0,0,491371,0,'','Laser'),(413049,29079,3679,38,1,8,0,0,491380,0,'','Matter');
/*!40000 ALTER TABLE `tac_damage` ENABLE KEYS */;
UNLOCK TABLES;

--
-- Table structure for table `tac_ew`
--

DROP TABLE IF EXISTS `tac_ew`;
/*!40101 SET @saved_cs_client     = @@character_set_client */;
/*!40101 SET character_set_client = utf8 */;
CREATE TABLE `tac_ew` (
  `id` int(11) NOT NULL AUTO_INCREMENT,
  `gameid` int(11) NOT NULL,
  `shipid` int(11) NOT NULL,
  `turn` int(11) NOT NULL,
  `type` varchar(45) NOT NULL,
  `amount` int(11) NOT NULL,
  `targetid` int(11) NOT NULL,
  PRIMARY KEY (`id`),
  KEY `gameid` (`gameid`),
  KEY `shipid` (`shipid`)
) ENGINE=InnoDB AUTO_INCREMENT=310603 DEFAULT CHARSET=utf8;
/*!40101 SET character_set_client = @saved_cs_client */;

--
-- Dumping data for table `tac_ew`
--

LOCK TABLES `tac_ew` WRITE;
/*!40000 ALTER TABLE `tac_ew` DISABLE KEYS */;
INSERT INTO `tac_ew` VALUES (310468,3676,29027,1,'DEW',9,-1),(310469,3676,29025,1,'OEW',10,29035),(310470,3676,29025,1,'DEW',1,-1),(310471,3676,29026,1,'DEW',9,-1),(310472,3676,29030,1,'DEW',9,-1),(310473,3676,29028,1,'DEW',8,-1),(310474,3676,29023,1,'OEW',10,29035),(310475,3676,29023,1,'DEW',1,-1),(310476,3676,29029,1,'DEW',0,-1),(310477,3676,29024,1,'DEW',0,-1),(310478,3676,29035,1,'OEW',1,29023),(310479,3676,29035,1,'DEW',9,-1),(310480,3676,29031,1,'OEW',12,29025),(310481,3676,29031,1,'DEW',0,-1),(310482,3676,29032,1,'DEW',8,-1),(310483,3676,29036,1,'DEW',0,-1),(310484,3676,29033,1,'DEW',0,-1),(310485,3676,29034,1,'DEW',0,-1),(310486,3677,29037,1,'DEW',10,-1),(310487,3677,29040,1,'DEW',10,-1),(310488,3677,29038,1,'DEW',0,-1),(310489,3677,29042,1,'DEW',0,-1),(310490,3677,29039,1,'DEW',5,-1),(310491,3677,29041,1,'DEW',0,-1),(310492,3677,29063,1,'OEW',2,29040),(310493,3677,29063,1,'DEW',6,-1),(310494,3677,29057,1,'OEW',2,29040),(310495,3677,29057,1,'DEW',8,-1),(310496,3677,29061,1,'DEW',14,-1),(310497,3677,29059,1,'DEW',8,-1),(310498,3677,29060,1,'DEW',8,-1),(310499,3677,29062,1,'DEW',0,-1),(310500,3677,29058,1,'DEW',0,-1),(310501,3679,29069,1,'SDEW',11,29064),(310502,3679,29069,1,'DEW',0,-1),(310503,3679,29066,1,'OEW',6,29079),(310504,3679,29066,1,'DEW',0,-1),(310505,3679,29068,1,'OEW',5,29079),(310506,3679,29068,1,'DEW',0,-1),(310507,3679,29064,1,'OEW',6,29079),(310508,3679,29064,1,'DEW',0,-1),(310509,3679,29065,1,'OEW',6,29079),(310510,3679,29065,1,'DEW',0,-1),(310511,3679,29071,1,'DEW',0,-1),(310512,3679,29070,1,'DEW',0,-1),(310513,3679,29067,1,'OEW',5,29079),(310514,3679,29067,1,'DEW',0,-1),(310515,3679,29072,1,'DEW',0,-1),(310516,3679,29083,1,'DEW',7,-1),(310517,3679,29084,1,'DEW',6,-1),(310518,3679,29079,1,'OEW',10,29066),(310519,3679,29079,1,'DEW',0,-1),(310520,3679,29080,1,'DEW',0,-1),(310521,3679,29082,1,'DEW',6,-1),(310522,3679,29081,1,'DEW',0,-1),(310523,3680,29073,1,'OEW',9,29085),(310524,3680,29073,1,'DEW',0,-1),(310525,3680,29074,1,'OEW',9,29085),(310526,3680,29074,1,'DEW',0,-1),(310527,3680,29075,1,'OEW',9,29085),(310528,3680,29075,1,'DEW',0,-1),(310529,3680,29078,1,'DEW',0,-1),(310530,3680,29076,1,'DEW',6,-1),(310531,3680,29077,1,'DEW',0,-1),(310532,3680,29090,1,'OEW',3,29076),(310533,3680,29090,1,'DEW',3,-1),(310534,3680,29085,1,'DEW',8,-1),(310535,3680,29088,1,'DEW',7,-1),(310536,3680,29087,1,'DEW',7,-1),(310537,3680,29086,1,'OEW',6,29076),(310538,3680,29086,1,'DEW',0,-1),(310539,3680,29091,1,'DEW',0,-1),(310540,3680,29089,1,'DEW',0,-1),(310541,3677,29057,2,'OEW',4,29037),(310542,3677,29057,2,'DEW',6,-1),(310543,3677,29061,2,'OEW',4,29037),(310544,3677,29061,2,'SOEW',1,29057),(310545,3677,29061,2,'CCEW',4,-1),(310546,3677,29061,2,'DEW',5,-1),(310547,3677,29059,2,'CCEW',4,-1),(310548,3677,29059,2,'DEW',4,-1),(310549,3677,29063,2,'OEW',4,29040),(310550,3677,29063,2,'DEW',4,-1),(310551,3677,29060,2,'CCEW',4,-1),(310552,3677,29060,2,'DEW',4,-1),(310553,3677,29062,2,'DEW',0,-1),(310554,3677,29058,2,'DEW',0,-1),(310555,3677,29037,2,'OEW',1,29057),(310556,3677,29037,2,'DEW',9,-1),(310557,3677,29040,2,'OEW',1,29061),(310558,3677,29040,2,'DEW',9,-1),(310559,3677,29039,2,'DEW',5,-1),(310560,3677,29038,2,'DEW',0,-1),(310561,3677,29041,2,'DEW',0,-1),(310562,3677,29042,2,'DEW',0,-1),(310563,3677,29037,3,'OEW',1,29057),(310564,3677,29037,3,'DEW',9,-1),(310565,3677,29041,3,'DEW',0,-1),(310566,3677,29039,3,'DEW',5,-1),(310567,3677,29042,3,'DEW',0,-1),(310568,3677,29040,3,'OEW',10,29061),(310569,3677,29040,3,'DEW',0,-1),(310570,3677,29038,3,'DEW',0,-1),(310571,3679,29065,2,'CCEW',2,-1),(310572,3679,29065,2,'DEW',4,-1),(310573,3679,29069,2,'CCEW',2,-1),(310574,3679,29069,2,'DEW',9,-1),(310575,3679,29068,2,'CCEW',2,-1),(310576,3679,29068,2,'DEW',3,-1),(310577,3679,29064,2,'CCEW',2,-1),(310578,3679,29064,2,'DEW',4,-1),(310579,3679,29070,2,'DEW',0,-1),(310580,3679,29067,2,'CCEW',4,-1),(310581,3679,29067,2,'DEW',1,-1),(310582,3679,29066,2,'DEW',0,-1),(310583,3679,29071,2,'DEW',0,-1),(310584,3679,29072,2,'DEW',0,-1),(310585,3677,29057,3,'CCEW',2,-1),(310586,3677,29057,3,'OEW',1,29037),(310587,3677,29057,3,'DEW',7,-1),(310588,3677,29063,3,'OEW',2,29040),(310589,3677,29063,3,'OEW',1,29037),(310590,3677,29063,3,'CCEW',2,-1),(310591,3677,29063,3,'DEW',3,-1),(310592,3677,29059,3,'OEW',2,29040),(310593,3677,29059,3,'CCEW',1,-1),(310594,3677,29059,3,'DEW',5,-1),(310595,3677,29060,3,'CCEW',2,-1),(310596,3677,29060,3,'OEW',2,29040),(310597,3677,29060,3,'DEW',4,-1),(310598,3677,29061,3,'CCEW',2,-1),(310599,3677,29061,3,'DIST',9,29040),(310600,3677,29061,3,'DEW',3,-1),(310601,3677,29058,3,'DEW',0,-1),(310602,3677,29062,3,'DEW',0,-1);
/*!40000 ALTER TABLE `tac_ew` ENABLE KEYS */;
UNLOCK TABLES;

--
-- Table structure for table `tac_fireorder`
--

DROP TABLE IF EXISTS `tac_fireorder`;
/*!40101 SET @saved_cs_client     = @@character_set_client */;
/*!40101 SET character_set_client = utf8 */;
CREATE TABLE `tac_fireorder` (
  `id` int(11) NOT NULL AUTO_INCREMENT,
  `type` varchar(45) NOT NULL DEFAULT 'normal',
  `shooterid` int(11) NOT NULL DEFAULT '0',
  `targetid` int(11) NOT NULL DEFAULT '0',
  `weaponid` int(11) NOT NULL DEFAULT '0',
  `calledid` int(11) NOT NULL DEFAULT '0',
  `turn` int(11) NOT NULL DEFAULT '0',
  `firingmode` int(11) NOT NULL DEFAULT '0',
  `needed` int(11) NOT NULL DEFAULT '0',
  `rolled` int(11) NOT NULL DEFAULT '0',
  `gameid` int(11) NOT NULL,
  `notes` text NOT NULL,
  `shotshit` int(11) NOT NULL DEFAULT '0',
  `shots` int(11) NOT NULL DEFAULT '1',
  `pubnotes` text NOT NULL,
  `intercepted` int(11) NOT NULL DEFAULT '0',
  `x` varchar(10) NOT NULL DEFAULT 'null',
  `y` varchar(10) NOT NULL DEFAULT 'null',
  `damageclass` tinytext,
  PRIMARY KEY (`id`),
  KEY `gameid` (`gameid`),
  KEY `shooterid` (`shooterid`),
  KEY `weaponid` (`weaponid`)
) ENGINE=InnoDB AUTO_INCREMENT=491393 DEFAULT CHARSET=utf8;
/*!40101 SET character_set_client = @saved_cs_client */;

--
-- Dumping data for table `tac_fireorder`
--

LOCK TABLES `tac_fireorder` WRITE;
/*!40000 ALTER TABLE `tac_fireorder` DISABLE KEYS */;
INSERT INTO `tac_fireorder` VALUES (491310,'ballistic',29031,-1,12,-1,1,1,0,0,3676,'',0,1,'',0,'-16','0','ballistic'),(491311,'ballistic',29031,-1,13,-1,1,1,0,0,3676,'',0,1,'',0,'-14','2','ballistic'),(491312,'ballistic',29031,29025,27,-1,1,1,0,0,3676,'',0,1,'',0,'null','null','ballistic'),(491313,'ballistic',29073,29085,10,-1,1,1,0,0,3680,'',0,1,'',0,'null','null','ballistic'),(491314,'ballistic',29073,29085,11,-1,1,1,0,0,3680,'',0,1,'',0,'null','null','ballistic'),(491315,'ballistic',29074,-1,10,-1,1,1,0,0,3680,'',0,1,'',0,'7','-8','ballistic'),(491316,'ballistic',29074,-1,11,-1,1,1,0,0,3680,'',0,1,'',0,'13','-7','ballistic'),(491317,'ballistic',29075,-1,10,-1,1,1,0,0,3680,'',0,1,'',0,'13','-2','ballistic'),(491318,'ballistic',29075,-1,11,-1,1,1,0,0,3680,'',0,1,'',0,'13','-10','ballistic'),(491319,'ballistic',29076,-1,9,-1,1,1,0,0,3680,'',0,1,'',0,'9','-4','ballistic'),(491320,'ballistic',29076,-1,10,-1,1,1,0,0,3680,'',0,1,'',0,'10','0','ballistic'),(491321,'ballistic',29076,-1,11,-1,1,1,0,0,3680,'',0,1,'',0,'11','-2','ballistic'),(491322,'ballistic',29076,-1,12,-1,1,1,0,0,3680,'',0,1,'',0,'12','-4','ballistic'),(491323,'ballistic',29076,-1,13,-1,1,1,0,0,3680,'',0,1,'',0,'8','-2','ballistic'),(491324,'ballistic',29076,-1,14,-1,1,1,0,0,3680,'',0,1,'',0,'7','0','ballistic'),(491325,'normal',29038,29057,3,-1,2,1,35,21,3677,'shooter: 3,-5 target: 8,-4 dis: 6, rangePenalty: 12, defence: 16, DEW: 0, BDEW: 0, SDEW: 0, Jammermod: 0, , jink: 0/0, OEW: 5, SOEW: 0, F/C: 0, mod: 0, goal: 9, chance: 45Interception: 10 sources:1, final to hit: 35 FIRING SHOT 1: rolled: 21, needed: 35\n',1,1,'',0,'0','0','particle'),(491326,'normal',29038,29057,7,-1,2,1,35,17,3677,'shooter: 3,-5 target: 8,-4 dis: 6, rangePenalty: 12, defence: 16, DEW: 0, BDEW: 0, SDEW: 0, Jammermod: 0, , jink: 0/0, OEW: 5, SOEW: 0, F/C: 0, mod: 0, goal: 9, chance: 45Interception: 10 sources:1, final to hit: 35 FIRING SHOT 1: rolled: 17, needed: 35\n',1,1,'',0,'0','0','particle'),(491327,'normal',29038,29057,11,-1,2,1,35,94,3677,'shooter: 3,-5 target: 8,-4 dis: 6, rangePenalty: 12, defence: 16, DEW: 0, BDEW: 0, SDEW: 0, Jammermod: 0, , jink: 0/0, OEW: 5, SOEW: 0, F/C: 0, mod: 0, goal: 9, chance: 45Interception: 10 sources:1, final to hit: 35 FIRING SHOT 1: rolled: 94, needed: 35\n',0,1,'',0,'0','0','particle'),(491328,'normal',29038,29057,15,-1,2,1,35,32,3677,'shooter: 3,-5 target: 8,-4 dis: 6, rangePenalty: 12, defence: 16, DEW: 0, BDEW: 0, SDEW: 0, Jammermod: 0, , jink: 0/0, OEW: 5, SOEW: 0, F/C: 0, mod: 0, goal: 9, chance: 45Interception: 10 sources:1, final to hit: 35 FIRING SHOT 1: rolled: 32, needed: 35\n',1,1,'',0,'0','0','particle'),(491329,'normal',29038,29057,19,-1,2,1,35,15,3677,'shooter: 3,-5 target: 8,-4 dis: 6, rangePenalty: 12, defence: 16, DEW: 0, BDEW: 0, SDEW: 0, Jammermod: 0, , jink: 0/0, OEW: 5, SOEW: 0, F/C: 0, mod: 0, goal: 9, chance: 45Interception: 10 sources:1, final to hit: 35 FIRING SHOT 1: rolled: 15, needed: 35\n',1,1,'',0,'0','0','particle'),(491330,'normal',29038,29057,23,-1,2,1,35,53,3677,'shooter: 3,-5 target: 8,-4 dis: 6, rangePenalty: 12, defence: 16, DEW: 0, BDEW: 0, SDEW: 0, Jammermod: 0, , jink: 0/0, OEW: 5, SOEW: 0, F/C: 0, mod: 0, goal: 9, chance: 45Interception: 10 sources:1, final to hit: 35 FIRING SHOT 1: rolled: 53, needed: 35\n',0,1,'',1,'0','0','particle'),(491331,'normal',29041,29057,2,-1,2,1,35,45,3677,'shooter: 3,-5 target: 8,-4 dis: 6, rangePenalty: 12, defence: 16, DEW: 0, BDEW: 0, SDEW: 0, Jammermod: 0, , jink: 0/0, OEW: 5, SOEW: 0, F/C: 0, mod: 0, goal: 9, chance: 45Interception: 10 sources:1, final to hit: 35 FIRING SHOT 1: rolled: 45, needed: 35\n FIRING SHOT 2: rolled: 45, needed: 35\n',0,2,'',2,'0','0','particle'),(491332,'normal',29041,29057,4,-1,2,1,35,48,3677,'shooter: 3,-5 target: 8,-4 dis: 6, rangePenalty: 12, defence: 16, DEW: 0, BDEW: 0, SDEW: 0, Jammermod: 0, , jink: 0/0, OEW: 5, SOEW: 0, F/C: 0, mod: 0, goal: 9, chance: 45Interception: 10 sources:1, final to hit: 35 FIRING SHOT 1: rolled: 48, needed: 35\n FIRING SHOT 2: rolled: 48, needed: 35\n',0,2,'',2,'0','0','particle'),(491333,'normal',29041,29057,6,-1,2,1,35,94,3677,'shooter: 3,-5 target: 8,-4 dis: 6, rangePenalty: 12, defence: 16, DEW: 0, BDEW: 0, SDEW: 0, Jammermod: 0, , jink: 0/0, OEW: 5, SOEW: 0, F/C: 0, mod: 0, goal: 9, chance: 45Interception: 10 sources:1, final to hit: 35 FIRING SHOT 1: rolled: 94, needed: 35\n FIRING SHOT 2: rolled: 94, needed: 35\n',0,2,'',0,'0','0','particle'),(491334,'normal',29041,29057,8,-1,2,1,35,69,3677,'shooter: 3,-5 target: 8,-4 dis: 6, rangePenalty: 12, defence: 16, DEW: 0, BDEW: 0, SDEW: 0, Jammermod: 0, , jink: 0/0, OEW: 5, SOEW: 0, F/C: 0, mod: 0, goal: 9, chance: 45Interception: 10 sources:1, final to hit: 35 FIRING SHOT 1: rolled: 69, needed: 35\n FIRING SHOT 2: rolled: 69, needed: 35\n',0,2,'',2,'0','0','particle'),(491335,'normal',29041,29057,10,-1,2,1,35,44,3677,'shooter: 3,-5 target: 8,-4 dis: 6, rangePenalty: 12, defence: 16, DEW: 0, BDEW: 0, SDEW: 0, Jammermod: 0, , jink: 0/0, OEW: 5, SOEW: 0, F/C: 0, mod: 0, goal: 9, chance: 45Interception: 10 sources:1, final to hit: 35 FIRING SHOT 1: rolled: 44, needed: 35\n FIRING SHOT 2: rolled: 44, needed: 35\n',0,2,'',2,'0','0','particle'),(491336,'normal',29041,29057,12,-1,2,1,35,69,3677,'shooter: 3,-5 target: 8,-4 dis: 6, rangePenalty: 12, defence: 16, DEW: 0, BDEW: 0, SDEW: 0, Jammermod: 0, , jink: 0/0, OEW: 5, SOEW: 0, F/C: 0, mod: 0, goal: 9, chance: 45Interception: 10 sources:1, final to hit: 35 FIRING SHOT 1: rolled: 69, needed: 35\n FIRING SHOT 2: rolled: 69, needed: 35\n',0,2,'',2,'0','0','particle'),(491337,'normal',29042,29057,2,-1,2,1,35,64,3677,'shooter: 4,-5 target: 8,-4 dis: 5, rangePenalty: 10, defence: 16, DEW: 0, BDEW: 0, SDEW: 0, Jammermod: 0, , jink: 2/0, OEW: 5, SOEW: 0, F/C: 0, mod: 0, goal: 9, chance: 45Interception: 10 sources:1, final to hit: 35 FIRING SHOT 1: rolled: 64, needed: 35\n FIRING SHOT 2: rolled: 64, needed: 35\n',0,2,'',2,'0','0','particle'),(491338,'normal',29042,29057,4,-1,2,1,35,20,3677,'shooter: 4,-5 target: 8,-4 dis: 5, rangePenalty: 10, defence: 16, DEW: 0, BDEW: 0, SDEW: 0, Jammermod: 0, , jink: 2/0, OEW: 5, SOEW: 0, F/C: 0, mod: 0, goal: 9, chance: 45Interception: 10 sources:1, final to hit: 35 FIRING SHOT 1: rolled: 20, needed: 35\n FIRING SHOT 2: rolled: 20, needed: 35\n',2,2,'',0,'0','0','particle'),(491339,'normal',29042,29057,6,-1,2,1,35,32,3677,'shooter: 4,-5 target: 8,-4 dis: 5, rangePenalty: 10, defence: 16, DEW: 0, BDEW: 0, SDEW: 0, Jammermod: 0, , jink: 2/0, OEW: 5, SOEW: 0, F/C: 0, mod: 0, goal: 9, chance: 45Interception: 10 sources:1, final to hit: 35 FIRING SHOT 1: rolled: 32, needed: 35\n FIRING SHOT 2: rolled: 32, needed: 35\n',2,2,'',0,'0','0','particle'),(491340,'normal',29042,29057,8,-1,2,1,35,21,3677,'shooter: 4,-5 target: 8,-4 dis: 5, rangePenalty: 10, defence: 16, DEW: 0, BDEW: 0, SDEW: 0, Jammermod: 0, , jink: 2/0, OEW: 5, SOEW: 0, F/C: 0, mod: 0, goal: 9, chance: 45Interception: 10 sources:1, final to hit: 35 FIRING SHOT 1: rolled: 21, needed: 35\n FIRING SHOT 2: rolled: 21, needed: 35\n',2,2,'',0,'0','0','particle'),(491341,'normal',29042,29057,10,-1,2,1,45,58,3677,'shooter: 4,-5 target: 8,-4 dis: 5, rangePenalty: 10, defence: 16, DEW: 0, BDEW: 0, SDEW: 0, Jammermod: 0, , jink: 2/0, OEW: 5, SOEW: 0, F/C: 0, mod: 0, goal: 9, chance: 45Interception: 0 sources:0, final to hit: 45 FIRING SHOT 1: rolled: 58, needed: 45\n FIRING SHOT 2: rolled: 58, needed: 45\n',0,2,'',0,'0','0','particle'),(491342,'normal',29042,29057,12,-1,2,1,45,90,3677,'shooter: 4,-5 target: 8,-4 dis: 5, rangePenalty: 10, defence: 16, DEW: 0, BDEW: 0, SDEW: 0, Jammermod: 0, , jink: 2/0, OEW: 5, SOEW: 0, F/C: 0, mod: 0, goal: 9, chance: 45Interception: 0 sources:0, final to hit: 45 FIRING SHOT 1: rolled: 90, needed: 45\n FIRING SHOT 2: rolled: 90, needed: 45\n',0,2,'',0,'0','0','particle'),(491343,'normal',29057,29037,16,-1,2,1,54,5,3677,'shooter: 8,-4 target: -8,-6 dis: 17, rangePenalty: 4.25, defence: 18, DEW: 9, BDEW: 0, SDEW: 0, Jammermod: 0, , jink: 0/0, OEW: 4, SOEW: 2, F/C: 4, mod: -4, goal: 10.75, chance: 54Interception: 0 sources:0, final to hit: 54 FIRING SHOT 1: rolled: 5, needed: 54\n',1,1,'',0,'0','0','laser'),(491344,'normal',29057,29037,17,-1,2,1,54,51,3677,'shooter: 8,-4 target: -8,-6 dis: 17, rangePenalty: 4.25, defence: 18, DEW: 9, BDEW: 0, SDEW: 0, Jammermod: 0, , jink: 0/0, OEW: 4, SOEW: 2, F/C: 4, mod: -4, goal: 10.75, chance: 54Interception: 0 sources:0, final to hit: 54 FIRING SHOT 1: rolled: 51, needed: 54\n',1,1,'',0,'0','0','laser'),(491345,'normal',29060,29042,10,-1,2,1,30,60,3677,'shooter: 8,-4 target: 4,-5 dis: 5, rangePenalty: 10, defence: 8, DEW: 0, BDEW: 0, SDEW: 0, Jammermod: 0, , jink: 0/2, OEW: 4, SOEW: 0, F/C: 6, mod: 0, goal: 6, chance: 30Interception: 0 sources:0, final to hit: 30 FIRING SHOT 1: rolled: 60, needed: 30\n',0,1,'',0,'0','0','particle'),(491346,'normal',29060,29042,10,-1,2,1,30,82,3677,'shooter: 8,-4 target: 4,-5 dis: 5, rangePenalty: 10, defence: 8, DEW: 0, BDEW: 0, SDEW: 0, Jammermod: 0, , jink: 0/2, OEW: 4, SOEW: 0, F/C: 6, mod: 0, goal: 6, chance: 30Interception: 0 sources:0, final to hit: 30 FIRING SHOT 1: rolled: 82, needed: 30\n',0,1,'',0,'0','0','particle'),(491347,'normal',29060,29042,11,-1,2,1,30,33,3677,'shooter: 8,-4 target: 4,-5 dis: 5, rangePenalty: 10, defence: 8, DEW: 0, BDEW: 0, SDEW: 0, Jammermod: 0, , jink: 0/2, OEW: 4, SOEW: 0, F/C: 6, mod: 0, goal: 6, chance: 30Interception: 0 sources:0, final to hit: 30 FIRING SHOT 1: rolled: 33, needed: 30\n',0,1,'',0,'0','0','particle'),(491348,'normal',29060,29042,11,-1,2,1,30,26,3677,'shooter: 8,-4 target: 4,-5 dis: 5, rangePenalty: 10, defence: 8, DEW: 0, BDEW: 0, SDEW: 0, Jammermod: 0, , jink: 0/2, OEW: 4, SOEW: 0, F/C: 6, mod: 0, goal: 6, chance: 30Interception: 0 sources:0, final to hit: 30 FIRING SHOT 1: rolled: 26, needed: 30\n',1,1,'',0,'0','0','particle'),(491349,'normal',29060,29042,13,-1,2,1,28,33,3677,'shooter: 8,-4 target: 4,-5 dis: 5, rangePenalty: 2.5, defence: 8, DEW: 0, BDEW: 0, SDEW: 0, Jammermod: 0, , jink: 0/2, OEW: 4, SOEW: 0, F/C: -2, mod: 0, goal: 5.5, chance: 28Interception: 0 sources:0, final to hit: 28 FIRING SHOT 1: rolled: 33, needed: 28\n',0,1,'',0,'0','0','matter'),(491350,'intercept',29057,491325,5,-1,2,1,0,0,3677,'',0,1,'',0,'','',''),(491351,'intercept',29057,491326,5,-1,2,1,0,0,3677,'',0,1,'',0,'','',''),(491352,'intercept',29057,491327,6,-1,2,1,0,0,3677,'',0,1,'',0,'','',''),(491353,'intercept',29057,491328,6,-1,2,1,0,0,3677,'',0,1,'',0,'','',''),(491354,'intercept',29057,491329,7,-1,2,1,0,0,3677,'',0,1,'',0,'','',''),(491355,'intercept',29057,491330,7,-1,2,1,0,0,3677,'',0,1,'',0,'','',''),(491356,'intercept',29057,491331,8,-1,2,1,0,0,3677,'',0,1,'',0,'','',''),(491357,'intercept',29057,491332,8,-1,2,1,0,0,3677,'',0,1,'',0,'','',''),(491358,'intercept',29057,491333,18,-1,2,1,0,0,3677,'',0,1,'',0,'','',''),(491359,'intercept',29057,491334,18,-1,2,1,0,0,3677,'',0,1,'',0,'','',''),(491360,'intercept',29057,491335,19,-1,2,1,0,0,3677,'',0,1,'',0,'','',''),(491361,'intercept',29057,491336,19,-1,2,1,0,0,3677,'',0,1,'',0,'','',''),(491362,'intercept',29057,491337,23,-1,2,1,0,0,3677,'',0,1,'',0,'','',''),(491363,'intercept',29057,491338,23,-1,2,1,0,0,3677,'',0,1,'',0,'','',''),(491364,'intercept',29057,491339,24,-1,2,1,0,0,3677,'',0,1,'',0,'','',''),(491365,'intercept',29057,491340,24,-1,2,1,0,0,3677,'',0,1,'',0,'','',''),(491366,'ballistic',29039,29059,9,-1,3,1,0,0,3677,'',0,1,'',0,'null','null','ballistic'),(491367,'ballistic',29039,29059,12,-1,3,1,0,0,3677,'',0,1,'',0,'null','null','ballistic'),(491368,'normal',29066,29079,7,-1,1,1,55,56,3679,'shooter: -12,0 target: 12,0 dis: 24, rangePenalty: 7.92, defence: 16, DEW: 0, BDEW: 0, SDEW: 0, Jammermod: 0, , jink: 0/0, OEW: 6, SOEW: 0, F/C: 4, mod: -4, goal: 14.08, chance: 70Interception: 15 sources:2, final to hit: 55 FIRING SHOT 1: rolled: 56, needed: 55\n',0,1,'',1,'0','0','matter'),(491369,'normal',29066,29079,9,-1,1,1,65,9,3679,'shooter: -12,0 target: 12,0 dis: 24, rangePenalty: 7.92, defence: 16, DEW: 0, BDEW: 0, SDEW: 0, Jammermod: 0, , jink: 0/0, OEW: 6, SOEW: 0, F/C: 3, mod: -4, goal: 13.08, chance: 65Interception: 0 sources:0, final to hit: 65 FIRING SHOT 1: rolled: 9, needed: 65\n',1,1,'',0,'0','0','laser'),(491370,'normal',29066,29079,10,-1,1,1,45,79,3679,'shooter: -12,0 target: 12,0 dis: 24, rangePenalty: 12, defence: 16, DEW: 0, BDEW: 0, SDEW: 0, Jammermod: 0, , jink: 0/0, OEW: 6, SOEW: 0, F/C: 3, mod: -4, goal: 9, chance: 45Interception: 0 sources:0, final to hit: 45 FIRING SHOT 1: rolled: 79, needed: 45\n',0,1,'',0,'0','0','matter'),(491371,'normal',29066,29079,14,-1,1,1,65,32,3679,'shooter: -12,0 target: 12,0 dis: 24, rangePenalty: 7.92, defence: 16, DEW: 0, BDEW: 0, SDEW: 0, Jammermod: 0, , jink: 0/0, OEW: 6, SOEW: 0, F/C: 3, mod: -4, goal: 13.08, chance: 65Interception: 0 sources:0, final to hit: 65 FIRING SHOT 1: rolled: 32, needed: 65\n',1,1,'',0,'0','0','laser'),(491372,'normal',29066,29079,15,-1,1,1,45,64,3679,'shooter: -12,0 target: 12,0 dis: 24, rangePenalty: 12, defence: 16, DEW: 0, BDEW: 0, SDEW: 0, Jammermod: 0, , jink: 0/0, OEW: 6, SOEW: 0, F/C: 3, mod: -4, goal: 9, chance: 45Interception: 0 sources:0, final to hit: 45 FIRING SHOT 1: rolled: 64, needed: 45\n',0,1,'',0,'0','0','matter'),(491373,'normal',29064,29079,6,-1,1,1,65,32,3679,'shooter: -12,0 target: 12,0 dis: 24, rangePenalty: 7.92, defence: 16, DEW: 0, BDEW: 0, SDEW: 0, Jammermod: 0, , jink: 0/0, OEW: 6, SOEW: 0, F/C: 3, mod: -4, goal: 13.08, chance: 65Interception: 0 sources:0, final to hit: 65 FIRING SHOT 1: rolled: 32, needed: 65\n',1,1,'',0,'0','0','laser'),(491374,'normal',29064,29079,7,-1,1,1,65,74,3679,'shooter: -12,0 target: 12,0 dis: 24, rangePenalty: 7.92, defence: 16, DEW: 0, BDEW: 0, SDEW: 0, Jammermod: 0, , jink: 0/0, OEW: 6, SOEW: 0, F/C: 3, mod: -4, goal: 13.08, chance: 65Interception: 0 sources:0, final to hit: 65 FIRING SHOT 1: rolled: 74, needed: 65\n',0,1,'',0,'0','0','laser'),(491375,'normal',29064,29079,8,-1,1,1,65,93,3679,'shooter: -12,0 target: 12,0 dis: 24, rangePenalty: 7.92, defence: 16, DEW: 0, BDEW: 0, SDEW: 0, Jammermod: 0, , jink: 0/0, OEW: 6, SOEW: 0, F/C: 3, mod: -4, goal: 13.08, chance: 65Interception: 0 sources:0, final to hit: 65 FIRING SHOT 1: rolled: 93, needed: 65\n',0,1,'',0,'0','0','laser'),(491376,'normal',29064,29079,11,-1,1,1,65,53,3679,'shooter: -12,0 target: 12,0 dis: 24, rangePenalty: 7.92, defence: 16, DEW: 0, BDEW: 0, SDEW: 0, Jammermod: 0, , jink: 0/0, OEW: 6, SOEW: 0, F/C: 3, mod: -4, goal: 13.08, chance: 65Interception: 0 sources:0, final to hit: 65 FIRING SHOT 1: rolled: 53, needed: 65\n',1,4,'',0,'0','0','laser'),(491377,'normal',29064,29079,15,-1,1,1,65,52,3679,'shooter: -12,0 target: 12,0 dis: 24, rangePenalty: 7.92, defence: 16, DEW: 0, BDEW: 0, SDEW: 0, Jammermod: 0, , jink: 0/0, OEW: 6, SOEW: 0, F/C: 3, mod: -4, goal: 13.08, chance: 65Interception: 0 sources:0, final to hit: 65 FIRING SHOT 1: rolled: 52, needed: 65\n',2,4,'',0,'0','0','laser'),(491378,'normal',29065,29079,7,-1,1,1,44,65,3679,'shooter: -13,0 target: 12,0 dis: 25, rangePenalty: 8.25, defence: 16, DEW: 0, BDEW: 0, SDEW: 0, Jammermod: 0, , jink: 0/0, OEW: 6, SOEW: 0, F/C: 4, mod: -4, goal: 13.75, chance: 69Interception: 25 sources:2, final to hit: 44 FIRING SHOT 1: rolled: 65, needed: 44\n',0,1,'',1,'0','0','matter'),(491379,'normal',29065,29079,9,-1,1,1,64,67,3679,'shooter: -13,0 target: 12,0 dis: 25, rangePenalty: 8.25, defence: 16, DEW: 0, BDEW: 0, SDEW: 0, Jammermod: 0, , jink: 0/0, OEW: 6, SOEW: 0, F/C: 3, mod: -4, goal: 12.75, chance: 64Interception: 0 sources:0, final to hit: 64 FIRING SHOT 1: rolled: 67, needed: 64\n',0,1,'',0,'0','0','laser'),(491380,'normal',29065,29079,10,-1,1,1,43,41,3679,'shooter: -13,0 target: 12,0 dis: 25, rangePenalty: 12.5, defence: 16, DEW: 0, BDEW: 0, SDEW: 0, Jammermod: 0, , jink: 0/0, OEW: 6, SOEW: 0, F/C: 3, mod: -4, goal: 8.5, chance: 43Interception: 0 sources:0, final to hit: 43 FIRING SHOT 1: rolled: 41, needed: 43\n',1,1,'',0,'0','0','matter'),(491381,'normal',29065,29079,14,-1,1,1,64,14,3679,'shooter: -13,0 target: 12,0 dis: 25, rangePenalty: 8.25, defence: 16, DEW: 0, BDEW: 0, SDEW: 0, Jammermod: 0, , jink: 0/0, OEW: 6, SOEW: 0, F/C: 3, mod: -4, goal: 12.75, chance: 64Interception: 0 sources:0, final to hit: 64 FIRING SHOT 1: rolled: 14, needed: 64\n',1,1,'',0,'0','0','laser'),(491382,'normal',29065,29079,15,-1,1,1,43,89,3679,'shooter: -13,0 target: 12,0 dis: 25, rangePenalty: 12.5, defence: 16, DEW: 0, BDEW: 0, SDEW: 0, Jammermod: 0, , jink: 0/0, OEW: 6, SOEW: 0, F/C: 3, mod: -4, goal: 8.5, chance: 43Interception: 0 sources:0, final to hit: 43 FIRING SHOT 1: rolled: 89, needed: 43\n',0,1,'',0,'0','0','matter'),(491383,'normal',29079,29066,8,-1,1,1,90,91,3679,'shooter: 12,0 target: -12,0 dis: 24, rangePenalty: 7.92, defence: 13, DEW: 0, BDEW: 0, SDEW: 0, Jammermod: 0, , jink: 0/0, OEW: 10, SOEW: 0, F/C: 3, mod: 0, goal: 18.08, chance: 90Interception: 0 sources:0, final to hit: 90 FIRING SHOT 1: rolled: 91, needed: 90\n',0,1,'',0,'0','0','laser'),(491384,'normal',29079,29066,9,-1,1,1,90,13,3679,'shooter: 12,0 target: -12,0 dis: 24, rangePenalty: 7.92, defence: 13, DEW: 0, BDEW: 0, SDEW: 0, Jammermod: 0, , jink: 0/0, OEW: 10, SOEW: 0, F/C: 3, mod: 0, goal: 18.08, chance: 90Interception: 0 sources:0, final to hit: 90 FIRING SHOT 1: rolled: 13, needed: 90\n',1,1,'',0,'0','0','laser'),(491385,'normal',29079,29066,10,-1,1,1,65,1,3679,'shooter: 12,0 target: -12,0 dis: 24, rangePenalty: 12, defence: 13, DEW: 0, BDEW: 0, SDEW: 0, Jammermod: 0, , jink: 0/0, OEW: 10, SOEW: 0, F/C: 4, mod: 0, goal: 15, chance: 75Interception: 10 sources:1, final to hit: 65 FIRING SHOT 1: rolled: 1, needed: 65\n',5,6,'',0,'0','0','particle'),(491386,'normal',29079,29066,11,-1,1,1,65,65,3679,'shooter: 12,0 target: -12,0 dis: 24, rangePenalty: 12, defence: 13, DEW: 0, BDEW: 0, SDEW: 0, Jammermod: 0, , jink: 0/0, OEW: 10, SOEW: 0, F/C: 4, mod: 0, goal: 15, chance: 75Interception: 10 sources:1, final to hit: 65 FIRING SHOT 1: rolled: 65, needed: 65\n',5,6,'',0,'0','0','particle'),(491387,'intercept',29066,491385,11,-1,1,1,0,0,3679,'',0,1,'',0,'','',''),(491388,'intercept',29066,491386,16,-1,1,1,0,0,3679,'',0,1,'',0,'','',''),(491389,'intercept',29079,491378,12,-1,1,1,0,0,3679,'',0,1,'',0,'','',''),(491390,'intercept',29079,491368,24,-1,1,1,0,0,3679,'',0,1,'',0,'','',''),(491391,'intercept',29079,491378,31,-1,1,1,0,0,3679,'',0,1,'',0,'','',''),(491392,'intercept',29079,491368,32,-1,1,1,0,0,3679,'',0,1,'',0,'','','');
/*!40000 ALTER TABLE `tac_fireorder` ENABLE KEYS */;
UNLOCK TABLES;

--
-- Table structure for table `tac_flightsize`
--

DROP TABLE IF EXISTS `tac_flightsize`;
/*!40101 SET @saved_cs_client     = @@character_set_client */;
/*!40101 SET character_set_client = utf8 */;
CREATE TABLE `tac_flightsize` (
  `entry` int(11) NOT NULL AUTO_INCREMENT,
  `gameid` int(11) DEFAULT NULL,
  `shipid` int(11) DEFAULT NULL,
  `flightsize` int(11) DEFAULT NULL,
  PRIMARY KEY (`entry`)
) ENGINE=InnoDB AUTO_INCREMENT=2606 DEFAULT CHARSET=utf8;
/*!40101 SET character_set_client = @saved_cs_client */;

--
-- Dumping data for table `tac_flightsize`
--

LOCK TABLES `tac_flightsize` WRITE;
/*!40000 ALTER TABLE `tac_flightsize` DISABLE KEYS */;
INSERT INTO `tac_flightsize` VALUES (2536,3671,28913,6),(2537,3671,28914,6),(2538,3671,28918,3),(2539,3671,28920,6),(2540,3671,28922,6),(2541,3672,28929,6),(2542,3672,28930,6),(2543,3672,28931,6),(2544,3672,28932,3),(2545,3672,28934,1),(2546,3672,28935,6),(2547,3672,28936,6),(2548,3672,28938,1),(2549,3672,28939,1),(2550,3672,28940,1),(2551,3672,28941,6),(2552,3672,28942,6),(2553,3672,28944,1),(2554,3672,28945,6),(2555,3672,28946,6),(2556,3673,28952,6),(2557,3673,28953,3),(2558,3673,28959,6),(2559,3673,28960,6),(2560,3673,28961,6),(2561,3673,28962,6),(2562,3674,28970,6),(2563,3674,28971,6),(2564,3674,28972,6),(2565,3674,28973,6),(2566,3674,28979,6),(2567,3674,28980,6),(2568,3674,28983,6),(2569,3674,28988,6),(2570,3674,28989,6),(2571,3674,28990,6),(2572,3674,28991,6),(2573,3674,28992,9),(2574,3675,29008,6),(2575,3675,29009,6),(2576,3675,29010,6),(2577,3675,29011,6),(2578,3675,29019,6),(2579,3675,29020,6),(2580,3675,29021,6),(2581,3675,29022,3),(2582,3676,29024,6),(2583,3676,29029,3),(2584,3676,29033,6),(2585,3676,29034,6),(2586,3676,29036,6),(2587,3677,29038,6),(2588,3677,29041,6),(2589,3677,29042,6),(2590,3678,29047,6),(2591,3678,29049,3),(2592,3678,29054,6),(2593,3678,29055,6),(2594,3678,29056,3),(2595,3677,29058,6),(2596,3677,29062,6),(2597,3679,29070,6),(2598,3679,29071,6),(2599,3679,29072,6),(2600,3680,29077,6),(2601,3680,29078,6),(2602,3679,29080,6),(2603,3679,29081,6),(2604,3680,29089,6),(2605,3680,29091,6);
/*!40000 ALTER TABLE `tac_flightsize` ENABLE KEYS */;
UNLOCK TABLES;

--
-- Table structure for table `tac_game`
--

DROP TABLE IF EXISTS `tac_game`;
/*!40101 SET @saved_cs_client     = @@character_set_client */;
/*!40101 SET character_set_client = utf8 */;
CREATE TABLE `tac_game` (
  `id` int(11) NOT NULL AUTO_INCREMENT,
  `name` text,
  `turn` int(11) DEFAULT NULL,
  `phase` int(11) DEFAULT NULL,
  `activeship` int(11) DEFAULT NULL,
  `background` varchar(200) DEFAULT NULL,
  `points` int(6) DEFAULT '1000',
  `status` varchar(45) NOT NULL DEFAULT 'LOBBY',
  `slots` int(11) NOT NULL DEFAULT '2',
  `creator` int(11) DEFAULT NULL,
  `submitLock` datetime DEFAULT NULL,
  `gamespace` varchar(45) DEFAULT NULL,
  PRIMARY KEY (`id`)
) ENGINE=InnoDB AUTO_INCREMENT=3681 DEFAULT CHARSET=utf8;
/*!40101 SET character_set_client = @saved_cs_client */;

--
-- Dumping data for table `tac_game`
--

LOCK TABLES `tac_game` WRITE;
/*!40000 ALTER TABLE `tac_game` DISABLE KEYS */;
INSERT INTO `tac_game` VALUES (3676,'Z\\\'s mobile test',1,2,29031,'intothefieryvoid.jpg',0,'ACTIVE',2,39,NULL,'-1x-1'),(3677,'EA test Fred 3,5k',3,2,29040,'Earth.jpg',0,'ACTIVE',2,7,NULL,'-1x-1'),(3678,'Testing',1,1,-1,'Earth.jpg',0,'ACTIVE',2,165,NULL,'-1x-1'),(3679,'Test 2  Some other race :)',2,1,-1,'Space_green2.jpg',0,'ACTIVE',2,7,NULL,'-1x-1'),(3680,'Lets Test This!',1,3,-1,'bluespace3.jpg',0,'ACTIVE',2,138,NULL,'42x30');
/*!40000 ALTER TABLE `tac_game` ENABLE KEYS */;
UNLOCK TABLES;

--
-- Table structure for table `tac_iniative`
--

DROP TABLE IF EXISTS `tac_iniative`;
/*!40101 SET @saved_cs_client     = @@character_set_client */;
/*!40101 SET character_set_client = utf8 */;
CREATE TABLE `tac_iniative` (
  `gameid` int(11) NOT NULL,
  `shipid` int(11) NOT NULL,
  `turn` int(11) NOT NULL,
  `iniative` int(11) DEFAULT NULL,
  PRIMARY KEY (`gameid`,`turn`,`shipid`)
) ENGINE=InnoDB DEFAULT CHARSET=utf8;
/*!40101 SET character_set_client = @saved_cs_client */;

--
-- Dumping data for table `tac_iniative`
--

LOCK TABLES `tac_iniative` WRITE;
/*!40000 ALTER TABLE `tac_iniative` DISABLE KEYS */;
INSERT INTO `tac_iniative` VALUES (3676,29023,1,29),(3676,29024,1,64),(3676,29025,1,-6),(3676,29026,1,-2),(3676,29027,1,-9),(3676,29028,1,23),(3676,29029,1,54),(3676,29030,1,9),(3676,29031,1,27),(3676,29032,1,28),(3676,29033,1,82),(3676,29034,1,106),(3676,29035,1,-32),(3676,29036,1,59),(3677,29037,1,-25),(3677,29038,1,69),(3677,29039,1,109),(3677,29040,1,25),(3677,29041,1,117),(3677,29042,1,99),(3677,29057,1,2),(3677,29058,1,87),(3677,29059,1,11),(3677,29060,1,71),(3677,29061,1,6),(3677,29062,1,81),(3677,29063,1,-3),(3677,29037,2,55),(3677,29038,2,114),(3677,29039,2,112),(3677,29040,2,101),(3677,29041,2,179),(3677,29042,2,179),(3677,29057,2,43),(3677,29058,2,166),(3677,29059,2,102),(3677,29060,2,152),(3677,29061,2,66),(3677,29062,2,163),(3677,29063,2,107),(3677,29037,3,20),(3677,29038,3,156),(3677,29039,3,105),(3677,29040,3,124),(3677,29041,3,85),(3677,29042,3,113),(3677,29057,3,65),(3677,29058,3,133),(3677,29059,3,109),(3677,29060,3,112),(3677,29061,3,114),(3677,29062,3,154),(3677,29063,3,95),(3678,29043,1,79),(3678,29044,1,32),(3678,29045,1,68),(3678,29046,1,16),(3678,29047,1,127),(3678,29048,1,53),(3678,29049,1,62),(3678,29050,1,-6),(3678,29051,1,18),(3678,29052,1,-2),(3678,29053,1,36),(3678,29054,1,92),(3678,29055,1,130),(3678,29056,1,128),(3679,29064,1,46),(3679,29065,1,74),(3679,29066,1,21),(3679,29067,1,112),(3679,29068,1,29),(3679,29069,1,3),(3679,29070,1,107),(3679,29071,1,90),(3679,29072,1,114),(3679,29079,1,33),(3679,29080,1,59),(3679,29081,1,90),(3679,29082,1,80),(3679,29083,1,1),(3679,29084,1,21),(3679,29064,2,94),(3679,29065,2,67),(3679,29066,2,120),(3679,29067,2,109),(3679,29068,2,82),(3679,29069,2,73),(3679,29070,2,94),(3679,29071,2,151),(3679,29072,2,201),(3679,29079,2,94),(3679,29080,2,145),(3679,29081,2,179),(3679,29082,2,37),(3679,29083,2,110),(3679,29084,2,86),(3680,29073,1,-15),(3680,29074,1,12),(3680,29075,1,29),(3680,29076,1,56),(3680,29077,1,57),(3680,29078,1,55),(3680,29085,1,16),(3680,29086,1,42),(3680,29087,1,38),(3680,29088,1,28),(3680,29089,1,79),(3680,29090,1,1),(3680,29091,1,66);
/*!40000 ALTER TABLE `tac_iniative` ENABLE KEYS */;
UNLOCK TABLES;

--
-- Table structure for table `tac_playeringame`
--

DROP TABLE IF EXISTS `tac_playeringame`;
/*!40101 SET @saved_cs_client     = @@character_set_client */;
/*!40101 SET character_set_client = utf8 */;
CREATE TABLE `tac_playeringame` (
  `gameid` int(11) NOT NULL,
  `slot` int(11) NOT NULL DEFAULT '0',
  `playerid` int(11) DEFAULT NULL,
  `teamid` int(11) DEFAULT '0',
  `lastturn` int(11) DEFAULT '0',
  `lastphase` int(11) DEFAULT '0',
  `lastactivity` datetime NOT NULL DEFAULT '0000-00-00 00:00:00',
  `submitLock` datetime DEFAULT NULL,
  `name` varchar(200) DEFAULT NULL,
  `points` int(11) DEFAULT NULL,
  `depx` decimal(10,0) DEFAULT NULL,
  `depy` decimal(10,0) DEFAULT NULL,
  `deptype` varchar(45) DEFAULT NULL,
  `depwidth` int(11) DEFAULT NULL,
  `depheight` int(11) DEFAULT NULL,
  `depavailable` int(11) DEFAULT NULL,
  PRIMARY KEY (`gameid`,`slot`)
) ENGINE=InnoDB DEFAULT CHARSET=utf8;
/*!40101 SET character_set_client = @saved_cs_client */;

--
-- Dumping data for table `tac_playeringame`
--

LOCK TABLES `tac_playeringame` WRITE;
/*!40000 ALTER TABLE `tac_playeringame` DISABLE KEYS */;
INSERT INTO `tac_playeringame` VALUES (3676,1,39,1,1,1,'2018-06-11 02:22:53',NULL,'BLUE',3500,-21,0,'box',10,30,0),(3676,2,211,2,1,1,'2018-06-11 10:00:30',NULL,'RED',3500,21,0,'box',10,30,0),(3677,1,7,1,3,1,'2018-06-12 16:43:20',NULL,'ea',3500,-21,0,'box',10,30,0),(3677,2,212,2,3,1,'2018-06-13 09:00:12',NULL,'RED',3500,21,0,'box',10,30,0),(3678,1,165,1,1,-1,'2018-06-11 09:54:55',NULL,'BLUE',3500,-21,0,'box',10,30,0),(3678,2,164,2,1,-1,'2018-06-11 09:58:51',NULL,'RED',3500,21,0,'box',10,30,0),(3679,1,7,1,2,1,'2018-06-13 07:12:55',NULL,'BLUE',3500,-21,0,'box',10,30,0),(3679,2,138,2,1,3,'2018-06-12 23:07:08',NULL,'RED',3500,21,0,'box',10,30,0),(3680,1,138,1,1,1,'2018-06-11 18:56:22',NULL,'Mine',3500,-19,0,'box',5,30,0),(3680,2,7,2,1,3,'2018-06-12 18:08:44',NULL,'Yours',3500,18,0,'box',5,30,0);
/*!40000 ALTER TABLE `tac_playeringame` ENABLE KEYS */;
UNLOCK TABLES;

--
-- Table structure for table `tac_power`
--

DROP TABLE IF EXISTS `tac_power`;
/*!40101 SET @saved_cs_client     = @@character_set_client */;
/*!40101 SET character_set_client = utf8 */;
CREATE TABLE `tac_power` (
  `id` int(11) NOT NULL AUTO_INCREMENT,
  `shipid` int(11) NOT NULL,
  `gameid` int(11) NOT NULL,
  `systemid` int(11) NOT NULL,
  `type` int(11) NOT NULL,
  `turn` int(11) NOT NULL,
  `amount` int(11) NOT NULL DEFAULT '0',
  PRIMARY KEY (`id`),
  KEY `gameid` (`gameid`),
  KEY `shipid` (`shipid`)
) ENGINE=InnoDB AUTO_INCREMENT=153582 DEFAULT CHARSET=utf8;
/*!40101 SET character_set_client = @saved_cs_client */;

--
-- Dumping data for table `tac_power`
--

LOCK TABLES `tac_power` WRITE;
/*!40000 ALTER TABLE `tac_power` DISABLE KEYS */;
INSERT INTO `tac_power` VALUES (153415,29027,3676,2,2,1,1),(153416,29027,3676,11,1,1,0),(153417,29025,3676,2,2,1,1),(153418,29025,3676,5,1,1,0),(153419,29025,3676,6,1,1,0),(153420,29025,3676,7,1,1,0),(153421,29025,3676,8,1,1,0),(153422,29025,3676,19,1,1,0),(153423,29026,3676,2,2,1,1),(153424,29026,3676,11,1,1,0),(153425,29030,3676,2,2,1,1),(153426,29030,3676,11,1,1,0),(153427,29023,3676,2,2,1,1),(153428,29023,3676,5,1,1,0),(153429,29023,3676,6,1,1,0),(153430,29023,3676,7,1,1,0),(153431,29023,3676,8,1,1,0),(153432,29023,3676,19,1,1,0),(153433,29023,3676,24,1,1,0),(153434,29035,3676,2,2,1,2),(153435,29035,3676,10,1,1,0),(153436,29035,3676,11,1,1,0),(153437,29035,3676,12,1,1,0),(153438,29035,3676,13,1,1,0),(153439,29035,3676,14,1,1,0),(153440,29035,3676,15,1,1,0),(153441,29035,3676,19,1,1,0),(153442,29035,3676,22,1,1,0),(153443,29031,3676,2,2,1,2),(153444,29031,3676,7,1,1,0),(153445,29031,3676,14,1,1,0),(153446,29031,3676,15,1,1,0),(153447,29031,3676,16,1,1,0),(153448,29031,3676,17,1,1,0),(153449,29032,3676,2,2,1,1),(153450,29032,3676,16,1,1,0),(153451,29032,3676,17,1,1,0),(153452,29032,3676,18,1,1,0),(153453,29032,3676,19,1,1,0),(153454,29037,3677,2,2,1,2),(153455,29037,3677,9,3,1,0),(153456,29037,3677,18,1,1,0),(153457,29037,3677,19,1,1,0),(153458,29037,3677,21,1,1,0),(153459,29037,3677,23,1,1,0),(153460,29037,3677,24,1,1,0),(153461,29037,3677,25,1,1,0),(153462,29037,3677,26,1,1,0),(153463,29037,3677,27,1,1,0),(153464,29037,3677,28,1,1,0),(153465,29037,3677,31,1,1,0),(153466,29037,3677,32,1,1,0),(153467,29037,3677,33,1,1,0),(153468,29037,3677,34,1,1,0),(153469,29037,3677,35,1,1,0),(153470,29037,3677,36,1,1,0),(153471,29040,3677,2,2,1,2),(153472,29040,3677,7,1,1,0),(153473,29040,3677,8,1,1,0),(153474,29040,3677,9,1,1,0),(153475,29040,3677,10,1,1,0),(153476,29040,3677,23,1,1,0),(153477,29040,3677,24,1,1,0),(153478,29040,3677,25,1,1,0),(153479,29040,3677,26,1,1,0),(153480,29069,3679,2,2,1,1),(153481,29069,3679,8,1,1,0),(153482,29069,3679,9,1,1,0),(153483,29069,3679,10,1,1,0),(153484,29069,3679,11,1,1,0),(153485,29069,3679,15,1,1,0),(153486,29069,3679,16,1,1,0),(153487,29069,3679,19,1,1,0),(153488,29069,3679,20,1,1,0),(153489,29079,3679,2,2,1,2),(153490,29079,3679,13,1,1,0),(153491,29079,3679,20,1,1,0),(153492,29079,3679,21,1,1,0),(153493,29079,3679,23,1,1,0),(153494,29079,3679,25,1,1,0),(153495,29079,3679,26,1,1,0),(153496,29079,3679,27,1,1,0),(153497,29079,3679,28,1,1,0),(153498,29079,3679,29,1,1,0),(153499,29079,3679,33,1,1,0),(153500,29079,3679,34,1,1,0),(153501,29079,3679,35,1,1,0),(153502,29079,3679,36,1,1,0),(153503,29079,3679,37,1,1,0),(153504,29073,3680,2,2,1,1),(153505,29073,3680,12,1,1,0),(153506,29073,3680,13,1,1,0),(153507,29073,3680,14,1,1,0),(153508,29073,3680,15,1,1,0),(153509,29073,3680,20,1,1,0),(153510,29074,3680,2,2,1,1),(153511,29074,3680,12,1,1,0),(153512,29074,3680,13,1,1,0),(153513,29074,3680,14,1,1,0),(153514,29074,3680,15,1,1,0),(153515,29074,3680,19,1,1,0),(153516,29075,3680,2,2,1,1),(153517,29075,3680,12,1,1,0),(153518,29075,3680,13,1,1,0),(153519,29075,3680,14,1,1,0),(153520,29075,3680,15,1,1,0),(153521,29075,3680,19,1,1,0),(153522,29037,3677,2,2,2,2),(153523,29037,3677,9,3,2,0),(153524,29037,3677,18,1,2,0),(153525,29037,3677,19,1,2,0),(153526,29037,3677,21,1,2,0),(153527,29037,3677,23,1,2,0),(153528,29037,3677,24,1,2,0),(153529,29037,3677,25,1,2,0),(153530,29037,3677,26,1,2,0),(153531,29037,3677,27,1,2,0),(153532,29037,3677,28,1,2,0),(153533,29037,3677,31,1,2,0),(153534,29037,3677,32,1,2,0),(153535,29037,3677,33,1,2,0),(153536,29037,3677,34,1,2,0),(153537,29037,3677,35,1,2,0),(153538,29037,3677,36,1,2,0),(153539,29040,3677,2,2,2,2),(153540,29040,3677,7,1,2,0),(153541,29040,3677,8,1,2,0),(153542,29040,3677,9,1,2,0),(153543,29040,3677,10,1,2,0),(153544,29040,3677,23,1,2,0),(153545,29040,3677,24,1,2,0),(153546,29040,3677,25,1,2,0),(153547,29040,3677,26,1,2,0),(153548,29037,3677,2,2,3,2),(153549,29037,3677,9,3,3,0),(153550,29037,3677,18,1,3,0),(153551,29037,3677,19,1,3,0),(153552,29037,3677,21,1,3,0),(153553,29037,3677,23,1,3,0),(153554,29037,3677,24,1,3,0),(153555,29037,3677,25,1,3,0),(153556,29037,3677,26,1,3,0),(153557,29037,3677,28,1,3,0),(153558,29037,3677,31,1,3,0),(153559,29037,3677,32,1,3,0),(153560,29037,3677,33,1,3,0),(153561,29037,3677,34,1,3,0),(153562,29037,3677,35,1,3,0),(153563,29037,3677,36,1,3,0),(153564,29040,3677,2,2,3,2),(153565,29040,3677,7,1,3,0),(153566,29040,3677,8,1,3,0),(153567,29040,3677,9,1,3,0),(153568,29040,3677,10,1,3,0),(153569,29040,3677,23,1,3,0),(153570,29040,3677,24,1,3,0),(153571,29040,3677,25,1,3,0),(153572,29040,3677,26,1,3,0),(153573,29069,3679,2,2,2,1),(153574,29069,3679,8,1,2,0),(153575,29069,3679,9,1,2,0),(153576,29069,3679,10,1,2,0),(153577,29069,3679,11,1,2,0),(153578,29069,3679,15,1,2,0),(153579,29069,3679,16,1,2,0),(153580,29069,3679,19,1,2,0),(153581,29069,3679,20,1,2,0);
/*!40000 ALTER TABLE `tac_power` ENABLE KEYS */;
UNLOCK TABLES;

--
-- Table structure for table `tac_ship`
--

DROP TABLE IF EXISTS `tac_ship`;
/*!40101 SET @saved_cs_client     = @@character_set_client */;
/*!40101 SET character_set_client = utf8 */;
CREATE TABLE `tac_ship` (
  `id` int(11) NOT NULL AUTO_INCREMENT,
  `playerid` int(11) NOT NULL,
  `tacgameid` int(11) NOT NULL,
  `name` varchar(200) NOT NULL,
  `phpclass` varchar(45) NOT NULL,
  `rolling` tinyint(1) NOT NULL DEFAULT '0',
  `rolled` tinyint(1) NOT NULL DEFAULT '0',
  `campaignX` int(11) DEFAULT NULL,
  `campaignY` int(11) DEFAULT NULL,
  `campaigngameid` int(11) DEFAULT NULL,
  `slot` int(11) NOT NULL DEFAULT '0',
  PRIMARY KEY (`id`),
  KEY `gameid` (`tacgameid`)
) ENGINE=InnoDB AUTO_INCREMENT=29092 DEFAULT CHARSET=utf8;
/*!40101 SET character_set_client = @saved_cs_client */;

--
-- Dumping data for table `tac_ship`
--

LOCK TABLES `tac_ship` WRITE;
/*!40000 ALTER TABLE `tac_ship` DISABLE KEYS */;
INSERT INTO `tac_ship` VALUES (29023,39,3676,'Octavian','Primus',0,0,0,0,0,1),(29024,39,3676,'Octavian 1','Sentri',0,0,0,0,0,1),(29025,39,3676,'Praetorian','Centurion',0,0,0,0,0,1),(29026,39,3676,'Phobos','Vorchan',0,0,0,0,0,1),(29027,39,3676,'Deimos','Vorchan',0,0,0,0,0,1),(29028,39,3676,'Ptolomy','Maximus',0,0,0,0,0,1),(29029,39,3676,'Octavian 2','Sentri',0,0,0,0,0,1),(29030,39,3676,'Mars','Vorchan',0,0,0,0,0,1),(29031,211,3676,'Big Papa','Bintak',0,0,0,0,0,2),(29032,211,3676,'Brave Uncle','Rongoth',0,0,0,0,0,2),(29033,211,3676,'Youngest Daughter ','Frazi',0,0,0,0,0,2),(29034,211,3676,'Newborn Baby','Frazi',0,0,0,0,0,2),(29035,211,3676,'Overworked Mama','Gstor',0,0,0,0,0,2),(29036,211,3676,'Hasty Son','Frazi',0,0,0,0,0,2),(29037,7,3677,'CRN Vasilli','Omega',0,0,0,0,0,1),(29038,7,3677,'flight 1','ThunderboltStarfury',0,0,0,0,0,1),(29039,7,3677,'Little Flinger','TethysMissile',0,0,0,0,0,1),(29040,7,3677,'CRN sidekick','Cronos',0,0,0,0,0,1),(29041,7,3677,'flight 2','AuroraStarfury',0,0,0,0,0,1),(29042,7,3677,'Nameless','AuroraStarfury',0,0,0,0,0,1),(29043,164,3678,'Jashakar 1','Jashakar',0,0,0,0,0,2),(29044,164,3678,'Ochlavita 1','Ochlavita',0,0,0,0,0,2),(29045,164,3678,'Ochlavita 2 M','OchlavitaM',0,0,0,0,0,2),(29046,164,3678,'Mishakur','Mishakur',0,0,0,0,0,2),(29047,164,3678,'Thorun 1','Thorun',0,0,0,0,0,2),(29048,164,3678,'Protra','ProtraI',0,0,0,0,0,2),(29049,164,3678,'Nameless','Thorun',0,0,0,0,0,2),(29050,165,3678,'Brokados','Brokados',0,0,0,0,0,1),(29051,165,3678,'Ikorta 1','Ikorta',0,0,0,0,0,1),(29052,165,3678,'Ikorta 2','Ikorta',0,0,0,0,0,1),(29053,165,3678,'Tashkaton','zzunoffTashkaton',0,0,0,0,0,1),(29054,165,3678,'Pikitos','Pikitos',0,0,0,0,0,1),(29055,165,3678,'Falkosi 1','Falkosi',0,0,0,0,0,1),(29056,165,3678,'Falkosi 2','Falkosi',0,0,0,0,0,1),(29057,212,3677,'Honour of Miltrade','Primus',0,0,0,0,0,2),(29058,212,3677,'Red','Sentri',0,0,0,0,0,2),(29059,212,3677,'Blade','Mograth',0,0,0,0,0,2),(29060,212,3677,'Dagger','Mograth',0,0,0,0,0,2),(29061,212,3677,'Insight of Miltrade','Covran',0,0,0,0,0,2),(29062,212,3677,'Green','Sentri',0,0,0,0,0,2),(29063,212,3677,'Shield','Sulust',0,0,0,0,0,2),(29064,7,3679,'Main honcho','wlcChlonasTraVoraCL2240',0,0,0,0,0,1),(29065,7,3679,'side A','wlcChlonasEsKashiDD2245',0,0,0,0,0,1),(29066,7,3679,'side B','wlcChlonasEsKashiDD2245',0,0,0,0,0,1),(29067,7,3679,'tiny1','wlcChlonasLoFahraFFA',0,0,0,0,0,1),(29068,7,3679,'tiny2','wlcChlonasLoFahraFFA',0,0,0,0,0,1),(29069,7,3679,'Eye','wlcChlonasForVoraScout',0,0,0,0,0,1),(29070,7,3679,'1','wlcChlonasVesTek',0,0,0,0,0,1),(29071,7,3679,'2','wlcChlonasSaTrevanFlight',0,0,0,0,0,1),(29072,7,3679,'3','wlcChlonasLerTarFlight',0,0,0,0,0,1),(29073,138,3680,'HMCS Edmonton','Gquonth',0,0,0,0,0,1),(29074,138,3680,'HMCS Calgary','Gquan',0,0,0,0,0,1),(29075,138,3680,'HMCS Red Deer','Gquan',0,0,0,0,0,1),(29076,138,3680,'HMCS Hinton','Dagkar',0,0,0,0,0,1),(29077,138,3680,'Alpha','Frazi',0,0,0,0,0,1),(29078,138,3680,'Beta','Frazi',0,0,0,0,0,1),(29079,138,3679,'HMCS Edmonton','Omega',0,0,0,0,0,2),(29080,138,3679,'Alpha','AuroraStarfury',0,0,0,0,0,2),(29081,138,3679,'Beta','AuroraStarfury',0,0,0,0,0,2),(29082,138,3679,'Claw','ArtemisBeta',0,0,0,0,0,2),(29083,138,3679,'Talon','Olympus',0,0,0,0,0,2),(29084,138,3679,'Kappa','ArtemisBeta',0,0,0,0,0,2),(29085,7,3680,'Jink','ErlorraPods',0,0,0,0,0,2),(29086,7,3680,'FLinger alpha','govall',0,0,0,0,0,2),(29087,7,3680,'Brawler 1','Allovan',0,0,0,0,0,2),(29088,7,3680,'Brawler 2','Allovan',0,0,0,0,0,2),(29089,7,3680,'1','ftrLellatB',0,0,0,0,0,2),(29090,7,3680,'Flinger 2','govall',0,0,0,0,0,2),(29091,7,3680,'Shuttle squad','ftrLeteerumAS',0,0,0,0,0,2);
/*!40000 ALTER TABLE `tac_ship` ENABLE KEYS */;
UNLOCK TABLES;

--
-- Table structure for table `tac_shipmovement`
--

DROP TABLE IF EXISTS `tac_shipmovement`;
/*!40101 SET @saved_cs_client     = @@character_set_client */;
/*!40101 SET character_set_client = utf8 */;
CREATE TABLE `tac_shipmovement` (
  `id` int(11) NOT NULL AUTO_INCREMENT,
  `shipid` int(11) NOT NULL,
  `gameid` int(11) NOT NULL DEFAULT '0',
  `type` varchar(45) DEFAULT NULL,
  `x` int(11) DEFAULT NULL,
  `y` int(11) DEFAULT NULL,
  `xOffset` int(11) NOT NULL DEFAULT '0',
  `yOffset` int(11) NOT NULL DEFAULT '0',
  `speed` int(11) DEFAULT NULL,
  `heading` int(11) DEFAULT NULL,
  `facing` int(11) DEFAULT NULL,
  `preturn` int(11) DEFAULT NULL,
  `requiredthrust` text,
  `assignedthrust` text,
  `turn` int(11) NOT NULL DEFAULT '1',
  `value` varchar(100) NOT NULL DEFAULT '0',
  `at_initiative` int(11) DEFAULT NULL,
  PRIMARY KEY (`id`,`shipid`,`gameid`),
  KEY `gameid` (`gameid`)
) ENGINE=InnoDB AUTO_INCREMENT=1341663 DEFAULT CHARSET=utf8;
/*!40101 SET character_set_client = @saved_cs_client */;

--
-- Dumping data for table `tac_shipmovement`
--

LOCK TABLES `tac_shipmovement` WRITE;
/*!40000 ALTER TABLE `tac_shipmovement` DISABLE KEYS */;
INSERT INTO `tac_shipmovement` VALUES (1340896,29023,3676,'start',-30,0,0,0,5,0,0,1,'[0,0,0,0,0]','[]',1,'0',0),(1340897,29031,3676,'start',30,0,0,0,5,3,3,1,'[0,0,0,0,0]','[]',1,'0',0),(1340898,29035,3676,'start',30,1,0,0,5,3,3,1,'[0,0,0,0,0]','[]',1,'0',0),(1340899,29025,3676,'start',-30,1,0,0,5,0,0,1,'[0,0,0,0,0]','[]',1,'0',0),(1340900,29026,3676,'start',-30,-1,0,0,5,0,0,1,'[0,0,0,0,0]','[]',1,'0',0),(1340901,29027,3676,'start',-30,2,0,0,5,0,0,1,'[0,0,0,0,0]','[]',1,'0',0),(1340902,29030,3676,'start',-30,-2,0,0,5,0,0,1,'[0,0,0,0,0]','[]',1,'0',0),(1340903,29032,3676,'start',30,-1,0,0,5,3,3,1,'[0,0,0,0,0]','[]',1,'0',0),(1340904,29028,3676,'start',-30,3,0,0,5,0,0,1,'[0,0,0,0,0]','[]',1,'0',0),(1340905,29033,3676,'start',30,2,0,0,5,3,3,1,'[0,0,0,0,0]','[]',1,'0',0),(1340906,29034,3676,'start',30,-2,0,0,5,3,3,1,'[0,0,0,0,0]','[]',1,'0',0),(1340907,29036,3676,'start',30,3,0,0,5,3,3,1,'[0,0,0,0,0]','[]',1,'0',0),(1340908,29024,3676,'start',-30,-3,0,0,5,0,0,1,'[0,0,0,0,0]','[]',1,'0',0),(1340909,29029,3676,'start',-30,4,0,0,5,0,0,1,'[0,0,0,0,0]','[]',1,'0',0),(1340910,29035,3676,'deploy',19,8,0,0,5,3,3,0,'[null,null,null,null,null]','[]',1,'0',1),(1340911,29031,3676,'deploy',21,5,0,0,5,3,3,0,'[null,null,null,null,null]','[]',1,'0',7),(1340912,29032,3676,'deploy',18,4,0,0,5,3,3,0,'[null,null,null,null,null]','[]',1,'0',8),(1340913,29036,3676,'deploy',19,5,0,0,5,3,3,0,'[null,null,null,null,null]','[]',1,'0',11),(1340914,29033,3676,'deploy',19,6,0,0,5,3,3,0,'[null,null,null,null,null]','[]',1,'0',13),(1340915,29034,3676,'deploy',18,8,0,0,5,3,3,0,'[null,null,null,null,null]','[]',1,'0',14),(1340916,29027,3676,'deploy',-16,1,0,0,5,0,0,0,'[null,null,null,null,null]','[]',1,'0',2),(1340917,29025,3676,'deploy',-18,1,0,0,5,0,0,0,'[null,null,null,null,null]','[]',1,'0',3),(1340918,29026,3676,'deploy',-17,0,0,0,5,0,0,0,'[null,null,null,null,null]','[]',1,'0',4),(1340919,29030,3676,'deploy',-17,2,0,0,5,0,0,0,'[null,null,null,null,null]','[]',1,'0',5),(1340920,29028,3676,'deploy',-19,1,0,0,5,0,0,0,'[null,null,null,null,null]','[]',1,'0',6),(1340921,29023,3676,'deploy',-20,1,0,0,5,0,0,0,'[null,null,null,null,null]','[]',1,'0',9),(1340922,29029,3676,'deploy',-20,0,0,0,5,0,0,0,'[null,null,null,null,null]','[]',1,'0',10),(1340923,29024,3676,'deploy',-20,2,0,0,5,0,0,0,'[null,null,null,null,null]','[]',1,'0',12),(1340924,29046,3678,'start',30,0,0,0,5,3,3,1,'[0,0,0,0,0]','[]',1,'0',0),(1340925,29050,3678,'start',-30,0,0,0,5,0,0,1,'[0,0,0,0,0]','[]',1,'0',0),(1340926,29048,3678,'start',30,1,0,0,5,3,3,1,'[0,0,0,0,0]','[]',1,'0',0),(1340927,29053,3678,'start',-30,1,0,0,5,0,0,1,'[0,0,0,0,0]','[]',1,'0',0),(1340928,29051,3678,'start',-30,-1,0,0,5,0,0,1,'[0,0,0,0,0]','[]',1,'0',0),(1340929,29052,3678,'start',-30,2,0,0,5,0,0,1,'[0,0,0,0,0]','[]',1,'0',0),(1340930,29044,3678,'start',30,-1,0,0,5,3,3,1,'[0,0,0,0,0]','[]',1,'0',0),(1340931,29045,3678,'start',30,2,0,0,5,3,3,1,'[0,0,0,0,0]','[]',1,'0',0),(1340932,29043,3678,'start',30,-2,0,0,5,3,3,1,'[0,0,0,0,0]','[]',1,'0',0),(1340933,29047,3678,'start',30,3,0,0,5,3,3,1,'[0,0,0,0,0]','[]',1,'0',0),(1340934,29049,3678,'start',30,-3,0,0,5,3,3,1,'[0,0,0,0,0]','[]',1,'0',0),(1340935,29054,3678,'start',-30,-2,0,0,5,0,0,1,'[0,0,0,0,0]','[]',1,'0',0),(1340936,29055,3678,'start',-30,3,0,0,5,0,0,1,'[0,0,0,0,0]','[]',1,'0',0),(1340937,29056,3678,'start',-30,-3,0,0,5,0,0,1,'[0,0,0,0,0]','[]',1,'0',0),(1340938,29050,3678,'deploy',-23,13,0,0,5,1,1,0,'[null,null,null,null,null]','[]',1,'0',1),(1340939,29052,3678,'deploy',-22,12,0,0,5,1,1,0,'[null,null,null,null,null]','[]',1,'0',2),(1340940,29051,3678,'deploy',-22,11,0,0,5,1,1,0,'[null,null,null,null,null]','[]',1,'0',4),(1340941,29053,3678,'deploy',-24,8,0,0,5,0,0,0,'[null,null,null,null,null]','[]',1,'0',6),(1340942,29054,3678,'deploy',-24,12,0,0,5,1,1,0,'[null,null,null,null,null]','[]',1,'0',11),(1340943,29056,3678,'deploy',-23,11,0,0,5,1,1,0,'[null,null,null,null,null]','[]',1,'0',13),(1340944,29055,3678,'deploy',-23,12,0,0,5,1,1,0,'[null,null,null,null,null]','[]',1,'0',14),(1340945,29046,3678,'deploy',17,13,0,0,7,3,3,0,'[null,null,null,null,null]','[]',1,'0',3),(1340946,29044,3678,'deploy',17,12,0,0,7,3,3,0,'[null,null,null,null,null]','[]',1,'0',5),(1340947,29048,3678,'deploy',21,12,0,0,5,3,3,0,'[null,null,null,null,null]','[]',1,'0',7),(1340948,29049,3678,'deploy',18,13,0,0,5,3,3,0,'[null,null,null,null,null]','[]',1,'0',8),(1340949,29045,3678,'deploy',21,13,0,0,5,3,3,0,'[null,null,null,null,null]','[]',1,'0',9),(1340950,29043,3678,'deploy',19,13,0,0,7,3,3,0,'[null,null,null,null,null]','[]',1,'0',10),(1340951,29047,3678,'deploy',17,14,0,0,5,3,3,0,'[null,null,null,null,null]','[]',1,'0',12),(1340952,29035,3676,'deploy',19,8,0,0,5,3,3,0,'[null,null,null,null,null]','[]',1,'0',1),(1340953,29035,3676,'slipright',19,9,0,0,5,3,3,0,'[null,null,null,1,null]','[null,null,null,null,null,null,null,null,null,null,null,null,null,null,null,null,null,null,null,null,null,1]',1,'0',1),(1340954,29035,3676,'move',18,9,0,0,5,3,3,0,'[null,null,null,null,null]','[]',1,'0',1),(1340955,29035,3676,'slipright',17,10,0,0,5,3,3,0,'[null,null,null,1,null]','[null,null,null,null,null,null,null,null,null,null,null,null,null,null,null,null,null,null,null,null,null,1]',1,'0',1),(1340956,29035,3676,'move',16,10,0,0,5,3,3,0,'[null,null,null,null,null]','[]',1,'0',1),(1340957,29035,3676,'slipright',16,11,0,0,5,3,3,0,'[null,null,null,1,null]','[null,null,null,null,null,null,null,null,null,null,null,null,null,null,null,null,null,null,null,null,null,1]',1,'0',1),(1340958,29035,3676,'turnleft',16,11,0,0,5,2,2,0,'[0,null,2,null,2]','[null,null,null,null,null,null,null,null,null,null,null,null,null,null,null,null,1,1,1,null,null,null,null,null,4]',1,'0',1),(1340959,29037,3677,'start',-30,0,0,0,5,0,0,1,'[0,0,0,0,0]','[]',1,'0',0),(1340960,29057,3677,'start',30,0,0,0,5,3,3,1,'[0,0,0,0,0]','[]',1,'0',0),(1340961,29061,3677,'start',30,1,0,0,5,3,3,1,'[0,0,0,0,0]','[]',1,'0',0),(1340962,29040,3677,'start',-30,1,0,0,5,0,0,1,'[0,0,0,0,0]','[]',1,'0',0),(1340963,29063,3677,'start',30,-1,0,0,5,3,3,1,'[0,0,0,0,0]','[]',1,'0',0),(1340964,29039,3677,'start',-30,-1,0,0,5,0,0,1,'[0,0,0,0,0]','[]',1,'0',0),(1340965,29059,3677,'start',30,2,0,0,5,3,3,1,'[0,0,0,0,0]','[]',1,'0',0),(1340966,29060,3677,'start',30,-2,0,0,5,3,3,1,'[0,0,0,0,0]','[]',1,'0',0),(1340967,29038,3677,'start',-30,2,0,0,5,0,0,1,'[0,0,0,0,0]','[]',1,'0',0),(1340968,29041,3677,'start',-30,-2,0,0,5,0,0,1,'[0,0,0,0,0]','[]',1,'0',0),(1340969,29042,3677,'start',-30,3,0,0,5,0,0,1,'[0,0,0,0,0]','[]',1,'0',0),(1340970,29058,3677,'start',30,3,0,0,5,3,3,1,'[0,0,0,0,0]','[]',1,'0',0),(1340971,29062,3677,'start',30,-3,0,0,5,3,3,1,'[0,0,0,0,0]','[]',1,'0',0),(1340972,29063,3677,'deploy',18,-3,0,0,5,3,3,0,'[null,null,null,null,null]','[]',1,'0',2),(1340973,29057,3677,'deploy',18,-4,0,0,5,3,3,0,'[null,null,null,null,null]','[]',1,'0',3),(1340974,29061,3677,'deploy',17,2,0,0,5,3,3,0,'[null,null,null,null,null]','[]',1,'0',4),(1340975,29059,3677,'deploy',18,3,0,0,5,3,3,0,'[null,null,null,null,null]','[]',1,'0',5),(1340976,29060,3677,'deploy',17,-4,0,0,5,3,3,0,'[null,null,null,null,null]','[]',1,'0',8),(1340977,29062,3677,'deploy',18,-5,0,0,5,3,3,0,'[null,null,null,null,null]','[]',1,'0',9),(1340978,29058,3677,'deploy',17,3,0,0,5,3,3,0,'[null,null,null,null,null]','[]',1,'0',10),(1340979,29037,3677,'deploy',-17,0,0,0,5,0,0,0,'[null,null,null,null,null]','[]',1,'0',1),(1340980,29040,3677,'deploy',-17,-1,0,0,7,0,0,0,'[null,null,null,null,null]','[]',1,'0',6),(1340981,29038,3677,'deploy',-17,4,0,0,5,0,0,0,'[null,null,null,null,null]','[]',1,'0',7),(1340982,29042,3677,'deploy',-16,3,0,0,5,0,0,0,'[null,null,null,null,null]','[]',1,'0',11),(1340983,29039,3677,'deploy',-17,6,0,0,5,0,0,0,'[null,null,null,null,null]','[]',1,'0',12),(1340984,29041,3677,'deploy',-17,3,0,0,5,0,0,0,'[null,null,null,null,null]','[]',1,'0',13),(1340985,29037,3677,'deploy',-17,0,0,0,5,0,0,0,'[null,null,null,null,null]','[]',1,'0',1),(1340986,29037,3677,'speedchange',-17,0,0,0,6,0,0,0,'[null,null,3,null,null]','[null,null,null,null,null,null,null,null,null,null,null,null,null,null,1,1,1]',1,'1',1),(1340987,29037,3677,'move',-16,0,0,0,6,0,0,0,'[null,null,null,null,null]','[]',1,'0',1),(1340988,29037,3677,'move',-15,0,0,0,6,0,0,0,'[null,null,null,null,null]','[]',1,'0',1),(1340989,29037,3677,'move',-14,0,0,0,6,0,0,0,'[null,null,null,null,null]','[]',1,'0',1),(1340990,29037,3677,'move',-13,0,0,0,6,0,0,0,'[null,null,null,null,null]','[]',1,'0',1),(1340991,29037,3677,'move',-12,0,0,0,6,0,0,0,'[null,null,null,null,null]','[]',1,'0',1),(1340992,29037,3677,'move',-11,0,0,0,6,0,0,0,'[null,null,null,null,null]','[]',1,'0',1),(1340993,29063,3677,'deploy',18,-3,0,0,5,3,3,0,'[null,null,null,null,null]','[]',1,'0',2),(1340994,29063,3677,'speedchange',18,-3,0,0,6,3,3,0,'[null,null,2,null,null]','[null,null,null,null,null,null,null,null,null,null,null,null,null,null,null,null,1,1]',1,'1',2),(1340995,29063,3677,'slipleft',17,-4,0,0,6,3,3,0,'[null,null,null,null,2]','[null,null,null,null,null,null,2]',1,'0',2),(1340996,29063,3677,'move',16,-4,0,0,6,3,3,0,'[null,null,null,null,null]','[]',1,'0',2),(1340997,29063,3677,'move',15,-4,0,0,6,3,3,0,'[null,null,null,null,null]','[]',1,'0',2),(1340998,29063,3677,'move',14,-4,0,0,6,3,3,0,'[null,null,null,null,null]','[]',1,'0',2),(1340999,29063,3677,'move',13,-4,0,0,6,3,3,0,'[null,null,null,null,null]','[]',1,'0',2),(1341000,29063,3677,'move',12,-4,0,0,6,3,3,0,'[null,null,null,null,null]','[]',1,'0',2),(1341001,29057,3677,'deploy',18,-4,0,0,5,3,3,0,'[null,null,null,null,null]','[]',1,'0',3),(1341002,29057,3677,'move',17,-4,0,0,5,3,3,0,'[null,null,null,null,null]','[]',1,'0',3),(1341003,29057,3677,'move',16,-4,0,0,5,3,3,0,'[null,null,null,null,null]','[]',1,'0',3),(1341004,29057,3677,'move',15,-4,0,0,5,3,3,0,'[null,null,null,null,null]','[]',1,'0',3),(1341005,29057,3677,'move',14,-4,0,0,5,3,3,0,'[null,null,null,null,null]','[]',1,'0',3),(1341006,29057,3677,'move',13,-4,0,0,5,3,3,0,'[null,null,null,null,null]','[]',1,'0',3),(1341007,29061,3677,'deploy',17,2,0,0,5,3,3,0,'[null,null,null,null,null]','[]',1,'0',4),(1341008,29061,3677,'move',16,2,0,0,5,3,3,0,'[null,null,null,null,null]','[]',1,'0',4),(1341009,29061,3677,'move',15,2,0,0,5,3,3,0,'[null,null,null,null,null]','[]',1,'0',4),(1341010,29061,3677,'move',14,2,0,0,5,3,3,0,'[null,null,null,null,null]','[]',1,'0',4),(1341011,29061,3677,'move',13,2,0,0,5,3,3,0,'[null,null,null,null,null]','[]',1,'0',4),(1341012,29061,3677,'move',12,2,0,0,5,3,3,0,'[null,null,null,null,null]','[]',1,'0',4),(1341013,29059,3677,'deploy',18,3,0,0,5,3,3,0,'[null,null,null,null,null]','[]',1,'0',5),(1341014,29059,3677,'slipleft',17,2,0,0,5,3,3,0,'[null,null,null,null,1]','[null,null,null,null,null,null,1]',1,'0',5),(1341015,29059,3677,'move',16,2,0,0,5,3,3,0,'[null,null,null,null,null]','[]',1,'0',5),(1341016,29059,3677,'move',15,2,0,0,5,3,3,0,'[null,null,null,null,null]','[]',1,'0',5),(1341017,29059,3677,'move',14,2,0,0,5,3,3,0,'[null,null,null,null,null]','[]',1,'0',5),(1341018,29059,3677,'move',13,2,0,0,5,3,3,0,'[null,null,null,null,null]','[]',1,'0',5),(1341019,29079,3679,'start',30,0,0,0,5,3,3,1,'[0,0,0,0,0]','[]',1,'0',0),(1341020,29064,3679,'start',-30,0,0,0,5,0,0,1,'[0,0,0,0,0]','[]',1,'0',0),(1341021,29069,3679,'start',-30,1,0,0,5,0,0,1,'[0,0,0,0,0]','[]',1,'0',0),(1341022,29082,3679,'start',30,1,0,0,5,3,3,1,'[0,0,0,0,0]','[]',1,'0',0),(1341023,29083,3679,'start',30,-1,0,0,5,3,3,1,'[0,0,0,0,0]','[]',1,'0',0),(1341024,29084,3679,'start',30,2,0,0,5,3,3,1,'[0,0,0,0,0]','[]',1,'0',0),(1341025,29065,3679,'start',-30,-1,0,0,5,0,0,1,'[0,0,0,0,0]','[]',1,'0',0),(1341026,29066,3679,'start',-30,2,0,0,5,0,0,1,'[0,0,0,0,0]','[]',1,'0',0),(1341027,29067,3679,'start',-30,-2,0,0,5,0,0,1,'[0,0,0,0,0]','[]',1,'0',0),(1341028,29068,3679,'start',-30,3,0,0,5,0,0,1,'[0,0,0,0,0]','[]',1,'0',0),(1341029,29080,3679,'start',30,-2,0,0,5,3,3,1,'[0,0,0,0,0]','[]',1,'0',0),(1341030,29081,3679,'start',30,3,0,0,5,3,3,1,'[0,0,0,0,0]','[]',1,'0',0),(1341031,29070,3679,'start',-30,-3,0,0,5,0,0,1,'[0,0,0,0,0]','[]',1,'0',0),(1341032,29071,3679,'start',-30,4,0,0,5,0,0,1,'[0,0,0,0,0]','[]',1,'0',0),(1341033,29072,3679,'start',-30,-4,0,0,5,0,0,1,'[0,0,0,0,0]','[]',1,'0',0),(1341034,29083,3679,'deploy',18,0,0,0,5,3,3,0,'[null,null,null,null,null]','[]',1,'0',1),(1341035,29084,3679,'deploy',18,1,0,0,5,3,3,0,'[null,null,null,null,null]','[]',1,'0',3),(1341036,29079,3679,'deploy',17,0,0,0,5,3,3,0,'[null,null,null,null,null]','[]',1,'0',6),(1341037,29080,3679,'deploy',17,-2,0,0,5,3,3,0,'[null,null,null,null,null]','[]',1,'0',8),(1341038,29082,3679,'deploy',18,-1,0,0,5,3,3,0,'[null,null,null,null,null]','[]',1,'0',10),(1341039,29081,3679,'deploy',17,2,0,0,5,3,3,0,'[null,null,null,null,null]','[]',1,'0',11),(1341040,29040,3677,'deploy',-17,-1,0,0,7,0,0,0,'[null,null,null,null,null]','[]',1,'0',6),(1341041,29040,3677,'slipleft',-17,0,0,0,7,0,0,0,'[null,null,null,null,2]','[null,null,null,null,null,null,2]',1,'0',6),(1341042,29040,3677,'move',-16,0,0,0,7,0,0,0,'[null,null,null,null,null]','[]',1,'0',6),(1341043,29040,3677,'slipleft',-15,1,0,0,7,0,0,0,'[null,null,null,null,2]','[null,null,null,null,null,null,2]',1,'0',6),(1341044,29040,3677,'move',-14,1,0,0,7,0,0,0,'[null,null,null,null,null]','[]',1,'0',6),(1341045,29040,3677,'move',-13,1,0,0,7,0,0,0,'[null,null,null,null,null]','[]',1,'0',6),(1341046,29040,3677,'move',-12,1,0,0,7,0,0,0,'[null,null,null,null,null]','[]',1,'0',6),(1341047,29040,3677,'move',-11,1,0,0,7,0,0,0,'[null,null,null,null,null]','[]',1,'0',6),(1341048,29038,3677,'deploy',-17,4,0,0,5,0,0,0,'[null,null,null,null,null]','[]',1,'0',7),(1341049,29038,3677,'speedchange',-17,4,0,0,6,0,0,0,'[1,null,null,null,null]','[1]',1,'1',7),(1341050,29038,3677,'speedchange',-17,4,0,0,7,0,0,0,'[1,null,null,null,null]','[1]',1,'1',7),(1341051,29038,3677,'speedchange',-17,4,0,0,8,0,0,0,'[1,null,null,null,null]','[1]',1,'1',7),(1341052,29038,3677,'speedchange',-17,4,0,0,9,0,0,0,'[1,null,null,null,null]','[1]',1,'1',7),(1341053,29038,3677,'speedchange',-17,4,0,0,10,0,0,0,'[1,null,null,null,null]','[1]',1,'1',7),(1341054,29038,3677,'speedchange',-17,4,0,0,11,0,0,0,'[1,null,null,null,null]','[1]',1,'1',7),(1341055,29038,3677,'speedchange',-17,4,0,0,12,0,0,0,'[1,null,null,null,null]','[1]',1,'1',7),(1341056,29038,3677,'move',-16,4,0,0,12,0,0,0,'[null,null,null,null,null]','[]',1,'0',7),(1341057,29038,3677,'move',-15,4,0,0,12,0,0,0,'[null,null,null,null,null]','[]',1,'0',7),(1341058,29038,3677,'move',-14,4,0,0,12,0,0,0,'[null,null,null,null,null]','[]',1,'0',7),(1341059,29038,3677,'move',-13,4,0,0,12,0,0,0,'[null,null,null,null,null]','[]',1,'0',7),(1341060,29038,3677,'move',-12,4,0,0,12,0,0,0,'[null,null,null,null,null]','[]',1,'0',7),(1341061,29038,3677,'move',-11,4,0,0,12,0,0,0,'[null,null,null,null,null]','[]',1,'0',7),(1341062,29038,3677,'move',-10,4,0,0,12,0,0,0,'[null,null,null,null,null]','[]',1,'0',7),(1341063,29038,3677,'move',-9,4,0,0,12,0,0,0,'[null,null,null,null,null]','[]',1,'0',7),(1341064,29038,3677,'move',-8,4,0,0,12,0,0,0,'[null,null,null,null,null]','[]',1,'0',7),(1341065,29038,3677,'move',-7,4,0,0,12,0,0,0,'[null,null,null,null,null]','[]',1,'0',7),(1341066,29038,3677,'move',-6,4,0,0,12,0,0,0,'[null,null,null,null,null]','[]',1,'0',7),(1341067,29038,3677,'move',-5,4,0,0,12,0,0,0,'[null,null,null,null,null]','[]',1,'0',7),(1341068,29069,3679,'deploy',-17,1,0,0,5,0,0,0,'[null,null,null,null,null]','[]',1,'0',2),(1341069,29066,3679,'deploy',-17,0,0,0,5,0,0,0,'[null,null,null,null,null]','[]',1,'0',4),(1341070,29068,3679,'deploy',-17,-6,0,0,7,0,0,0,'[null,null,null,null,null]','[]',1,'0',5),(1341071,29064,3679,'deploy',-16,1,0,0,5,0,0,0,'[null,null,null,null,null]','[]',1,'0',7),(1341072,29065,3679,'deploy',-17,2,0,0,5,0,0,0,'[null,null,null,null,null]','[]',1,'0',9),(1341073,29071,3679,'deploy',-16,-5,0,0,5,0,0,0,'[null,null,null,null,null]','[]',1,'0',12),(1341074,29070,3679,'deploy',-17,-5,0,0,5,0,0,0,'[null,null,null,null,null]','[]',1,'0',13),(1341075,29067,3679,'deploy',-17,-4,0,0,7,0,0,0,'[null,null,null,null,null]','[]',1,'0',14),(1341076,29072,3679,'deploy',-18,-5,0,0,7,0,0,0,'[null,null,null,null,null]','[]',1,'0',15),(1341077,29073,3680,'start',-30,0,0,0,5,0,0,1,'[0,0,0,0,0]','[]',1,'0',0),(1341078,29074,3680,'start',-30,1,0,0,5,0,0,1,'[0,0,0,0,0]','[]',1,'0',0),(1341079,29075,3680,'start',-30,-1,0,0,5,0,0,1,'[0,0,0,0,0]','[]',1,'0',0),(1341080,29085,3680,'start',30,0,0,0,5,3,3,1,'[0,0,0,0,0]','[]',1,'0',0),(1341081,29086,3680,'start',30,1,0,0,5,3,3,1,'[0,0,0,0,0]','[]',1,'0',0),(1341082,29087,3680,'start',30,-1,0,0,5,3,3,1,'[0,0,0,0,0]','[]',1,'0',0),(1341083,29088,3680,'start',30,2,0,0,5,3,3,1,'[0,0,0,0,0]','[]',1,'0',0),(1341084,29090,3680,'start',30,-2,0,0,5,3,3,1,'[0,0,0,0,0]','[]',1,'0',0),(1341085,29091,3680,'start',30,3,0,0,5,3,3,1,'[0,0,0,0,0]','[]',1,'0',0),(1341086,29076,3680,'start',-30,2,0,0,5,0,0,1,'[0,0,0,0,0]','[]',1,'0',0),(1341087,29077,3680,'start',-30,-2,0,0,5,0,0,1,'[0,0,0,0,0]','[]',1,'0',0),(1341088,29078,3680,'start',-30,3,0,0,5,0,0,1,'[0,0,0,0,0]','[]',1,'0',0),(1341089,29089,3680,'start',30,-3,0,0,5,3,3,1,'[0,0,0,0,0]','[]',1,'0',0),(1341090,29090,3680,'deploy',16,-4,0,0,5,3,3,0,'[null,null,null,null,null]','[]',1,'0',2),(1341091,29085,3680,'deploy',16,0,0,0,7,3,3,0,'[null,null,null,null,null]','[]',1,'0',4),(1341092,29088,3680,'deploy',17,3,0,0,7,3,3,0,'[null,null,null,null,null]','[]',1,'0',5),(1341093,29087,3680,'deploy',16,-2,0,0,7,3,3,0,'[null,null,null,null,null]','[]',1,'0',7),(1341094,29086,3680,'deploy',16,6,0,0,5,3,3,0,'[null,null,null,null,null]','[]',1,'0',8),(1341095,29091,3680,'deploy',16,10,0,0,7,3,3,0,'[null,null,null,null,null]','[]',1,'0',12),(1341096,29089,3680,'deploy',16,-8,0,0,7,3,3,0,'[null,null,null,null,null]','[]',1,'0',13),(1341097,29060,3677,'deploy',17,-4,0,0,5,3,3,0,'[null,null,null,null,null]','[]',1,'0',8),(1341098,29060,3677,'speedchange',17,-4,0,0,6,3,3,0,'[null,null,2,null,null]','[null,null,null,null,null,null,null,null,null,null,null,null,null,null,null,1,1]',1,'1',8),(1341099,29060,3677,'slipright',17,-3,0,0,6,3,3,0,'[null,null,null,2,null]','[null,null,null,null,null,2]',1,'0',8),(1341100,29060,3677,'move',16,-3,0,0,6,3,3,0,'[null,null,null,null,null]','[]',1,'0',8),(1341101,29060,3677,'move',15,-3,0,0,6,3,3,0,'[null,null,null,null,null]','[]',1,'0',8),(1341102,29060,3677,'move',14,-3,0,0,6,3,3,0,'[null,null,null,null,null]','[]',1,'0',8),(1341103,29060,3677,'move',13,-3,0,0,6,3,3,0,'[null,null,null,null,null]','[]',1,'0',8),(1341104,29060,3677,'move',12,-3,0,0,6,3,3,0,'[null,null,null,null,null]','[]',1,'0',8),(1341105,29062,3677,'deploy',18,-5,0,0,5,3,3,0,'[null,null,null,null,null]','[]',1,'0',9),(1341106,29062,3677,'speedchange',18,-5,0,0,6,3,3,0,'[1,null,null,null,null]','[1]',1,'1',9),(1341107,29062,3677,'speedchange',18,-5,0,0,7,3,3,0,'[1,null,null,null,null]','[1]',1,'1',9),(1341108,29062,3677,'move',17,-5,0,0,7,3,3,0,'[null,null,null,null,null]','[]',1,'0',9),(1341109,29062,3677,'move',16,-5,0,0,7,3,3,0,'[null,null,null,null,null]','[]',1,'0',9),(1341110,29062,3677,'move',15,-5,0,0,7,3,3,0,'[null,null,null,null,null]','[]',1,'0',9),(1341111,29062,3677,'move',14,-5,0,0,7,3,3,0,'[null,null,null,null,null]','[]',1,'0',9),(1341112,29062,3677,'move',13,-5,0,0,7,3,3,0,'[null,null,null,null,null]','[]',1,'0',9),(1341113,29062,3677,'move',12,-5,0,0,7,3,3,0,'[null,null,null,null,null]','[]',1,'0',9),(1341114,29062,3677,'move',11,-5,0,0,7,3,3,0,'[null,null,null,null,null]','[]',1,'0',9),(1341115,29058,3677,'deploy',17,3,0,0,5,3,3,0,'[null,null,null,null,null]','[]',1,'0',10),(1341116,29058,3677,'slipleft',16,2,0,0,5,3,3,0,'[1,null,null,null,null]','[1]',1,'0',10),(1341117,29058,3677,'move',15,2,0,0,5,3,3,0,'[null,null,null,null,null]','[]',1,'0',10),(1341118,29058,3677,'move',14,2,0,0,5,3,3,0,'[null,null,null,null,null]','[]',1,'0',10),(1341119,29058,3677,'move',13,2,0,0,5,3,3,0,'[null,null,null,null,null]','[]',1,'0',10),(1341120,29058,3677,'move',12,2,0,0,5,3,3,0,'[null,null,null,null,null]','[]',1,'0',10),(1341121,29042,3677,'deploy',-16,3,0,0,5,0,0,0,'[null,null,null,null,null]','[]',1,'0',11),(1341122,29042,3677,'speedchange',-16,3,0,0,6,0,0,0,'[1,null,null,null,null]','[1]',1,'1',11),(1341123,29042,3677,'speedchange',-16,3,0,0,7,0,0,0,'[1,null,null,null,null]','[1]',1,'1',11),(1341124,29042,3677,'speedchange',-16,3,0,0,8,0,0,0,'[1,null,null,null,null]','[1]',1,'1',11),(1341125,29042,3677,'speedchange',-16,3,0,0,9,0,0,0,'[1,null,null,null,null]','[1]',1,'1',11),(1341126,29042,3677,'speedchange',-16,3,0,0,10,0,0,0,'[1,null,null,null,null]','[1]',1,'1',11),(1341127,29042,3677,'speedchange',-16,3,0,0,11,0,0,0,'[1,null,null,null,null]','[1]',1,'1',11),(1341128,29042,3677,'speedchange',-16,3,0,0,12,0,0,0,'[1,null,null,null,null]','[1]',1,'1',11),(1341129,29042,3677,'move',-15,3,0,0,12,0,0,0,'[null,null,null,null,null]','[]',1,'0',11),(1341130,29042,3677,'move',-14,3,0,0,12,0,0,0,'[null,null,null,null,null]','[]',1,'0',11),(1341131,29042,3677,'move',-13,3,0,0,12,0,0,0,'[null,null,null,null,null]','[]',1,'0',11),(1341132,29042,3677,'move',-12,3,0,0,12,0,0,0,'[null,null,null,null,null]','[]',1,'0',11),(1341133,29042,3677,'move',-11,3,0,0,12,0,0,0,'[null,null,null,null,null]','[]',1,'0',11),(1341134,29042,3677,'move',-10,3,0,0,12,0,0,0,'[null,null,null,null,null]','[]',1,'0',11),(1341135,29042,3677,'move',-9,3,0,0,12,0,0,0,'[null,null,null,null,null]','[]',1,'0',11),(1341136,29042,3677,'move',-8,3,0,0,12,0,0,0,'[null,null,null,null,null]','[]',1,'0',11),(1341137,29042,3677,'move',-7,3,0,0,12,0,0,0,'[null,null,null,null,null]','[]',1,'0',11),(1341138,29042,3677,'move',-6,3,0,0,12,0,0,0,'[null,null,null,null,null]','[]',1,'0',11),(1341139,29042,3677,'move',-5,3,0,0,12,0,0,0,'[null,null,null,null,null]','[]',1,'0',11),(1341140,29042,3677,'move',-4,3,0,0,12,0,0,0,'[null,null,null,null,null]','[]',1,'0',11),(1341141,29039,3677,'deploy',-17,6,0,0,5,0,0,0,'[null,null,null,null,null]','[]',1,'0',12),(1341142,29039,3677,'speedchange',-17,6,0,0,6,0,0,0,'[null,null,2,null,null]','[null,null,null,null,null,null,null,null,null,null,null,null,null,1,1]',1,'1',12),(1341143,29039,3677,'move',-16,6,0,0,6,0,0,0,'[null,null,null,null,null]','[]',1,'0',12),(1341144,29039,3677,'move',-15,6,0,0,6,0,0,0,'[null,null,null,null,null]','[]',1,'0',12),(1341145,29039,3677,'move',-14,6,0,0,6,0,0,0,'[null,null,null,null,null]','[]',1,'0',12),(1341146,29039,3677,'move',-13,6,0,0,6,0,0,0,'[null,null,null,null,null]','[]',1,'0',12),(1341147,29039,3677,'move',-12,6,0,0,6,0,0,0,'[null,null,null,null,null]','[]',1,'0',12),(1341148,29039,3677,'move',-11,6,0,0,6,0,0,0,'[null,null,null,null,null]','[]',1,'0',12),(1341149,29041,3677,'deploy',-17,3,0,0,5,0,0,0,'[null,null,null,null,null]','[]',1,'0',13),(1341150,29041,3677,'speedchange',-17,3,0,0,6,0,0,0,'[1,null,null,null,null]','[1]',1,'1',13),(1341151,29041,3677,'speedchange',-17,3,0,0,7,0,0,0,'[1,null,null,null,null]','[1]',1,'1',13),(1341152,29041,3677,'speedchange',-17,3,0,0,8,0,0,0,'[1,null,null,null,null]','[1]',1,'1',13),(1341153,29041,3677,'speedchange',-17,3,0,0,9,0,0,0,'[1,null,null,null,null]','[1]',1,'1',13),(1341154,29041,3677,'speedchange',-17,3,0,0,10,0,0,0,'[1,null,null,null,null]','[1]',1,'1',13),(1341155,29041,3677,'speedchange',-17,3,0,0,11,0,0,0,'[1,null,null,null,null]','[1]',1,'1',13),(1341156,29041,3677,'speedchange',-17,3,0,0,12,0,0,0,'[1,null,null,null,null]','[1]',1,'1',13),(1341157,29041,3677,'move',-16,3,0,0,12,0,0,0,'[null,null,null,null,null]','[]',1,'0',13),(1341158,29041,3677,'move',-15,3,0,0,12,0,0,0,'[null,null,null,null,null]','[]',1,'0',13),(1341159,29041,3677,'move',-14,3,0,0,12,0,0,0,'[null,null,null,null,null]','[]',1,'0',13),(1341160,29041,3677,'move',-13,3,0,0,12,0,0,0,'[null,null,null,null,null]','[]',1,'0',13),(1341161,29041,3677,'move',-12,3,0,0,12,0,0,0,'[null,null,null,null,null]','[]',1,'0',13),(1341162,29041,3677,'move',-11,3,0,0,12,0,0,0,'[null,null,null,null,null]','[]',1,'0',13),(1341163,29041,3677,'move',-10,3,0,0,12,0,0,0,'[null,null,null,null,null]','[]',1,'0',13),(1341164,29041,3677,'move',-9,3,0,0,12,0,0,0,'[null,null,null,null,null]','[]',1,'0',13),(1341165,29041,3677,'move',-8,3,0,0,12,0,0,0,'[null,null,null,null,null]','[]',1,'0',13),(1341166,29041,3677,'move',-7,3,0,0,12,0,0,0,'[null,null,null,null,null]','[]',1,'0',13),(1341167,29041,3677,'move',-6,3,0,0,12,0,0,0,'[null,null,null,null,null]','[]',1,'0',13),(1341168,29041,3677,'move',-5,3,0,0,12,0,0,0,'[null,null,null,null,null]','[]',1,'0',13),(1341169,29083,3679,'deploy',18,0,0,0,5,3,3,0,'[null,null,null,null,null]','[]',1,'0',1),(1341170,29083,3679,'move',17,0,0,0,5,3,3,0,'[null,null,null,null,null]','[]',1,'0',1),(1341171,29083,3679,'move',16,0,0,0,5,3,3,0,'[null,null,null,null,null]','[]',1,'0',1),(1341172,29083,3679,'move',15,0,0,0,5,3,3,0,'[null,null,null,null,null]','[]',1,'0',1),(1341173,29083,3679,'move',14,0,0,0,5,3,3,0,'[null,null,null,null,null]','[]',1,'0',1),(1341174,29083,3679,'move',13,0,0,0,5,3,3,0,'[null,null,null,null,null]','[]',1,'0',1),(1341175,29073,3680,'deploy',-19,-13,0,0,6,0,0,0,'[null,null,null,null,null]','[]',1,'0',1),(1341176,29074,3680,'deploy',-20,-12,0,0,6,0,0,0,'[null,null,null,null,null]','[]',1,'0',3),(1341177,29075,3680,'deploy',-20,-14,0,0,6,0,0,0,'[null,null,null,null,null]','[]',1,'0',6),(1341178,29078,3680,'deploy',-21,-12,0,0,6,0,0,0,'[null,null,null,null,null]','[]',1,'0',9),(1341179,29076,3680,'deploy',-20,-13,0,0,3,0,0,0,'[null,null,null,null,null]','[]',1,'0',10),(1341180,29077,3680,'deploy',-21,-14,0,0,6,0,0,0,'[null,null,null,null,null]','[]',1,'0',11),(1341181,29069,3679,'deploy',-17,1,0,0,5,0,0,0,'[null,null,null,null,null]','[]',1,'0',2),(1341182,29069,3679,'move',-16,1,0,0,5,0,0,0,'[null,null,null,null,null]','[]',1,'0',2),(1341183,29069,3679,'move',-15,1,0,0,5,0,0,0,'[null,null,null,null,null]','[]',1,'0',2),(1341184,29069,3679,'move',-14,1,0,0,5,0,0,0,'[null,null,null,null,null]','[]',1,'0',2),(1341185,29069,3679,'move',-13,1,0,0,5,0,0,0,'[null,null,null,null,null]','[]',1,'0',2),(1341186,29069,3679,'move',-12,1,0,0,5,0,0,0,'[null,null,null,null,null]','[]',1,'0',2),(1341187,29084,3679,'deploy',18,1,0,0,5,3,3,0,'[null,null,null,null,null]','[]',1,'0',3),(1341188,29084,3679,'move',17,1,0,0,5,3,3,0,'[null,null,null,null,null]','[]',1,'0',3),(1341189,29084,3679,'move',16,1,0,0,5,3,3,0,'[null,null,null,null,null]','[]',1,'0',3),(1341190,29084,3679,'move',15,1,0,0,5,3,3,0,'[null,null,null,null,null]','[]',1,'0',3),(1341191,29084,3679,'move',14,1,0,0,5,3,3,0,'[null,null,null,null,null]','[]',1,'0',3),(1341192,29084,3679,'move',13,1,0,0,5,3,3,0,'[null,null,null,null,null]','[]',1,'0',3),(1341193,29073,3680,'deploy',-19,-13,0,0,6,0,0,0,'[null,null,null,null,null]','[]',1,'0',1),(1341194,29073,3680,'move',-18,-13,0,0,6,0,0,0,'[null,null,null,null,null]','[]',1,'0',1),(1341195,29073,3680,'move',-17,-13,0,0,6,0,0,0,'[null,null,null,null,null]','[]',1,'0',1),(1341196,29073,3680,'move',-16,-13,0,0,6,0,0,0,'[null,null,null,null,null]','[]',1,'0',1),(1341197,29073,3680,'move',-15,-13,0,0,6,0,0,0,'[null,null,null,null,null]','[]',1,'0',1),(1341198,29073,3680,'move',-14,-13,0,0,6,0,0,0,'[null,null,null,null,null]','[]',1,'0',1),(1341199,29073,3680,'move',-13,-13,0,0,6,0,0,0,'[null,null,null,null,null]','[]',1,'0',1),(1341200,29066,3679,'deploy',-17,0,0,0,5,0,0,0,'[null,null,null,null,null]','[]',1,'0',4),(1341201,29066,3679,'move',-16,0,0,0,5,0,0,0,'[null,null,null,null,null]','[]',1,'0',4),(1341202,29066,3679,'move',-15,0,0,0,5,0,0,0,'[null,null,null,null,null]','[]',1,'0',4),(1341203,29066,3679,'move',-14,0,0,0,5,0,0,0,'[null,null,null,null,null]','[]',1,'0',4),(1341204,29066,3679,'move',-13,0,0,0,5,0,0,0,'[null,null,null,null,null]','[]',1,'0',4),(1341205,29066,3679,'move',-12,0,0,0,5,0,0,0,'[null,null,null,null,null]','[]',1,'0',4),(1341206,29068,3679,'deploy',-17,-6,0,0,7,0,0,0,'[null,null,null,null,null]','[]',1,'0',5),(1341207,29068,3679,'speedchange',-17,-6,0,0,8,0,0,0,'[null,null,1,null,null]','[null,null,null,null,null,null,2]',1,'1',5),(1341208,29068,3679,'move',-16,-6,0,0,8,0,0,0,'[null,null,null,null,null]','[]',1,'0',5),(1341209,29068,3679,'move',-15,-6,0,0,8,0,0,0,'[null,null,null,null,null]','[]',1,'0',5),(1341210,29068,3679,'move',-14,-6,0,0,8,0,0,0,'[null,null,null,null,null]','[]',1,'0',5),(1341211,29068,3679,'move',-13,-6,0,0,8,0,0,0,'[null,null,null,null,null]','[]',1,'0',5),(1341212,29068,3679,'move',-12,-6,0,0,8,0,0,0,'[null,null,null,null,null]','[]',1,'0',5),(1341213,29068,3679,'move',-11,-6,0,0,8,0,0,0,'[null,null,null,null,null]','[]',1,'0',5),(1341214,29068,3679,'move',-10,-6,0,0,8,0,0,0,'[null,null,null,null,null]','[]',1,'0',5),(1341215,29068,3679,'move',-9,-6,0,0,8,0,0,0,'[null,null,null,null,null]','[]',1,'0',5),(1341216,29090,3680,'deploy',16,-4,0,0,5,3,3,0,'[null,null,null,null,null]','[]',1,'0',2),(1341217,29090,3680,'turnleft',16,-4,0,0,5,2,2,0,'[0,null,2,null,2]','[null,null,null,null,null,2,null,null,null,null,null,null,null,null,null,1,1]',1,'0',2),(1341218,29090,3680,'slipright',15,-4,0,0,5,2,2,0,'[null,null,null,1,null]','[null,null,null,null,1]',1,'0',2),(1341219,29090,3680,'move',15,-5,0,0,5,2,2,0,'[null,null,null,null,null]','[]',1,'0',2),(1341220,29090,3680,'move',14,-6,0,0,5,2,2,0,'[null,null,null,null,null]','[]',1,'0',2),(1341221,29090,3680,'slipright',13,-6,0,0,5,2,2,0,'[null,null,null,1,null]','[null,null,null,null,1]',1,'0',2),(1341222,29090,3680,'move',13,-7,0,0,5,2,2,0,'[null,null,null,null,null]','[]',1,'0',2),(1341223,29079,3679,'deploy',17,0,0,0,5,3,3,0,'[null,null,null,null,null]','[]',1,'0',6),(1341224,29079,3679,'move',16,0,0,0,5,3,3,0,'[null,null,null,null,null]','[]',1,'0',6),(1341225,29079,3679,'move',15,0,0,0,5,3,3,0,'[null,null,null,null,null]','[]',1,'0',6),(1341226,29079,3679,'move',14,0,0,0,5,3,3,0,'[null,null,null,null,null]','[]',1,'0',6),(1341227,29079,3679,'move',13,0,0,0,5,3,3,0,'[null,null,null,null,null]','[]',1,'0',6),(1341228,29079,3679,'move',12,0,0,0,5,3,3,0,'[null,null,null,null,null]','[]',1,'0',6),(1341229,29074,3680,'deploy',-20,-12,0,0,6,0,0,0,'[null,null,null,null,null]','[]',1,'0',3),(1341230,29074,3680,'move',-19,-12,0,0,6,0,0,0,'[null,null,null,null,null]','[]',1,'0',3),(1341231,29074,3680,'move',-18,-12,0,0,6,0,0,0,'[null,null,null,null,null]','[]',1,'0',3),(1341232,29074,3680,'move',-17,-12,0,0,6,0,0,0,'[null,null,null,null,null]','[]',1,'0',3),(1341233,29074,3680,'move',-16,-12,0,0,6,0,0,0,'[null,null,null,null,null]','[]',1,'0',3),(1341234,29074,3680,'move',-15,-12,0,0,6,0,0,0,'[null,null,null,null,null]','[]',1,'0',3),(1341235,29074,3680,'move',-14,-12,0,0,6,0,0,0,'[null,null,null,null,null]','[]',1,'0',3),(1341236,29064,3679,'deploy',-16,1,0,0,5,0,0,0,'[null,null,null,null,null]','[]',1,'0',7),(1341237,29064,3679,'slipright',-16,0,0,0,5,0,0,0,'[null,null,null,1,null]','[null,null,null,null,null,null,null,null,null,null,null,null,null,null,1]',1,'0',7),(1341238,29064,3679,'move',-15,0,0,0,5,0,0,0,'[null,null,null,null,null]','[]',1,'0',7),(1341239,29064,3679,'move',-14,0,0,0,5,0,0,0,'[null,null,null,null,null]','[]',1,'0',7),(1341240,29064,3679,'move',-13,0,0,0,5,0,0,0,'[null,null,null,null,null]','[]',1,'0',7),(1341241,29064,3679,'move',-12,0,0,0,5,0,0,0,'[null,null,null,null,null]','[]',1,'0',7),(1341242,29085,3680,'deploy',16,0,0,0,7,3,3,0,'[null,null,null,null,null]','[]',1,'0',4),(1341243,29085,3680,'turnleft',16,0,0,0,7,2,2,0,'[1,null,2,null,2]','[null,null,null,null,null,null,null,null,null,null,null,null,null,null,2,1,null,null,null,null,null,2]',1,'0',4),(1341244,29085,3680,'move',16,-1,0,0,7,2,2,0,'[null,null,null,null,null]','[]',1,'0',4),(1341245,29085,3680,'move',15,-2,0,0,7,2,2,0,'[null,null,null,null,null]','[]',1,'0',4),(1341246,29085,3680,'move',15,-3,0,0,7,2,2,0,'[null,null,null,null,null]','[]',1,'0',4),(1341247,29085,3680,'move',14,-4,0,0,7,2,2,0,'[null,null,null,null,null]','[]',1,'0',4),(1341248,29085,3680,'move',14,-5,0,0,7,2,2,0,'[null,null,null,null,null]','[]',1,'0',4),(1341249,29085,3680,'move',13,-6,0,0,7,2,2,0,'[null,null,null,null,null]','[]',1,'0',4),(1341250,29085,3680,'move',13,-7,0,0,7,2,2,0,'[null,null,null,null,null]','[]',1,'0',4),(1341251,29088,3680,'deploy',17,3,0,0,7,3,3,0,'[null,null,null,null,null]','[]',1,'0',5),(1341252,29088,3680,'speedchange',17,3,0,0,8,3,3,0,'[null,null,2,null,null]','[null,null,null,null,null,null,null,null,null,null,null,null,null,1,1]',1,'1',5),(1341253,29088,3680,'speedchange',17,3,0,0,9,3,3,0,'[null,null,2,null,null]','[null,null,null,null,null,null,null,null,null,null,null,null,null,1,1]',1,'1',5),(1341254,29088,3680,'move',16,3,0,0,9,3,3,0,'[null,null,null,null,null]','[]',1,'0',5),(1341255,29088,3680,'move',15,3,0,0,9,3,3,0,'[null,null,null,null,null]','[]',1,'0',5),(1341256,29088,3680,'move',14,3,0,0,9,3,3,0,'[null,null,null,null,null]','[]',1,'0',5),(1341257,29088,3680,'move',13,3,0,0,9,3,3,0,'[null,null,null,null,null]','[]',1,'0',5),(1341258,29088,3680,'move',12,3,0,0,9,3,3,0,'[null,null,null,null,null]','[]',1,'0',5),(1341259,29088,3680,'move',11,3,0,0,9,3,3,0,'[null,null,null,null,null]','[]',1,'0',5),(1341260,29088,3680,'move',10,3,0,0,9,3,3,0,'[null,null,null,null,null]','[]',1,'0',5),(1341261,29088,3680,'move',9,3,0,0,9,3,3,0,'[null,null,null,null,null]','[]',1,'0',5),(1341262,29088,3680,'move',8,3,0,0,9,3,3,0,'[null,null,null,null,null]','[]',1,'0',5),(1341263,29088,3680,'turnleft',8,3,0,0,9,2,2,0,'[1,null,1,null,1]','[null,null,null,null,null,1,null,null,null,null,null,null,null,2]',1,'0',5),(1341264,29057,3677,'move',12,-4,0,0,5,3,3,0,'[null,null,null,null,null]','[]',2,'0',1),(1341265,29057,3677,'move',11,-4,0,0,5,3,3,0,'[null,null,null,null,null]','[]',2,'0',1),(1341266,29057,3677,'move',10,-4,0,0,5,3,3,0,'[null,null,null,null,null]','[]',2,'0',1),(1341267,29057,3677,'move',9,-4,0,0,5,3,3,0,'[null,null,null,null,null]','[]',2,'0',1),(1341268,29057,3677,'move',8,-4,0,0,5,3,3,0,'[null,null,null,null,null]','[]',2,'0',1),(1341269,29037,3677,'turnright',-11,0,0,0,6,1,1,0,'[0,null,3,3,null]','[null,null,null,null,null,null,null,null,null,null,null,null,null,null,1,1,1,null,null,null,null,null,3]',2,'0',2),(1341270,29037,3677,'move',-10,-1,0,0,6,1,1,0,'[null,null,null,null,null]','[]',2,'0',2),(1341271,29037,3677,'move',-10,-2,0,0,6,1,1,0,'[null,null,null,null,null]','[]',2,'0',2),(1341272,29037,3677,'move',-9,-3,0,0,6,1,1,0,'[null,null,null,null,null]','[]',2,'0',2),(1341273,29037,3677,'move',-9,-4,0,0,6,1,1,0,'[null,null,null,null,null]','[]',2,'0',2),(1341274,29037,3677,'move',-8,-5,0,0,6,1,1,0,'[null,null,null,null,null]','[]',2,'0',2),(1341275,29037,3677,'move',-8,-6,0,0,6,1,1,0,'[null,null,null,null,null]','[]',2,'0',2),(1341276,29061,3677,'move',11,2,0,0,5,3,3,0,'[null,null,null,null,null]','[]',2,'0',3),(1341277,29061,3677,'move',10,2,0,0,5,3,3,0,'[null,null,null,null,null]','[]',2,'0',3),(1341278,29061,3677,'move',9,2,0,0,5,3,3,0,'[null,null,null,null,null]','[]',2,'0',3),(1341279,29061,3677,'move',8,2,0,0,5,3,3,0,'[null,null,null,null,null]','[]',2,'0',3),(1341280,29061,3677,'move',7,2,0,0,5,3,3,0,'[null,null,null,null,null]','[]',2,'0',3),(1341281,29040,3677,'slipleft',-11,2,0,0,7,0,0,0,'[null,null,null,null,2]','[null,null,null,null,null,null,2]',2,'0',4),(1341282,29040,3677,'move',-10,2,0,0,7,0,0,0,'[null,null,null,null,null]','[]',2,'0',4),(1341283,29040,3677,'move',-9,2,0,0,7,0,0,0,'[null,null,null,null,null]','[]',2,'0',4),(1341284,29040,3677,'move',-8,2,0,0,7,0,0,0,'[null,null,null,null,null]','[]',2,'0',4),(1341285,29040,3677,'move',-7,2,0,0,7,0,0,0,'[null,null,null,null,null]','[]',2,'0',4),(1341286,29040,3677,'move',-6,2,0,0,7,0,0,0,'[null,null,null,null,null]','[]',2,'0',4),(1341287,29040,3677,'move',-5,2,0,0,7,0,0,0,'[null,null,null,null,null]','[]',2,'0',4),(1341288,29059,3677,'speedchange',13,2,0,0,6,3,3,0,'[null,null,2,null,null]','[null,null,null,null,null,null,null,null,null,null,null,null,null,null,null,1,1]',2,'1',5),(1341289,29059,3677,'move',12,2,0,0,6,3,3,0,'[null,null,null,null,null]','[]',2,'0',5),(1341290,29059,3677,'move',11,2,0,0,6,3,3,0,'[null,null,null,null,null]','[]',2,'0',5),(1341291,29059,3677,'move',10,2,0,0,6,3,3,0,'[null,null,null,null,null]','[]',2,'0',5),(1341292,29059,3677,'move',9,2,0,0,6,3,3,0,'[null,null,null,null,null]','[]',2,'0',5),(1341293,29059,3677,'move',8,2,0,0,6,3,3,0,'[null,null,null,null,null]','[]',2,'0',5),(1341294,29059,3677,'move',7,2,0,0,6,3,3,0,'[null,null,null,null,null]','[]',2,'0',5),(1341295,29063,3677,'speedchange',12,-4,0,0,5,3,3,0,'[null,2,null,null,null]','[null,null,null,null,null,null,null,1,1]',2,'0',6),(1341296,29063,3677,'slipright',12,-3,0,0,5,3,3,0,'[null,null,null,1,null]','[null,null,null,null,null,1]',2,'0',6),(1341297,29063,3677,'move',11,-3,0,0,5,3,3,0,'[null,null,null,null,null]','[]',2,'0',6),(1341298,29063,3677,'move',10,-3,0,0,5,3,3,0,'[null,null,null,null,null]','[]',2,'0',6),(1341299,29063,3677,'move',9,-3,0,0,5,3,3,0,'[null,null,null,null,null]','[]',2,'0',6),(1341300,29063,3677,'slipleft',8,-4,0,0,5,3,3,0,'[null,null,null,null,1]','[null,null,null,null,null,null,1]',2,'0',6),(1341301,29039,3677,'turnright',-11,6,0,0,6,1,1,0,'[0,null,1,1,null]','[null,null,null,null,null,1,null,null,null,null,null,null,null,1]',2,'0',7),(1341302,29039,3677,'move',-10,5,0,0,6,1,1,0,'[null,null,null,null,null]','[]',2,'0',7),(1341303,29039,3677,'move',-10,4,0,0,6,1,1,0,'[null,null,null,null,null]','[]',2,'0',7),(1341304,29039,3677,'move',-9,3,0,0,6,1,1,0,'[null,null,null,null,null]','[]',2,'0',7),(1341305,29039,3677,'move',-9,2,0,0,6,1,1,0,'[null,null,null,null,null]','[]',2,'0',7),(1341306,29039,3677,'turnleft',-9,2,0,0,6,0,0,0,'[0,null,1,null,1]','[null,null,null,null,null,null,1,null,null,null,null,null,null,1]',2,'0',7),(1341307,29039,3677,'move',-8,2,0,0,6,0,0,0,'[null,null,null,null,null]','[]',2,'0',7),(1341308,29039,3677,'move',-7,2,0,0,6,0,0,0,'[null,null,null,null,null]','[]',2,'0',7),(1341309,29038,3677,'turnright',-5,4,0,0,12,1,1,0,'[4,null,null,null,null]','[4]',2,'0',8),(1341310,29038,3677,'move',-4,3,0,0,12,1,1,0,'[null,null,null,null,null]','[]',2,'0',8),(1341311,29038,3677,'move',-4,2,0,0,12,1,1,0,'[null,null,null,null,null]','[]',2,'0',8),(1341312,29038,3677,'move',-3,1,0,0,12,1,1,0,'[null,null,null,null,null]','[]',2,'0',8),(1341313,29038,3677,'move',-3,0,0,0,12,1,1,0,'[null,null,null,null,null]','[]',2,'0',8),(1341314,29038,3677,'move',-2,-1,0,0,12,1,1,0,'[null,null,null,null,null]','[]',2,'0',8),(1341315,29038,3677,'move',-2,-2,0,0,12,1,1,0,'[null,null,null,null,null]','[]',2,'0',8),(1341316,29038,3677,'move',-1,-3,0,0,12,1,1,0,'[null,null,null,null,null]','[]',2,'0',8),(1341317,29038,3677,'move',-1,-4,0,0,12,1,1,0,'[null,null,null,null,null]','[]',2,'0',8),(1341318,29038,3677,'move',0,-5,0,0,12,1,1,0,'[null,null,null,null,null]','[]',2,'0',8),(1341319,29038,3677,'turnleft',0,-5,0,0,12,0,0,0,'[4,null,null,null,null]','[4]',2,'0',8),(1341320,29038,3677,'move',1,-5,0,0,12,0,0,0,'[null,null,null,null,null]','[]',2,'0',8),(1341321,29038,3677,'move',2,-5,0,0,12,0,0,0,'[null,null,null,null,null]','[]',2,'0',8),(1341322,29038,3677,'move',3,-5,0,0,12,0,0,0,'[null,null,null,null,null]','[]',2,'0',8),(1341323,29060,3677,'speedchange',12,-3,0,0,5,3,3,0,'[null,2,null,null,null]','[null,null,null,null,null,null,null,null,1,1]',2,'0',9),(1341324,29060,3677,'slipleft',11,-4,0,0,5,3,3,0,'[null,null,null,null,1]','[null,null,null,null,null,null,1]',2,'0',9),(1341325,29060,3677,'move',10,-4,0,0,5,3,3,0,'[null,null,null,null,null]','[]',2,'0',9),(1341326,29060,3677,'slipleft',10,-5,0,0,5,3,3,0,'[null,null,null,null,1]','[null,null,null,null,null,null,1]',2,'0',9),(1341327,29060,3677,'move',9,-5,0,0,5,3,3,0,'[null,null,null,null,null]','[]',2,'0',9),(1341328,29060,3677,'slipright',8,-4,0,0,5,3,3,0,'[null,null,null,1,null]','[null,null,null,null,null,1]',2,'0',9),(1341329,29062,3677,'speedchange',11,-5,0,0,6,3,3,0,'[1,null,null,null,null]','[1]',2,'0',10),(1341330,29062,3677,'speedchange',11,-5,0,0,5,3,3,0,'[1,null,null,null,null]','[1]',2,'0',10),(1341331,29062,3677,'turnleft',11,-5,0,0,5,2,2,0,'[2,null,null,null,null]','[2]',2,'0',10),(1341332,29062,3677,'move',10,-6,0,0,5,2,2,0,'[null,null,null,null,null]','[]',2,'0',10),(1341333,29062,3677,'move',10,-7,0,0,5,2,2,0,'[null,null,null,null,null]','[]',2,'0',10),(1341334,29062,3677,'turnright',10,-7,0,0,5,3,3,0,'[2,null,null,null,null]','[2]',2,'0',10),(1341335,29062,3677,'turnright',10,-7,0,0,5,4,4,0,'[2,null,null,null,null]','[2]',2,'0',10),(1341336,29062,3677,'move',9,-6,0,0,5,4,4,0,'[null,null,null,null,null]','[]',2,'0',10),(1341337,29062,3677,'move',9,-5,0,0,5,4,4,0,'[null,null,null,null,null]','[]',2,'0',10),(1341338,29062,3677,'move',8,-4,0,0,5,4,4,0,'[null,null,null,null,null]','[]',2,'0',10),(1341339,29062,3677,'turnleft',8,-4,0,0,5,3,3,0,'[2,null,null,null,null]','[2]',2,'0',10),(1341340,29062,3677,'jink',8,-4,0,0,5,3,3,0,'[1]','[1]',2,'1',10),(1341341,29062,3677,'jink',8,-4,0,0,5,3,3,0,'[1]','[1]',2,'1',10),(1341342,29058,3677,'move',11,2,0,0,5,3,3,0,'[null,null,null,null,null]','[]',2,'0',11),(1341343,29058,3677,'move',10,2,0,0,5,3,3,0,'[null,null,null,null,null]','[]',2,'0',11),(1341344,29058,3677,'move',9,2,0,0,5,3,3,0,'[null,null,null,null,null]','[]',2,'0',11),(1341345,29058,3677,'move',8,2,0,0,5,3,3,0,'[null,null,null,null,null]','[]',2,'0',11),(1341346,29058,3677,'move',7,2,0,0,5,3,3,0,'[null,null,null,null,null]','[]',2,'0',11),(1341347,29041,3677,'turnright',-5,3,0,0,12,1,1,0,'[4,null,null,null,null]','[4]',2,'0',12),(1341348,29041,3677,'move',-5,2,0,0,12,1,1,0,'[null,null,null,null,null]','[]',2,'0',12),(1341349,29041,3677,'move',-4,1,0,0,12,1,1,0,'[null,null,null,null,null]','[]',2,'0',12),(1341350,29041,3677,'move',-4,0,0,0,12,1,1,0,'[null,null,null,null,null]','[]',2,'0',12),(1341351,29041,3677,'move',-3,-1,0,0,12,1,1,0,'[null,null,null,null,null]','[]',2,'0',12),(1341352,29041,3677,'move',-3,-2,0,0,12,1,1,0,'[null,null,null,null,null]','[]',2,'0',12),(1341353,29041,3677,'move',-2,-3,0,0,12,1,1,0,'[null,null,null,null,null]','[]',2,'0',12),(1341354,29041,3677,'move',-2,-4,0,0,12,1,1,0,'[null,null,null,null,null]','[]',2,'0',12),(1341355,29041,3677,'move',-1,-5,0,0,12,1,1,0,'[null,null,null,null,null]','[]',2,'0',12),(1341356,29041,3677,'turnleft',-1,-5,0,0,12,0,0,0,'[4,null,null,null,null]','[4]',2,'0',12),(1341357,29041,3677,'move',0,-5,0,0,12,0,0,0,'[null,null,null,null,null]','[]',2,'0',12),(1341358,29041,3677,'move',1,-5,0,0,12,0,0,0,'[null,null,null,null,null]','[]',2,'0',12),(1341359,29041,3677,'move',2,-5,0,0,12,0,0,0,'[null,null,null,null,null]','[]',2,'0',12),(1341360,29041,3677,'move',3,-5,0,0,12,0,0,0,'[null,null,null,null,null]','[]',2,'0',12),(1341361,29042,3677,'turnright',-4,3,0,0,12,1,1,0,'[4,null,null,null,null]','[4]',2,'0',13),(1341362,29042,3677,'move',-4,2,0,0,12,1,1,0,'[null,null,null,null,null]','[]',2,'0',13),(1341363,29042,3677,'move',-3,1,0,0,12,1,1,0,'[null,null,null,null,null]','[]',2,'0',13),(1341364,29042,3677,'move',-3,0,0,0,12,1,1,0,'[null,null,null,null,null]','[]',2,'0',13),(1341365,29042,3677,'move',-2,-1,0,0,12,1,1,0,'[null,null,null,null,null]','[]',2,'0',13),(1341366,29042,3677,'move',-2,-2,0,0,12,1,1,0,'[null,null,null,null,null]','[]',2,'0',13),(1341367,29042,3677,'move',-1,-3,0,0,12,1,1,0,'[null,null,null,null,null]','[]',2,'0',13),(1341368,29042,3677,'move',-1,-4,0,0,12,1,1,0,'[null,null,null,null,null]','[]',2,'0',13),(1341369,29042,3677,'move',0,-5,0,0,12,1,1,0,'[null,null,null,null,null]','[]',2,'0',13),(1341370,29042,3677,'turnleft',0,-5,0,0,12,0,0,0,'[4,null,null,null,null]','[4]',2,'0',13),(1341371,29042,3677,'move',1,-5,0,0,12,0,0,0,'[null,null,null,null,null]','[]',2,'0',13),(1341372,29042,3677,'move',2,-5,0,0,12,0,0,0,'[null,null,null,null,null]','[]',2,'0',13),(1341373,29042,3677,'move',3,-5,0,0,12,0,0,0,'[null,null,null,null,null]','[]',2,'0',13),(1341374,29042,3677,'move',4,-5,0,0,12,0,0,0,'[null,null,null,null,null]','[]',2,'0',13),(1341375,29042,3677,'jink',4,-5,0,0,12,0,0,0,'[1]','[1]',2,'1',13),(1341376,29042,3677,'jink',4,-5,0,0,12,0,0,0,'[1]','[1]',2,'1',13),(1341377,29080,3679,'deploy',17,-2,0,0,5,3,3,0,'[null,null,null,null,null]','[]',1,'0',8),(1341378,29080,3679,'speedchange',17,-2,0,0,6,3,3,0,'[1,null,null,null,null]','[1]',1,'1',8),(1341379,29080,3679,'speedchange',17,-2,0,0,7,3,3,0,'[1,null,null,null,null]','[1]',1,'1',8),(1341380,29080,3679,'speedchange',17,-2,0,0,8,3,3,0,'[1,null,null,null,null]','[1]',1,'1',8),(1341381,29080,3679,'speedchange',17,-2,0,0,9,3,3,0,'[1,null,null,null,null]','[1]',1,'1',8),(1341382,29080,3679,'move',16,-2,0,0,9,3,3,0,'[null,null,null,null,null]','[]',1,'0',8),(1341383,29080,3679,'move',15,-2,0,0,9,3,3,0,'[null,null,null,null,null]','[]',1,'0',8),(1341384,29080,3679,'move',14,-2,0,0,9,3,3,0,'[null,null,null,null,null]','[]',1,'0',8),(1341385,29080,3679,'move',13,-2,0,0,9,3,3,0,'[null,null,null,null,null]','[]',1,'0',8),(1341386,29080,3679,'move',12,-2,0,0,9,3,3,0,'[null,null,null,null,null]','[]',1,'0',8),(1341387,29080,3679,'move',11,-2,0,0,9,3,3,0,'[null,null,null,null,null]','[]',1,'0',8),(1341388,29080,3679,'move',10,-2,0,0,9,3,3,0,'[null,null,null,null,null]','[]',1,'0',8),(1341389,29080,3679,'move',9,-2,0,0,9,3,3,0,'[null,null,null,null,null]','[]',1,'0',8),(1341390,29080,3679,'move',8,-2,0,0,9,3,3,0,'[null,null,null,null,null]','[]',1,'0',8),(1341391,29075,3680,'deploy',-20,-14,0,0,6,0,0,0,'[null,null,null,null,null]','[]',1,'0',6),(1341392,29075,3680,'move',-19,-14,0,0,6,0,0,0,'[null,null,null,null,null]','[]',1,'0',6),(1341393,29075,3680,'move',-18,-14,0,0,6,0,0,0,'[null,null,null,null,null]','[]',1,'0',6),(1341394,29075,3680,'move',-17,-14,0,0,6,0,0,0,'[null,null,null,null,null]','[]',1,'0',6),(1341395,29075,3680,'move',-16,-14,0,0,6,0,0,0,'[null,null,null,null,null]','[]',1,'0',6),(1341396,29075,3680,'move',-15,-14,0,0,6,0,0,0,'[null,null,null,null,null]','[]',1,'0',6),(1341397,29075,3680,'move',-14,-14,0,0,6,0,0,0,'[null,null,null,null,null]','[]',1,'0',6),(1341398,29087,3680,'deploy',16,-2,0,0,7,3,3,0,'[null,null,null,null,null]','[]',1,'0',7),(1341399,29087,3680,'move',15,-2,0,0,7,3,3,0,'[null,null,null,null,null]','[]',1,'0',7),(1341400,29087,3680,'move',14,-2,0,0,7,3,3,0,'[null,null,null,null,null]','[]',1,'0',7),(1341401,29087,3680,'move',13,-2,0,0,7,3,3,0,'[null,null,null,null,null]','[]',1,'0',7),(1341402,29087,3680,'move',12,-2,0,0,7,3,3,0,'[null,null,null,null,null]','[]',1,'0',7),(1341403,29087,3680,'move',11,-2,0,0,7,3,3,0,'[null,null,null,null,null]','[]',1,'0',7),(1341404,29087,3680,'move',10,-2,0,0,7,3,3,0,'[null,null,null,null,null]','[]',1,'0',7),(1341405,29087,3680,'move',9,-2,0,0,7,3,3,0,'[null,null,null,null,null]','[]',1,'0',7),(1341406,29086,3680,'deploy',16,6,0,0,5,3,3,0,'[null,null,null,null,null]','[]',1,'0',8),(1341407,29086,3680,'move',15,6,0,0,5,3,3,0,'[null,null,null,null,null]','[]',1,'0',8),(1341408,29086,3680,'move',14,6,0,0,5,3,3,0,'[null,null,null,null,null]','[]',1,'0',8),(1341409,29086,3680,'move',13,6,0,0,5,3,3,0,'[null,null,null,null,null]','[]',1,'0',8),(1341410,29086,3680,'move',12,6,0,0,5,3,3,0,'[null,null,null,null,null]','[]',1,'0',8),(1341411,29086,3680,'move',11,6,0,0,5,3,3,0,'[null,null,null,null,null]','[]',1,'0',8),(1341412,29065,3679,'deploy',-17,2,0,0,5,0,0,0,'[null,null,null,null,null]','[]',1,'0',9),(1341413,29065,3679,'slipright',-16,1,0,0,5,0,0,0,'[null,null,null,1,null]','[null,null,null,null,null,null,null,null,1]',1,'0',9),(1341414,29065,3679,'move',-15,1,0,0,5,0,0,0,'[null,null,null,null,null]','[]',1,'0',9),(1341415,29065,3679,'slipright',-15,0,0,0,5,0,0,0,'[null,null,null,1,null]','[null,null,null,null,null,null,null,null,1]',1,'0',9),(1341416,29065,3679,'move',-14,0,0,0,5,0,0,0,'[null,null,null,null,null]','[]',1,'0',9),(1341417,29065,3679,'move',-13,0,0,0,5,0,0,0,'[null,null,null,null,null]','[]',1,'0',9),(1341418,29082,3679,'deploy',18,-1,0,0,5,3,3,0,'[null,null,null,null,null]','[]',1,'0',10),(1341419,29082,3679,'move',17,-1,0,0,5,3,3,0,'[null,null,null,null,null]','[]',1,'0',10),(1341420,29082,3679,'move',16,-1,0,0,5,3,3,0,'[null,null,null,null,null]','[]',1,'0',10),(1341421,29082,3679,'move',15,-1,0,0,5,3,3,0,'[null,null,null,null,null]','[]',1,'0',10),(1341422,29082,3679,'move',14,-1,0,0,5,3,3,0,'[null,null,null,null,null]','[]',1,'0',10),(1341423,29082,3679,'move',13,-1,0,0,5,3,3,0,'[null,null,null,null,null]','[]',1,'0',10),(1341424,29081,3679,'deploy',17,2,0,0,5,3,3,0,'[null,null,null,null,null]','[]',1,'0',11),(1341425,29081,3679,'speedchange',17,2,0,0,6,3,3,0,'[1,null,null,null,null]','[1]',1,'1',11),(1341426,29081,3679,'speedchange',17,2,0,0,7,3,3,0,'[1,null,null,null,null]','[1]',1,'1',11),(1341427,29081,3679,'speedchange',17,2,0,0,8,3,3,0,'[1,null,null,null,null]','[1]',1,'1',11),(1341428,29081,3679,'speedchange',17,2,0,0,9,3,3,0,'[1,null,null,null,null]','[1]',1,'1',11),(1341429,29081,3679,'move',16,2,0,0,9,3,3,0,'[null,null,null,null,null]','[]',1,'0',11),(1341430,29081,3679,'move',15,2,0,0,9,3,3,0,'[null,null,null,null,null]','[]',1,'0',11),(1341431,29081,3679,'move',14,2,0,0,9,3,3,0,'[null,null,null,null,null]','[]',1,'0',11),(1341432,29081,3679,'move',13,2,0,0,9,3,3,0,'[null,null,null,null,null]','[]',1,'0',11),(1341433,29081,3679,'move',12,2,0,0,9,3,3,0,'[null,null,null,null,null]','[]',1,'0',11),(1341434,29081,3679,'move',11,2,0,0,9,3,3,0,'[null,null,null,null,null]','[]',1,'0',11),(1341435,29081,3679,'move',10,2,0,0,9,3,3,0,'[null,null,null,null,null]','[]',1,'0',11),(1341436,29081,3679,'move',9,2,0,0,9,3,3,0,'[null,null,null,null,null]','[]',1,'0',11),(1341437,29081,3679,'move',8,2,0,0,9,3,3,0,'[null,null,null,null,null]','[]',1,'0',11),(1341438,29078,3680,'deploy',-21,-12,0,0,6,0,0,0,'[null,null,null,null,null]','[]',1,'0',9),(1341439,29078,3680,'speedchange',-21,-12,0,0,7,0,0,0,'[1,null,null,null,null]','[1]',1,'1',9),(1341440,29078,3680,'speedchange',-21,-12,0,0,8,0,0,0,'[1,null,null,null,null]','[1]',1,'1',9),(1341441,29078,3680,'speedchange',-21,-12,0,0,9,0,0,0,'[1,null,null,null,null]','[1]',1,'1',9),(1341442,29078,3680,'move',-20,-12,0,0,9,0,0,0,'[null,null,null,null,null]','[]',1,'0',9),(1341443,29078,3680,'move',-19,-12,0,0,9,0,0,0,'[null,null,null,null,null]','[]',1,'0',9),(1341444,29078,3680,'move',-18,-12,0,0,9,0,0,0,'[null,null,null,null,null]','[]',1,'0',9),(1341445,29078,3680,'move',-17,-12,0,0,9,0,0,0,'[null,null,null,null,null]','[]',1,'0',9),(1341446,29078,3680,'move',-16,-12,0,0,9,0,0,0,'[null,null,null,null,null]','[]',1,'0',9),(1341447,29078,3680,'move',-15,-12,0,0,9,0,0,0,'[null,null,null,null,null]','[]',1,'0',9),(1341448,29078,3680,'move',-14,-12,0,0,9,0,0,0,'[null,null,null,null,null]','[]',1,'0',9),(1341449,29078,3680,'move',-13,-12,0,0,9,0,0,0,'[null,null,null,null,null]','[]',1,'0',9),(1341450,29078,3680,'move',-12,-12,0,0,9,0,0,0,'[null,null,null,null,null]','[]',1,'0',9),(1341451,29076,3680,'deploy',-20,-13,0,0,3,0,0,0,'[null,null,null,null,null]','[]',1,'0',10),(1341452,29076,3680,'speedchange',-20,-13,0,0,2,0,0,0,'[null,3,null,null,null]','[null,null,null,null,null,null,null,2,1]',1,'0',10),(1341453,29076,3680,'speedchange',-20,-13,0,0,1,0,0,0,'[null,3,null,null,null]','[null,null,null,null,null,null,null,1,2]',1,'0',10),(1341454,29076,3680,'slipright',-20,-14,0,0,1,0,0,0,'[null,null,null,1,null]','[null,null,null,null,null,1]',1,'0',10),(1341455,29077,3680,'deploy',-21,-14,0,0,6,0,0,0,'[null,null,null,null,null]','[]',1,'0',11),(1341456,29077,3680,'speedchange',-21,-14,0,0,7,0,0,0,'[1,null,null,null,null]','[1]',1,'1',11),(1341457,29077,3680,'speedchange',-21,-14,0,0,8,0,0,0,'[1,null,null,null,null]','[1]',1,'1',11),(1341458,29077,3680,'speedchange',-21,-14,0,0,9,0,0,0,'[1,null,null,null,null]','[1]',1,'1',11),(1341459,29077,3680,'move',-20,-14,0,0,9,0,0,0,'[null,null,null,null,null]','[]',1,'0',11),(1341460,29077,3680,'move',-19,-14,0,0,9,0,0,0,'[null,null,null,null,null]','[]',1,'0',11),(1341461,29077,3680,'move',-18,-14,0,0,9,0,0,0,'[null,null,null,null,null]','[]',1,'0',11),(1341462,29077,3680,'move',-17,-14,0,0,9,0,0,0,'[null,null,null,null,null]','[]',1,'0',11),(1341463,29077,3680,'move',-16,-14,0,0,9,0,0,0,'[null,null,null,null,null]','[]',1,'0',11),(1341464,29077,3680,'move',-15,-14,0,0,9,0,0,0,'[null,null,null,null,null]','[]',1,'0',11),(1341465,29077,3680,'move',-14,-14,0,0,9,0,0,0,'[null,null,null,null,null]','[]',1,'0',11),(1341466,29077,3680,'move',-13,-14,0,0,9,0,0,0,'[null,null,null,null,null]','[]',1,'0',11),(1341467,29077,3680,'move',-12,-14,0,0,9,0,0,0,'[null,null,null,null,null]','[]',1,'0',11),(1341468,29071,3679,'deploy',-16,-5,0,0,5,0,0,0,'[null,null,null,null,null]','[]',1,'0',12),(1341469,29071,3679,'speedchange',-16,-5,0,0,6,0,0,0,'[1,null,null,null,null]','[1]',1,'1',12),(1341470,29071,3679,'speedchange',-16,-5,0,0,7,0,0,0,'[1,null,null,null,null]','[1]',1,'1',12),(1341471,29071,3679,'speedchange',-16,-5,0,0,8,0,0,0,'[1,null,null,null,null]','[1]',1,'1',12),(1341472,29071,3679,'speedchange',-16,-5,0,0,9,0,0,0,'[1,null,null,null,null]','[1]',1,'1',12),(1341473,29071,3679,'move',-15,-5,0,0,9,0,0,0,'[null,null,null,null,null]','[]',1,'0',12),(1341474,29071,3679,'move',-14,-5,0,0,9,0,0,0,'[null,null,null,null,null]','[]',1,'0',12),(1341475,29071,3679,'move',-13,-5,0,0,9,0,0,0,'[null,null,null,null,null]','[]',1,'0',12),(1341476,29071,3679,'move',-12,-5,0,0,9,0,0,0,'[null,null,null,null,null]','[]',1,'0',12),(1341477,29071,3679,'move',-11,-5,0,0,9,0,0,0,'[null,null,null,null,null]','[]',1,'0',12),(1341478,29071,3679,'move',-10,-5,0,0,9,0,0,0,'[null,null,null,null,null]','[]',1,'0',12),(1341479,29071,3679,'move',-9,-5,0,0,9,0,0,0,'[null,null,null,null,null]','[]',1,'0',12),(1341480,29071,3679,'move',-8,-5,0,0,9,0,0,0,'[null,null,null,null,null]','[]',1,'0',12),(1341481,29071,3679,'move',-7,-5,0,0,9,0,0,0,'[null,null,null,null,null]','[]',1,'0',12),(1341482,29070,3679,'deploy',-17,-5,0,0,5,0,0,0,'[null,null,null,null,null]','[]',1,'0',13),(1341483,29070,3679,'speedchange',-17,-5,0,0,6,0,0,0,'[1,null,null,null,null]','[1]',1,'1',13),(1341484,29070,3679,'speedchange',-17,-5,0,0,7,0,0,0,'[1,null,null,null,null]','[1]',1,'1',13),(1341485,29070,3679,'speedchange',-17,-5,0,0,8,0,0,0,'[1,null,null,null,null]','[1]',1,'1',13),(1341486,29070,3679,'speedchange',-17,-5,0,0,9,0,0,0,'[1,null,null,null,null]','[1]',1,'1',13),(1341487,29070,3679,'speedchange',-17,-5,0,0,10,0,0,0,'[1,null,null,null,null]','[1]',1,'1',13),(1341488,29070,3679,'move',-16,-5,0,0,10,0,0,0,'[null,null,null,null,null]','[]',1,'0',13),(1341489,29070,3679,'move',-15,-5,0,0,10,0,0,0,'[null,null,null,null,null]','[]',1,'0',13),(1341490,29070,3679,'move',-14,-5,0,0,10,0,0,0,'[null,null,null,null,null]','[]',1,'0',13),(1341491,29070,3679,'move',-13,-5,0,0,10,0,0,0,'[null,null,null,null,null]','[]',1,'0',13),(1341492,29070,3679,'move',-12,-5,0,0,10,0,0,0,'[null,null,null,null,null]','[]',1,'0',13),(1341493,29070,3679,'move',-11,-5,0,0,10,0,0,0,'[null,null,null,null,null]','[]',1,'0',13),(1341494,29070,3679,'move',-10,-5,0,0,10,0,0,0,'[null,null,null,null,null]','[]',1,'0',13),(1341495,29070,3679,'move',-9,-5,0,0,10,0,0,0,'[null,null,null,null,null]','[]',1,'0',13),(1341496,29070,3679,'move',-8,-5,0,0,10,0,0,0,'[null,null,null,null,null]','[]',1,'0',13),(1341497,29070,3679,'slipright',-8,-6,0,0,10,0,0,0,'[1,null,null,null,null]','[1]',1,'0',13),(1341498,29067,3679,'deploy',-17,-4,0,0,7,0,0,0,'[null,null,null,null,null]','[]',1,'0',14),(1341499,29067,3679,'speedchange',-17,-4,0,0,8,0,0,0,'[null,null,1,null,null]','[null,null,null,null,null,null,1]',1,'1',14),(1341500,29067,3679,'move',-16,-4,0,0,8,0,0,0,'[null,null,null,null,null]','[]',1,'0',14),(1341501,29067,3679,'move',-15,-4,0,0,8,0,0,0,'[null,null,null,null,null]','[]',1,'0',14),(1341502,29067,3679,'move',-14,-4,0,0,8,0,0,0,'[null,null,null,null,null]','[]',1,'0',14),(1341503,29067,3679,'move',-13,-4,0,0,8,0,0,0,'[null,null,null,null,null]','[]',1,'0',14),(1341504,29067,3679,'move',-12,-4,0,0,8,0,0,0,'[null,null,null,null,null]','[]',1,'0',14),(1341505,29067,3679,'move',-11,-4,0,0,8,0,0,0,'[null,null,null,null,null]','[]',1,'0',14),(1341506,29067,3679,'move',-10,-4,0,0,8,0,0,0,'[null,null,null,null,null]','[]',1,'0',14),(1341507,29067,3679,'slipright',-9,-5,0,0,8,0,0,0,'[null,null,null,2,null]','[null,null,null,null,null,null,null,null,null,null,2]',1,'0',14),(1341508,29072,3679,'deploy',-18,-5,0,0,7,0,0,0,'[null,null,null,null,null]','[]',1,'0',15),(1341509,29072,3679,'speedchange',-18,-5,0,0,8,0,0,0,'[1,null,null,null,null]','[1]',1,'1',15),(1341510,29072,3679,'speedchange',-18,-5,0,0,9,0,0,0,'[1,null,null,null,null]','[1]',1,'1',15),(1341511,29072,3679,'move',-17,-5,0,0,9,0,0,0,'[null,null,null,null,null]','[]',1,'0',15),(1341512,29072,3679,'move',-16,-5,0,0,9,0,0,0,'[null,null,null,null,null]','[]',1,'0',15),(1341513,29072,3679,'move',-15,-5,0,0,9,0,0,0,'[null,null,null,null,null]','[]',1,'0',15),(1341514,29072,3679,'move',-14,-5,0,0,9,0,0,0,'[null,null,null,null,null]','[]',1,'0',15),(1341515,29072,3679,'move',-13,-5,0,0,9,0,0,0,'[null,null,null,null,null]','[]',1,'0',15),(1341516,29072,3679,'move',-12,-5,0,0,9,0,0,0,'[null,null,null,null,null]','[]',1,'0',15),(1341517,29072,3679,'move',-11,-5,0,0,9,0,0,0,'[null,null,null,null,null]','[]',1,'0',15),(1341518,29072,3679,'move',-10,-5,0,0,9,0,0,0,'[null,null,null,null,null]','[]',1,'0',15),(1341519,29072,3679,'slipright',-10,-6,0,0,9,0,0,0,'[1,null,null,null,null]','[1]',1,'0',15),(1341520,29091,3680,'deploy',16,10,0,0,7,3,3,0,'[null,null,null,null,null]','[]',1,'0',12),(1341521,29091,3680,'speedchange',16,10,0,0,8,3,3,0,'[1,null,null,null,null]','[1]',1,'1',12),(1341522,29091,3680,'speedchange',16,10,0,0,9,3,3,0,'[1,null,null,null,null]','[1]',1,'1',12),(1341523,29091,3680,'turnleft',16,10,0,0,9,2,2,0,'[3,null,null,null,null]','[3]',1,'0',12),(1341524,29091,3680,'move',16,9,0,0,9,2,2,0,'[null,null,null,null,null]','[]',1,'0',12),(1341525,29091,3680,'move',15,8,0,0,9,2,2,0,'[null,null,null,null,null]','[]',1,'0',12),(1341526,29091,3680,'move',15,7,0,0,9,2,2,0,'[null,null,null,null,null]','[]',1,'0',12),(1341527,29091,3680,'move',14,6,0,0,9,2,2,0,'[null,null,null,null,null]','[]',1,'0',12),(1341528,29091,3680,'move',14,5,0,0,9,2,2,0,'[null,null,null,null,null]','[]',1,'0',12),(1341529,29091,3680,'move',13,4,0,0,9,2,2,0,'[null,null,null,null,null]','[]',1,'0',12),(1341530,29091,3680,'move',13,3,0,0,9,2,2,0,'[null,null,null,null,null]','[]',1,'0',12),(1341531,29091,3680,'move',12,2,0,0,9,2,2,0,'[null,null,null,null,null]','[]',1,'0',12),(1341532,29091,3680,'move',12,1,0,0,9,2,2,0,'[null,null,null,null,null]','[]',1,'0',12),(1341533,29089,3680,'deploy',16,-8,0,0,7,3,3,0,'[null,null,null,null,null]','[]',1,'0',13),(1341534,29089,3680,'speedchange',16,-8,0,0,8,3,3,0,'[1,null,null,null,null]','[1]',1,'1',13),(1341535,29089,3680,'speedchange',16,-8,0,0,9,3,3,0,'[1,null,null,null,null]','[1]',1,'1',13),(1341536,29089,3680,'speedchange',16,-8,0,0,10,3,3,0,'[1,null,null,null,null]','[1]',1,'1',13),(1341537,29089,3680,'speedchange',16,-8,0,0,11,3,3,0,'[1,null,null,null,null]','[1]',1,'1',13),(1341538,29089,3680,'speedchange',16,-8,0,0,12,3,3,0,'[1,null,null,null,null]','[1]',1,'1',13),(1341539,29089,3680,'move',15,-8,0,0,12,3,3,0,'[null,null,null,null,null]','[]',1,'0',13),(1341540,29089,3680,'move',14,-8,0,0,12,3,3,0,'[null,null,null,null,null]','[]',1,'0',13),(1341541,29089,3680,'move',13,-8,0,0,12,3,3,0,'[null,null,null,null,null]','[]',1,'0',13),(1341542,29089,3680,'move',12,-8,0,0,12,3,3,0,'[null,null,null,null,null]','[]',1,'0',13),(1341543,29089,3680,'move',11,-8,0,0,12,3,3,0,'[null,null,null,null,null]','[]',1,'0',13),(1341544,29089,3680,'move',10,-8,0,0,12,3,3,0,'[null,null,null,null,null]','[]',1,'0',13),(1341545,29089,3680,'slipright',10,-7,0,0,12,3,3,0,'[1,null,null,null,null]','[1]',1,'0',13),(1341546,29089,3680,'move',9,-7,0,0,12,3,3,0,'[null,null,null,null,null]','[]',1,'0',13),(1341547,29089,3680,'move',8,-7,0,0,12,3,3,0,'[null,null,null,null,null]','[]',1,'0',13),(1341548,29089,3680,'move',7,-7,0,0,12,3,3,0,'[null,null,null,null,null]','[]',1,'0',13),(1341549,29089,3680,'move',6,-7,0,0,12,3,3,0,'[null,null,null,null,null]','[]',1,'0',13),(1341550,29089,3680,'move',5,-7,0,0,12,3,3,0,'[null,null,null,null,null]','[]',1,'0',13),(1341551,29027,3676,'deploy',-16,1,0,0,5,0,0,0,'[null,null,null,null,null]','[]',1,'0',2),(1341552,29027,3676,'slipleft',-16,2,0,0,5,0,0,0,'[null,null,null,null,1]','[null,null,null,null,null,null,1]',1,'0',2),(1341553,29027,3676,'move',-15,2,0,0,5,0,0,0,'[null,null,null,null,null]','[]',1,'0',2),(1341554,29027,3676,'slipleft',-14,3,0,0,5,0,0,0,'[null,null,null,null,1]','[null,null,null,null,null,null,1]',1,'0',2),(1341555,29027,3676,'move',-13,3,0,0,5,0,0,0,'[null,null,null,null,null]','[]',1,'0',2),(1341556,29027,3676,'slipleft',-13,4,0,0,5,0,0,0,'[null,null,null,null,1]','[null,null,null,null,null,null,1]',1,'0',2),(1341557,29025,3676,'deploy',-18,1,0,0,5,0,0,0,'[null,null,null,null,null]','[]',1,'0',3),(1341558,29025,3676,'turnleft',-18,1,0,0,5,5,5,0,'[0,null,2,null,2]','[null,null,null,null,null,null,null,null,null,null,null,null,null,1,1,null,null,null,null,null,2]',1,'0',3),(1341559,29025,3676,'slipright',-17,1,0,0,5,5,5,0,'[null,null,null,1,null]','[null,null,null,null,null,null,null,null,null,null,null,null,null,null,null,null,null,1]',1,'0',3),(1341560,29025,3676,'move',-17,2,0,0,5,5,5,0,'[null,null,null,null,null]','[]',1,'0',3),(1341561,29025,3676,'slipright',-16,2,0,0,5,5,5,0,'[null,null,null,1,null]','[null,null,null,null,null,null,null,null,null,null,null,null,null,null,null,null,null,1]',1,'0',3),(1341562,29025,3676,'turnright',-16,2,0,0,5,0,0,0,'[0,null,2,2,null]','[null,null,null,null,null,null,null,null,null,null,null,null,null,2,1,null,null,3]',1,'0',3),(1341563,29025,3676,'move',-15,2,0,0,5,0,0,0,'[null,null,null,null,null]','[]',1,'0',3),(1341564,29025,3676,'move',-14,2,0,0,5,0,0,0,'[null,null,null,null,null]','[]',1,'0',3),(1341565,29026,3676,'deploy',-17,0,0,0,5,0,0,0,'[null,null,null,null,null]','[]',1,'0',4),(1341566,29026,3676,'slipleft',-16,1,0,0,5,0,0,0,'[null,null,null,null,1]','[null,null,null,null,null,null,1]',1,'0',4),(1341567,29026,3676,'move',-15,1,0,0,5,0,0,0,'[null,null,null,null,null]','[]',1,'0',4),(1341568,29026,3676,'slipleft',-15,2,0,0,5,0,0,0,'[null,null,null,null,1]','[null,null,null,null,null,null,1]',1,'0',4),(1341569,29026,3676,'move',-14,2,0,0,5,0,0,0,'[null,null,null,null,null]','[]',1,'0',4),(1341570,29026,3676,'slipleft',-13,3,0,0,5,0,0,0,'[null,null,null,null,1]','[null,null,null,null,null,null,1]',1,'0',4),(1341571,29030,3676,'deploy',-17,2,0,0,5,0,0,0,'[null,null,null,null,null]','[]',1,'0',5),(1341572,29030,3676,'slipleft',-16,3,0,0,5,0,0,0,'[null,null,null,null,1]','[null,null,null,null,null,null,1]',1,'0',5),(1341573,29030,3676,'move',-15,3,0,0,5,0,0,0,'[null,null,null,null,null]','[]',1,'0',5),(1341574,29030,3676,'slipleft',-15,4,0,0,5,0,0,0,'[null,null,null,null,1]','[null,null,null,null,null,null,1]',1,'0',5),(1341575,29030,3676,'move',-14,4,0,0,5,0,0,0,'[null,null,null,null,null]','[]',1,'0',5),(1341576,29030,3676,'slipleft',-13,5,0,0,5,0,0,0,'[null,null,null,null,1]','[null,null,null,null,null,null,1]',1,'0',5),(1341577,29028,3676,'deploy',-19,1,0,0,5,0,0,0,'[null,null,null,null,null]','[]',1,'0',6),(1341578,29028,3676,'turnleft',-19,1,0,0,5,5,5,0,'[1,null,1,null,1]','[null,null,null,null,null,null,1,null,null,null,null,null,null,null,2]',1,'0',6),(1341579,29028,3676,'move',-19,2,0,0,5,5,5,0,'[null,null,null,null,null]','[]',1,'0',6),(1341580,29028,3676,'move',-18,3,0,0,5,5,5,0,'[null,null,null,null,null]','[]',1,'0',6),(1341581,29028,3676,'move',-18,4,0,0,5,5,5,0,'[null,null,null,null,null]','[]',1,'0',6),(1341582,29028,3676,'move',-17,5,0,0,5,5,5,0,'[null,null,null,null,null]','[]',1,'0',6),(1341583,29028,3676,'move',-17,6,0,0,5,5,5,0,'[null,null,null,null,null]','[]',1,'0',6),(1341584,29037,3677,'move',-7,-7,0,0,6,1,1,0,'[null,null,null,null,null]','[]',3,'0',1),(1341585,29037,3677,'move',-7,-8,0,0,6,1,1,0,'[null,null,null,null,null]','[]',3,'0',1),(1341586,29037,3677,'move',-6,-9,0,0,6,1,1,0,'[null,null,null,null,null]','[]',3,'0',1),(1341587,29037,3677,'move',-6,-10,0,0,6,1,1,0,'[null,null,null,null,null]','[]',3,'0',1),(1341588,29037,3677,'move',-5,-11,0,0,6,1,1,0,'[null,null,null,null,null]','[]',3,'0',1),(1341589,29037,3677,'move',-5,-12,0,0,6,1,1,0,'[null,null,null,null,null]','[]',3,'0',1),(1341590,29037,3677,'turnleft',-5,-12,0,0,6,0,0,0,'[0,null,3,null,3]','[null,null,null,null,null,null,null,null,null,null,null,null,null,null,1,1,1,null,null,null,null,null,null,null,null,null,null,null,null,null,3]',3,'0',1),(1341591,29057,3677,'move',7,-4,0,0,5,3,3,0,'[null,null,null,null,null]','[]',3,'0',2),(1341592,29057,3677,'move',6,-4,0,0,5,3,3,0,'[null,null,null,null,null]','[]',3,'0',2),(1341593,29057,3677,'move',5,-4,0,0,5,3,3,0,'[null,null,null,null,null]','[]',3,'0',2),(1341594,29057,3677,'turnleft',5,-4,0,0,5,2,2,0,'[0,null,2,null,2]','[null,null,null,null,null,null,null,null,null,null,null,null,1,1,1,null,null,null,null,null,null,null,null,null,null,3]',3,'0',2),(1341595,29057,3677,'move',5,-5,0,0,5,2,2,0,'[null,null,null,null,null]','[]',3,'0',2),(1341596,29057,3677,'slipright',4,-5,0,0,5,2,2,0,'[null,null,null,1,null]','[null,null,null,null,null,null,null,null,null,null,null,null,null,null,null,null,null,null,null,null,1]',3,'0',2),(1341597,29041,3677,'turnleft',3,-5,0,0,12,5,5,0,'[4,null,null,null,null]','[4]',3,'0',3),(1341598,29041,3677,'turnleft',3,-5,0,0,12,4,4,0,'[4,null,null,null,null]','[4]',3,'0',3),(1341599,29041,3677,'move',2,-4,0,0,12,4,4,0,'[null,null,null,null,null]','[]',3,'0',3),(1341600,29041,3677,'move',2,-3,0,0,12,4,4,0,'[null,null,null,null,null]','[]',3,'0',3),(1341601,29041,3677,'move',1,-2,0,0,12,4,4,0,'[null,null,null,null,null]','[]',3,'0',3),(1341602,29041,3677,'move',1,-1,0,0,12,4,4,0,'[null,null,null,null,null]','[]',3,'0',3),(1341603,29041,3677,'move',0,0,0,0,12,4,4,0,'[null,null,null,null,null]','[]',3,'0',3),(1341604,29041,3677,'move',0,1,0,0,12,4,4,0,'[null,null,null,null,null]','[]',3,'0',3),(1341605,29041,3677,'move',-1,2,0,0,12,4,4,0,'[null,null,null,null,null]','[]',3,'0',3),(1341606,29041,3677,'move',-1,3,0,0,12,4,4,0,'[null,null,null,null,null]','[]',3,'0',3),(1341607,29041,3677,'move',-2,4,0,0,12,4,4,0,'[null,null,null,null,null]','[]',3,'0',3),(1341608,29041,3677,'turnright',-2,4,0,0,12,5,5,0,'[4,null,null,null,null]','[4]',3,'0',3),(1341609,29041,3677,'move',-1,5,0,0,12,5,5,0,'[null,null,null,null,null]','[]',3,'0',3),(1341610,29041,3677,'move',-1,6,0,0,12,5,5,0,'[null,null,null,null,null]','[]',3,'0',3),(1341611,29041,3677,'move',0,7,0,0,12,5,5,0,'[null,null,null,null,null]','[]',3,'0',3),(1341612,29063,3677,'speedchange',8,-4,0,0,6,3,3,0,'[null,null,2,null,null]','[null,null,null,null,null,null,null,null,null,null,null,null,null,null,null,null,1,1]',3,'1',4),(1341613,29063,3677,'slipleft',8,-5,0,0,6,3,3,0,'[null,null,null,null,2]','[null,null,null,null,null,null,2]',3,'0',4),(1341614,29063,3677,'move',7,-5,0,0,6,3,3,0,'[null,null,null,null,null]','[]',3,'0',4),(1341615,29063,3677,'slipleft',6,-6,0,0,6,3,3,0,'[null,null,null,null,2]','[null,null,null,null,null,null,2]',3,'0',4),(1341616,29063,3677,'move',5,-6,0,0,6,3,3,0,'[null,null,null,null,null]','[]',3,'0',4),(1341617,29063,3677,'move',4,-6,0,0,6,3,3,0,'[null,null,null,null,null]','[]',3,'0',4),(1341618,29063,3677,'move',3,-6,0,0,6,3,3,0,'[null,null,null,null,null]','[]',3,'0',4),(1341619,29063,3677,'turnright',3,-6,0,0,6,4,4,0,'[1,null,1,1,null]','[null,null,null,null,null,2,null,null,null,null,null,null,null,null,null,null,2]',3,'0',4),(1341620,29039,3677,'move',-6,2,0,0,6,0,0,0,'[null,null,null,null,null]','[]',3,'0',5),(1341621,29039,3677,'turnleft',-6,2,0,0,6,5,5,0,'[0,null,1,null,1]','[null,null,null,null,null,null,1,null,null,null,null,null,null,1]',3,'0',5),(1341622,29039,3677,'move',-5,3,0,0,6,5,5,0,'[null,null,null,null,null]','[]',3,'0',5),(1341623,29039,3677,'move',-5,4,0,0,6,5,5,0,'[null,null,null,null,null]','[]',3,'0',5),(1341624,29039,3677,'move',-4,5,0,0,6,5,5,0,'[null,null,null,null,null]','[]',3,'0',5),(1341625,29039,3677,'move',-4,6,0,0,6,5,5,0,'[null,null,null,null,null]','[]',3,'0',5),(1341626,29039,3677,'move',-3,7,0,0,6,5,5,0,'[null,null,null,null,null]','[]',3,'0',5),(1341627,29059,3677,'speedchange',7,2,0,0,5,3,3,0,'[null,2,null,null,null]','[null,null,null,null,null,null,null,null,1,1]',3,'0',6),(1341628,29059,3677,'turnleft',7,2,0,0,5,2,2,0,'[0,null,1,null,1]','[null,null,null,null,null,null,1,null,null,null,null,null,null,null,null,1]',3,'0',6),(1341629,29059,3677,'move',7,1,0,0,5,2,2,0,'[null,null,null,null,null]','[]',3,'0',6),(1341630,29059,3677,'move',6,0,0,0,5,2,2,0,'[null,null,null,null,null]','[]',3,'0',6),(1341631,29059,3677,'move',6,-1,0,0,5,2,2,0,'[null,null,null,null,null]','[]',3,'0',6),(1341632,29059,3677,'move',5,-2,0,0,5,2,2,0,'[null,null,null,null,null]','[]',3,'0',6),(1341633,29059,3677,'turnright',5,-2,0,0,5,3,3,0,'[0,null,1,1,null]','[null,null,null,null,null,1,null,null,null,null,null,null,null,null,null,1,1]',3,'0',6),(1341634,29059,3677,'slipleft',5,-3,0,0,5,3,3,0,'[null,null,null,null,1]','[null,null,null,null,null,null,1]',3,'0',6),(1341635,29060,3677,'move',7,-4,0,0,5,3,3,0,'[null,null,null,null,null]','[]',3,'0',7),(1341636,29060,3677,'move',6,-4,0,0,5,3,3,0,'[null,null,null,null,null]','[]',3,'0',7),(1341637,29060,3677,'move',5,-4,0,0,5,3,3,0,'[null,null,null,null,null]','[]',3,'0',7),(1341638,29060,3677,'slipleft',5,-5,0,0,5,3,3,0,'[null,null,null,null,1]','[null,null,null,null,null,null,1]',3,'0',7),(1341639,29060,3677,'move',4,-5,0,0,5,3,3,0,'[null,null,null,null,null]','[]',3,'0',7),(1341640,29042,3677,'turnright',4,-5,0,0,12,1,1,0,'[4,null,null,null,null]','[4]',3,'0',8),(1341641,29042,3677,'turnright',4,-5,0,0,12,2,2,0,'[4,null,null,null,null]','[4]',3,'0',8),(1341642,29042,3677,'move',3,-6,0,0,12,2,2,0,'[null,null,null,null,null]','[]',3,'0',8),(1341643,29042,3677,'move',3,-7,0,0,12,2,2,0,'[null,null,null,null,null]','[]',3,'0',8),(1341644,29042,3677,'move',2,-8,0,0,12,2,2,0,'[null,null,null,null,null]','[]',3,'0',8),(1341645,29042,3677,'move',2,-9,0,0,12,2,2,0,'[null,null,null,null,null]','[]',3,'0',8),(1341646,29042,3677,'move',1,-10,0,0,12,2,2,0,'[null,null,null,null,null]','[]',3,'0',8),(1341647,29042,3677,'move',1,-11,0,0,12,2,2,0,'[null,null,null,null,null]','[]',3,'0',8),(1341648,29042,3677,'move',0,-12,0,0,12,2,2,0,'[null,null,null,null,null]','[]',3,'0',8),(1341649,29042,3677,'turnright',0,-12,0,0,12,3,3,0,'[4,null,null,null,null]','[4]',3,'0',8),(1341650,29042,3677,'move',-1,-12,0,0,12,3,3,0,'[null,null,null,null,null]','[]',3,'0',8),(1341651,29042,3677,'move',-2,-12,0,0,12,3,3,0,'[null,null,null,null,null]','[]',3,'0',8),(1341652,29042,3677,'move',-3,-12,0,0,12,3,3,0,'[null,null,null,null,null]','[]',3,'0',8),(1341653,29042,3677,'move',-4,-12,0,0,12,3,3,0,'[null,null,null,null,null]','[]',3,'0',8),(1341654,29042,3677,'move',-5,-12,0,0,12,3,3,0,'[null,null,null,null,null]','[]',3,'0',8),(1341655,29061,3677,'speedchange',7,2,0,0,6,3,3,0,'[null,null,2,null,null]','[null,null,null,null,null,null,null,null,null,null,null,null,null,null,null,1,1]',3,'1',9),(1341656,29061,3677,'turnleft',7,2,0,0,6,2,2,0,'[1,null,1,null,1]','[null,null,null,null,null,null,null,null,null,null,null,null,null,null,null,2,null,null,1]',3,'0',9),(1341657,29061,3677,'slipleft',8,1,0,0,6,2,2,0,'[null,null,null,null,2]','[null,null,null,null,null,null,null,null,null,null,null,null,null,null,null,null,null,null,2]',3,'0',9),(1341658,29061,3677,'move',7,0,0,0,6,2,2,0,'[null,null,null,null,null]','[]',3,'0',9),(1341659,29061,3677,'move',7,-1,0,0,6,2,2,0,'[null,null,null,null,null]','[]',3,'0',9),(1341660,29061,3677,'move',6,-2,0,0,6,2,2,0,'[null,null,null,null,null]','[]',3,'0',9),(1341661,29061,3677,'move',6,-3,0,0,6,2,2,0,'[null,null,null,null,null]','[]',3,'0',9),(1341662,29061,3677,'move',5,-4,0,0,6,2,2,0,'[null,null,null,null,null]','[]',3,'0',9);
/*!40000 ALTER TABLE `tac_shipmovement` ENABLE KEYS */;
UNLOCK TABLES;

--
-- Table structure for table `tac_systemdata`
--

DROP TABLE IF EXISTS `tac_systemdata`;
/*!40101 SET @saved_cs_client     = @@character_set_client */;
/*!40101 SET character_set_client = utf8 */;
CREATE TABLE `tac_systemdata` (
  `systemid` int(11) NOT NULL,
  `subsystem` varchar(45) NOT NULL,
  `gameid` int(11) NOT NULL,
  `shipid` int(11) NOT NULL,
  `data` text,
  `turn` int(11) NOT NULL DEFAULT '0',
  PRIMARY KEY (`systemid`,`subsystem`,`gameid`,`shipid`,`turn`)
) ENGINE=InnoDB DEFAULT CHARSET=utf8;
/*!40101 SET character_set_client = @saved_cs_client */;

--
-- Dumping data for table `tac_systemdata`
--

LOCK TABLES `tac_systemdata` WRITE;
/*!40000 ALTER TABLE `tac_systemdata` DISABLE KEYS */;
INSERT INTO `tac_systemdata` VALUES (0,'0',3678,29043,'{\"loading\":{\"1\":\"2\",\"2\":\"0\",\"3\":\"0\",\"4\":\"0\",\"5\":\"2\",\"6\":\"1\"}}',0),(0,'0',3678,29043,'{\"loading\":{\"1\":\"2\",\"2\":\"0\",\"3\":\"0\",\"4\":\"1\",\"5\":\"2\",\"6\":\"1\"}}',1),(1,'0',3678,29043,'{\"loading\":{\"1\":\"2\",\"2\":\"0\",\"3\":\"0\",\"4\":\"0\",\"5\":\"2\",\"6\":\"1\"}}',0),(1,'0',3678,29043,'{\"loading\":{\"1\":\"2\",\"2\":\"0\",\"3\":\"0\",\"4\":\"1\",\"5\":\"2\",\"6\":\"1\"}}',1),(2,'0',3676,29024,'{\"loading\":{\"1\":\"1\",\"2\":\"0\",\"3\":\"0\",\"4\":\"0\",\"5\":\"1\",\"6\":\"1\"}}',0),(2,'0',3676,29024,'{\"loading\":{\"1\":\"1\",\"2\":\"0\",\"3\":\"0\",\"4\":\"0\",\"5\":\"1\",\"6\":\"1\"}}',1),(2,'0',3676,29029,'{\"loading\":{\"1\":\"1\",\"2\":\"0\",\"3\":\"0\",\"4\":\"0\",\"5\":\"1\",\"6\":\"1\"}}',0),(2,'0',3676,29029,'{\"loading\":{\"1\":\"1\",\"2\":\"0\",\"3\":\"0\",\"4\":\"0\",\"5\":\"1\",\"6\":\"1\"}}',1),(2,'0',3676,29033,'{\"loading\":{\"1\":\"1\",\"2\":\"0\",\"3\":\"0\",\"4\":\"0\",\"5\":\"1\",\"6\":\"1\"}}',0),(2,'0',3676,29033,'{\"loading\":{\"1\":\"1\",\"2\":\"0\",\"3\":\"0\",\"4\":\"0\",\"5\":\"1\",\"6\":\"1\"}}',1),(2,'0',3676,29034,'{\"loading\":{\"1\":\"1\",\"2\":\"0\",\"3\":\"0\",\"4\":\"0\",\"5\":\"1\",\"6\":\"1\"}}',0),(2,'0',3676,29034,'{\"loading\":{\"1\":\"1\",\"2\":\"0\",\"3\":\"0\",\"4\":\"0\",\"5\":\"1\",\"6\":\"1\"}}',1),(2,'0',3676,29036,'{\"loading\":{\"1\":\"1\",\"2\":\"0\",\"3\":\"0\",\"4\":\"0\",\"5\":\"1\",\"6\":\"1\"}}',0),(2,'0',3676,29036,'{\"loading\":{\"1\":\"1\",\"2\":\"0\",\"3\":\"0\",\"4\":\"0\",\"5\":\"1\",\"6\":\"1\"}}',1),(2,'0',3677,29038,'{\"loading\":{\"1\":\"1\",\"2\":\"0\",\"3\":\"0\",\"4\":\"0\",\"5\":\"1\",\"6\":\"1\"}}',0),(2,'0',3677,29038,'{\"loading\":{\"1\":\"1\",\"2\":\"0\",\"3\":\"0\",\"4\":\"1\",\"5\":\"1\",\"6\":\"1\"}}',1),(2,'0',3677,29038,'{\"loading\":{\"1\":\"1\",\"2\":\"0\",\"3\":\"0\",\"4\":\"1\",\"5\":\"1\",\"6\":\"1\"}}',2),(2,'0',3677,29038,'{\"loading\":{\"1\":\"1\",\"2\":\"0\",\"3\":\"0\",\"4\":\"0\",\"5\":\"1\",\"6\":\"1\"}}',3),(2,'0',3677,29041,'{\"loading\":{\"1\":\"1\",\"2\":\"0\",\"3\":\"0\",\"4\":\"0\",\"5\":\"1\",\"6\":\"1\"}}',0),(2,'0',3677,29041,'{\"loading\":{\"1\":\"1\",\"2\":\"0\",\"3\":\"0\",\"4\":\"1\",\"5\":\"1\",\"6\":\"1\"}}',1),(2,'0',3677,29041,'{\"loading\":{\"1\":\"1\",\"2\":\"0\",\"3\":\"0\",\"4\":\"1\",\"5\":\"1\",\"6\":\"1\"}}',2),(2,'0',3677,29041,'{\"loading\":{\"1\":\"1\",\"2\":\"0\",\"3\":\"0\",\"4\":\"0\",\"5\":\"1\",\"6\":\"1\"}}',3),(2,'0',3677,29042,'{\"loading\":{\"1\":\"1\",\"2\":\"0\",\"3\":\"0\",\"4\":\"0\",\"5\":\"1\",\"6\":\"1\"}}',0),(2,'0',3677,29042,'{\"loading\":{\"1\":\"1\",\"2\":\"0\",\"3\":\"0\",\"4\":\"1\",\"5\":\"1\",\"6\":\"1\"}}',1),(2,'0',3677,29042,'{\"loading\":{\"1\":\"1\",\"2\":\"0\",\"3\":\"0\",\"4\":\"1\",\"5\":\"1\",\"6\":\"1\"}}',2),(2,'0',3677,29042,'{\"loading\":{\"1\":\"1\",\"2\":\"0\",\"3\":\"0\",\"4\":\"0\",\"5\":\"1\",\"6\":\"1\"}}',3),(2,'0',3677,29058,'{\"loading\":{\"1\":\"1\",\"2\":\"0\",\"3\":\"0\",\"4\":\"0\",\"5\":\"1\",\"6\":\"1\"}}',0),(2,'0',3677,29058,'{\"loading\":{\"1\":\"1\",\"2\":\"0\",\"3\":\"0\",\"4\":\"1\",\"5\":\"1\",\"6\":\"1\"}}',1),(2,'0',3677,29058,'{\"loading\":{\"1\":\"1\",\"2\":\"0\",\"3\":\"0\",\"4\":\"1\",\"5\":\"1\",\"6\":\"1\"}}',2),(2,'0',3677,29058,'{\"loading\":{\"1\":\"1\",\"2\":\"0\",\"3\":\"0\",\"4\":\"0\",\"5\":\"1\",\"6\":\"1\"}}',3),(2,'0',3677,29062,'{\"loading\":{\"1\":\"1\",\"2\":\"0\",\"3\":\"0\",\"4\":\"0\",\"5\":\"1\",\"6\":\"1\"}}',0),(2,'0',3677,29062,'{\"loading\":{\"1\":\"1\",\"2\":\"0\",\"3\":\"0\",\"4\":\"1\",\"5\":\"1\",\"6\":\"1\"}}',1),(2,'0',3677,29062,'{\"loading\":{\"1\":\"1\",\"2\":\"0\",\"3\":\"0\",\"4\":\"1\",\"5\":\"1\",\"6\":\"1\"}}',2),(2,'0',3677,29062,'{\"loading\":{\"1\":\"1\",\"2\":\"0\",\"3\":\"0\",\"4\":\"0\",\"5\":\"1\",\"6\":\"1\"}}',3),(2,'0',3678,29047,'{\"loading\":{\"1\":\"1\",\"2\":\"0\",\"3\":\"0\",\"4\":\"0\",\"5\":\"1\",\"6\":\"1\"}}',0),(2,'0',3678,29047,'{\"loading\":{\"1\":\"1\",\"2\":\"0\",\"3\":\"0\",\"4\":\"1\",\"5\":\"1\",\"6\":\"1\"}}',1),(2,'0',3678,29049,'{\"loading\":{\"1\":\"1\",\"2\":\"0\",\"3\":\"0\",\"4\":\"0\",\"5\":\"1\",\"6\":\"1\"}}',0),(2,'0',3678,29049,'{\"loading\":{\"1\":\"1\",\"2\":\"0\",\"3\":\"0\",\"4\":\"1\",\"5\":\"1\",\"6\":\"1\"}}',1),(2,'0',3678,29054,'{\"loading\":{\"1\":\"1\",\"2\":\"0\",\"3\":\"0\",\"4\":\"0\",\"5\":\"1\",\"6\":\"1\"}}',0),(2,'0',3678,29054,'{\"loading\":{\"1\":\"1\",\"2\":\"0\",\"3\":\"0\",\"4\":\"1\",\"5\":\"1\",\"6\":\"1\"}}',1),(2,'0',3678,29055,'{\"loading\":{\"1\":\"1\",\"2\":\"0\",\"3\":\"0\",\"4\":\"0\",\"5\":\"1\",\"6\":\"1\"}}',0),(2,'0',3678,29055,'{\"loading\":{\"1\":\"1\",\"2\":\"0\",\"3\":\"0\",\"4\":\"1\",\"5\":\"1\",\"6\":\"1\"}}',1),(2,'0',3678,29056,'{\"loading\":{\"1\":\"1\",\"2\":\"0\",\"3\":\"0\",\"4\":\"0\",\"5\":\"1\",\"6\":\"1\"}}',0),(2,'0',3678,29056,'{\"loading\":{\"1\":\"1\",\"2\":\"0\",\"3\":\"0\",\"4\":\"1\",\"5\":\"1\",\"6\":\"1\"}}',1),(2,'0',3679,29070,'{\"loading\":{\"1\":\"1\",\"2\":\"0\",\"3\":\"0\",\"4\":\"0\",\"5\":\"1\",\"6\":\"1\"}}',0),(2,'0',3679,29070,'{\"loading\":{\"1\":\"1\",\"2\":\"0\",\"3\":\"0\",\"4\":\"1\",\"5\":\"1\",\"6\":\"1\"}}',1),(2,'0',3679,29071,'{\"loading\":{\"1\":\"1\",\"2\":\"0\",\"3\":\"0\",\"4\":\"0\",\"5\":\"1\",\"6\":\"1\"}}',0),(2,'0',3679,29071,'{\"loading\":{\"1\":\"1\",\"2\":\"0\",\"3\":\"0\",\"4\":\"1\",\"5\":\"1\",\"6\":\"1\"}}',1),(2,'0',3679,29072,'{\"loading\":{\"1\":\"1\",\"2\":\"0\",\"3\":\"0\",\"4\":\"0\",\"5\":\"1\",\"6\":\"1\"}}',0),(2,'0',3679,29072,'{\"loading\":{\"1\":\"1\",\"2\":\"0\",\"3\":\"0\",\"4\":\"1\",\"5\":\"1\",\"6\":\"1\"}}',1),(2,'0',3679,29080,'{\"loading\":{\"1\":\"1\",\"2\":\"0\",\"3\":\"0\",\"4\":\"0\",\"5\":\"1\",\"6\":\"1\"}}',0),(2,'0',3679,29080,'{\"loading\":{\"1\":\"1\",\"2\":\"0\",\"3\":\"0\",\"4\":\"1\",\"5\":\"1\",\"6\":\"1\"}}',1),(2,'0',3679,29081,'{\"loading\":{\"1\":\"1\",\"2\":\"0\",\"3\":\"0\",\"4\":\"0\",\"5\":\"1\",\"6\":\"1\"}}',0),(2,'0',3679,29081,'{\"loading\":{\"1\":\"1\",\"2\":\"0\",\"3\":\"0\",\"4\":\"1\",\"5\":\"1\",\"6\":\"1\"}}',1),(2,'0',3680,29077,'{\"loading\":{\"1\":\"1\",\"2\":\"0\",\"3\":\"0\",\"4\":\"0\",\"5\":\"1\",\"6\":\"1\"}}',0),(2,'0',3680,29077,'{\"loading\":{\"1\":\"1\",\"2\":\"0\",\"3\":\"0\",\"4\":\"0\",\"5\":\"1\",\"6\":\"1\"}}',1),(2,'0',3680,29078,'{\"loading\":{\"1\":\"1\",\"2\":\"0\",\"3\":\"0\",\"4\":\"0\",\"5\":\"1\",\"6\":\"1\"}}',0),(2,'0',3680,29078,'{\"loading\":{\"1\":\"1\",\"2\":\"0\",\"3\":\"0\",\"4\":\"0\",\"5\":\"1\",\"6\":\"1\"}}',1),(2,'0',3680,29089,'{\"loading\":{\"1\":\"1\",\"2\":\"0\",\"3\":\"0\",\"4\":\"0\",\"5\":\"1\",\"6\":\"1\"}}',0),(2,'0',3680,29089,'{\"loading\":{\"1\":\"1\",\"2\":\"0\",\"3\":\"0\",\"4\":\"0\",\"5\":\"1\",\"6\":\"1\"}}',1),(2,'0',3680,29091,'{\"loading\":{\"1\":\"1\",\"2\":\"0\",\"3\":\"0\",\"4\":\"0\",\"5\":\"1\",\"6\":\"1\"}}',0),(2,'0',3680,29091,'{\"loading\":{\"1\":\"1\",\"2\":\"0\",\"3\":\"0\",\"4\":\"0\",\"5\":\"1\",\"6\":\"1\"}}',1),(3,'0',3677,29038,'{\"loading\":{\"1\":\"1\",\"2\":\"0\",\"3\":\"0\",\"4\":\"0\",\"5\":\"1\",\"6\":\"1\"}}',0),(3,'0',3677,29038,'{\"loading\":{\"1\":\"1\",\"2\":\"0\",\"3\":\"0\",\"4\":\"1\",\"5\":\"1\",\"6\":\"1\"}}',1),(3,'0',3677,29038,'{\"loading\":{\"1\":\"1\",\"2\":\"0\",\"3\":\"0\",\"4\":\"1\",\"5\":\"1\",\"6\":\"1\"}}',2),(3,'0',3677,29038,'{\"loading\":{\"1\":\"1\",\"2\":\"0\",\"3\":\"0\",\"4\":\"0\",\"5\":\"1\",\"6\":\"1\"}}',3),(3,'0',3678,29054,'{\"loading\":{\"1\":\"3\",\"2\":\"0\",\"3\":\"0\",\"4\":\"0\",\"5\":\"3\",\"6\":\"1\"}}',0),(3,'0',3678,29054,'{\"loading\":{\"1\":\"3\",\"2\":\"0\",\"3\":\"0\",\"4\":\"1\",\"5\":\"3\",\"6\":\"1\"}}',1),(3,'0',3679,29070,'{\"loading\":{\"1\":\"3\",\"2\":\"0\",\"3\":\"0\",\"4\":\"0\",\"5\":\"3\",\"6\":\"1\"}}',0),(3,'0',3679,29070,'{\"loading\":{\"1\":\"3\",\"2\":\"0\",\"3\":\"0\",\"4\":\"1\",\"5\":\"3\",\"6\":\"1\"}}',1),(4,'0',3676,29024,'{\"loading\":{\"1\":\"1\",\"2\":\"0\",\"3\":\"0\",\"4\":\"0\",\"5\":\"1\",\"6\":\"1\"}}',0),(4,'0',3676,29024,'{\"loading\":{\"1\":\"1\",\"2\":\"0\",\"3\":\"0\",\"4\":\"0\",\"5\":\"1\",\"6\":\"1\"}}',1),(4,'0',3676,29029,'{\"loading\":{\"1\":\"1\",\"2\":\"0\",\"3\":\"0\",\"4\":\"0\",\"5\":\"1\",\"6\":\"1\"}}',0),(4,'0',3676,29029,'{\"loading\":{\"1\":\"1\",\"2\":\"0\",\"3\":\"0\",\"4\":\"0\",\"5\":\"1\",\"6\":\"1\"}}',1),(4,'0',3676,29033,'{\"loading\":{\"1\":\"1\",\"2\":\"0\",\"3\":\"0\",\"4\":\"0\",\"5\":\"1\",\"6\":\"1\"}}',0),(4,'0',3676,29033,'{\"loading\":{\"1\":\"1\",\"2\":\"0\",\"3\":\"0\",\"4\":\"0\",\"5\":\"1\",\"6\":\"1\"}}',1),(4,'0',3676,29034,'{\"loading\":{\"1\":\"1\",\"2\":\"0\",\"3\":\"0\",\"4\":\"0\",\"5\":\"1\",\"6\":\"1\"}}',0),(4,'0',3676,29034,'{\"loading\":{\"1\":\"1\",\"2\":\"0\",\"3\":\"0\",\"4\":\"0\",\"5\":\"1\",\"6\":\"1\"}}',1),(4,'0',3676,29036,'{\"loading\":{\"1\":\"1\",\"2\":\"0\",\"3\":\"0\",\"4\":\"0\",\"5\":\"1\",\"6\":\"1\"}}',0),(4,'0',3676,29036,'{\"loading\":{\"1\":\"1\",\"2\":\"0\",\"3\":\"0\",\"4\":\"0\",\"5\":\"1\",\"6\":\"1\"}}',1),(4,'0',3677,29038,'{\"loading\":{\"1\":\"1\",\"2\":\"0\",\"3\":\"0\",\"4\":\"0\",\"5\":\"1\",\"6\":\"1\"}}',0),(4,'0',3677,29038,'{\"loading\":{\"1\":\"1\",\"2\":\"0\",\"3\":\"0\",\"4\":\"1\",\"5\":\"1\",\"6\":\"1\"}}',1),(4,'0',3677,29038,'{\"loading\":{\"1\":\"1\",\"2\":\"0\",\"3\":\"0\",\"4\":\"1\",\"5\":\"1\",\"6\":\"1\"}}',2),(4,'0',3677,29038,'{\"loading\":{\"1\":\"1\",\"2\":\"0\",\"3\":\"0\",\"4\":\"0\",\"5\":\"1\",\"6\":\"1\"}}',3),(4,'0',3677,29041,'{\"loading\":{\"1\":\"1\",\"2\":\"0\",\"3\":\"0\",\"4\":\"0\",\"5\":\"1\",\"6\":\"1\"}}',0),(4,'0',3677,29041,'{\"loading\":{\"1\":\"1\",\"2\":\"0\",\"3\":\"0\",\"4\":\"1\",\"5\":\"1\",\"6\":\"1\"}}',1),(4,'0',3677,29041,'{\"loading\":{\"1\":\"1\",\"2\":\"0\",\"3\":\"0\",\"4\":\"1\",\"5\":\"1\",\"6\":\"1\"}}',2),(4,'0',3677,29041,'{\"loading\":{\"1\":\"1\",\"2\":\"0\",\"3\":\"0\",\"4\":\"0\",\"5\":\"1\",\"6\":\"1\"}}',3),(4,'0',3677,29042,'{\"loading\":{\"1\":\"1\",\"2\":\"0\",\"3\":\"0\",\"4\":\"0\",\"5\":\"1\",\"6\":\"1\"}}',0),(4,'0',3677,29042,'{\"loading\":{\"1\":\"1\",\"2\":\"0\",\"3\":\"0\",\"4\":\"1\",\"5\":\"1\",\"6\":\"1\"}}',1),(4,'0',3677,29042,'{\"loading\":{\"1\":\"1\",\"2\":\"0\",\"3\":\"0\",\"4\":\"1\",\"5\":\"1\",\"6\":\"1\"}}',2),(4,'0',3677,29042,'{\"loading\":{\"1\":\"1\",\"2\":\"0\",\"3\":\"0\",\"4\":\"0\",\"5\":\"1\",\"6\":\"1\"}}',3),(4,'0',3677,29058,'{\"loading\":{\"1\":\"1\",\"2\":\"0\",\"3\":\"0\",\"4\":\"0\",\"5\":\"1\",\"6\":\"1\"}}',0),(4,'0',3677,29058,'{\"loading\":{\"1\":\"1\",\"2\":\"0\",\"3\":\"0\",\"4\":\"1\",\"5\":\"1\",\"6\":\"1\"}}',1),(4,'0',3677,29058,'{\"loading\":{\"1\":\"1\",\"2\":\"0\",\"3\":\"0\",\"4\":\"1\",\"5\":\"1\",\"6\":\"1\"}}',2),(4,'0',3677,29058,'{\"loading\":{\"1\":\"1\",\"2\":\"0\",\"3\":\"0\",\"4\":\"0\",\"5\":\"1\",\"6\":\"1\"}}',3),(4,'0',3677,29062,'{\"loading\":{\"1\":\"1\",\"2\":\"0\",\"3\":\"0\",\"4\":\"0\",\"5\":\"1\",\"6\":\"1\"}}',0),(4,'0',3677,29062,'{\"loading\":{\"1\":\"1\",\"2\":\"0\",\"3\":\"0\",\"4\":\"1\",\"5\":\"1\",\"6\":\"1\"}}',1),(4,'0',3677,29062,'{\"loading\":{\"1\":\"1\",\"2\":\"0\",\"3\":\"0\",\"4\":\"1\",\"5\":\"1\",\"6\":\"1\"}}',2),(4,'0',3677,29062,'{\"loading\":{\"1\":\"1\",\"2\":\"0\",\"3\":\"0\",\"4\":\"0\",\"5\":\"1\",\"6\":\"1\"}}',3),(4,'0',3678,29047,'{\"loading\":{\"1\":\"1\",\"2\":\"0\",\"3\":\"0\",\"4\":\"0\",\"5\":\"1\",\"6\":\"1\"}}',0),(4,'0',3678,29047,'{\"loading\":{\"1\":\"1\",\"2\":\"0\",\"3\":\"0\",\"4\":\"1\",\"5\":\"1\",\"6\":\"1\"}}',1),(4,'0',3678,29049,'{\"loading\":{\"1\":\"1\",\"2\":\"0\",\"3\":\"0\",\"4\":\"0\",\"5\":\"1\",\"6\":\"1\"}}',0),(4,'0',3678,29049,'{\"loading\":{\"1\":\"1\",\"2\":\"0\",\"3\":\"0\",\"4\":\"1\",\"5\":\"1\",\"6\":\"1\"}}',1),(4,'0',3678,29055,'{\"loading\":{\"1\":\"1\",\"2\":\"0\",\"3\":\"0\",\"4\":\"0\",\"5\":\"1\",\"6\":\"1\"}}',0),(4,'0',3678,29055,'{\"loading\":{\"1\":\"1\",\"2\":\"0\",\"3\":\"0\",\"4\":\"1\",\"5\":\"1\",\"6\":\"1\"}}',1),(4,'0',3678,29056,'{\"loading\":{\"1\":\"1\",\"2\":\"0\",\"3\":\"0\",\"4\":\"0\",\"5\":\"1\",\"6\":\"1\"}}',0),(4,'0',3678,29056,'{\"loading\":{\"1\":\"1\",\"2\":\"0\",\"3\":\"0\",\"4\":\"1\",\"5\":\"1\",\"6\":\"1\"}}',1),(4,'0',3679,29071,'{\"loading\":{\"1\":\"1\",\"2\":\"0\",\"3\":\"0\",\"4\":\"0\",\"5\":\"1\",\"6\":\"1\"}}',0),(4,'0',3679,29071,'{\"loading\":{\"1\":\"1\",\"2\":\"0\",\"3\":\"0\",\"4\":\"1\",\"5\":\"1\",\"6\":\"1\"}}',1),(4,'0',3679,29072,'{\"loading\":{\"1\":\"1\",\"2\":\"0\",\"3\":\"0\",\"4\":\"0\",\"5\":\"1\",\"6\":\"1\"}}',0),(4,'0',3679,29072,'{\"loading\":{\"1\":\"1\",\"2\":\"0\",\"3\":\"0\",\"4\":\"1\",\"5\":\"1\",\"6\":\"1\"}}',1),(4,'0',3679,29080,'{\"loading\":{\"1\":\"1\",\"2\":\"0\",\"3\":\"0\",\"4\":\"0\",\"5\":\"1\",\"6\":\"1\"}}',0),(4,'0',3679,29080,'{\"loading\":{\"1\":\"1\",\"2\":\"0\",\"3\":\"0\",\"4\":\"1\",\"5\":\"1\",\"6\":\"1\"}}',1),(4,'0',3679,29081,'{\"loading\":{\"1\":\"1\",\"2\":\"0\",\"3\":\"0\",\"4\":\"0\",\"5\":\"1\",\"6\":\"1\"}}',0),(4,'0',3679,29081,'{\"loading\":{\"1\":\"1\",\"2\":\"0\",\"3\":\"0\",\"4\":\"1\",\"5\":\"1\",\"6\":\"1\"}}',1),(4,'0',3680,29077,'{\"loading\":{\"1\":\"1\",\"2\":\"0\",\"3\":\"0\",\"4\":\"0\",\"5\":\"1\",\"6\":\"1\"}}',0),(4,'0',3680,29077,'{\"loading\":{\"1\":\"1\",\"2\":\"0\",\"3\":\"0\",\"4\":\"0\",\"5\":\"1\",\"6\":\"1\"}}',1),(4,'0',3680,29078,'{\"loading\":{\"1\":\"1\",\"2\":\"0\",\"3\":\"0\",\"4\":\"0\",\"5\":\"1\",\"6\":\"1\"}}',0),(4,'0',3680,29078,'{\"loading\":{\"1\":\"1\",\"2\":\"0\",\"3\":\"0\",\"4\":\"0\",\"5\":\"1\",\"6\":\"1\"}}',1),(4,'0',3680,29089,'{\"loading\":{\"1\":\"1\",\"2\":\"0\",\"3\":\"0\",\"4\":\"0\",\"5\":\"1\",\"6\":\"1\"}}',0),(4,'0',3680,29089,'{\"loading\":{\"1\":\"1\",\"2\":\"0\",\"3\":\"0\",\"4\":\"0\",\"5\":\"1\",\"6\":\"1\"}}',1),(4,'0',3680,29091,'{\"loading\":{\"1\":\"1\",\"2\":\"0\",\"3\":\"0\",\"4\":\"0\",\"5\":\"1\",\"6\":\"1\"}}',0),(4,'0',3680,29091,'{\"loading\":{\"1\":\"1\",\"2\":\"0\",\"3\":\"0\",\"4\":\"0\",\"5\":\"1\",\"6\":\"1\"}}',1),(5,'0',3676,29023,'{\"loading\":{\"1\":\"1\",\"2\":\"0\",\"3\":\"0\",\"4\":\"0\",\"5\":\"1\",\"6\":\"1\"}}',0),(5,'0',3676,29023,'{\"loading\":{\"1\":\"0\",\"2\":\"0\",\"3\":\"0\",\"4\":\"0\",\"5\":\"1\",\"6\":\"1\"}}',1),(5,'0',3676,29025,'{\"loading\":{\"1\":\"1\",\"2\":\"0\",\"3\":\"0\",\"4\":\"0\",\"5\":\"1\",\"6\":\"1\"}}',0),(5,'0',3676,29025,'{\"loading\":{\"1\":\"0\",\"2\":\"0\",\"3\":\"0\",\"4\":\"0\",\"5\":\"1\",\"6\":\"1\"}}',1),(5,'0',3677,29057,'{\"loading\":{\"1\":\"1\",\"2\":\"0\",\"3\":\"0\",\"4\":\"0\",\"5\":\"1\",\"6\":\"1\"}}',0),(5,'0',3677,29057,'{\"loading\":{\"1\":\"1\",\"2\":\"0\",\"3\":\"0\",\"4\":\"1\",\"5\":\"1\",\"6\":\"1\"}}',1),(5,'0',3677,29057,'{\"loading\":{\"1\":\"1\",\"2\":\"0\",\"3\":\"0\",\"4\":\"1\",\"5\":\"1\",\"6\":\"1\"}}',2),(5,'0',3677,29057,'{\"loading\":{\"1\":\"1\",\"2\":\"0\",\"3\":\"0\",\"4\":\"0\",\"5\":\"1\",\"6\":\"1\"}}',3),(5,'0',3677,29061,'{\"loading\":{\"1\":\"1\",\"2\":\"0\",\"3\":\"0\",\"4\":\"0\",\"5\":\"1\",\"6\":\"1\"}}',0),(5,'0',3677,29061,'{\"loading\":{\"1\":\"1\",\"2\":\"0\",\"3\":\"0\",\"4\":\"1\",\"5\":\"1\",\"6\":\"1\"}}',1),(5,'0',3677,29061,'{\"loading\":{\"1\":\"1\",\"2\":\"0\",\"3\":\"0\",\"4\":\"1\",\"5\":\"1\",\"6\":\"1\"}}',2),(5,'0',3677,29061,'{\"loading\":{\"1\":\"1\",\"2\":\"0\",\"3\":\"0\",\"4\":\"0\",\"5\":\"1\",\"6\":\"1\"}}',3),(5,'0',3678,29054,'{\"loading\":{\"1\":\"1\",\"2\":\"0\",\"3\":\"0\",\"4\":\"0\",\"5\":\"1\",\"6\":\"1\"}}',0),(5,'0',3678,29054,'{\"loading\":{\"1\":\"1\",\"2\":\"0\",\"3\":\"0\",\"4\":\"1\",\"5\":\"1\",\"6\":\"1\"}}',1),(5,'0',3679,29070,'{\"loading\":{\"1\":\"1\",\"2\":\"0\",\"3\":\"0\",\"4\":\"0\",\"5\":\"1\",\"6\":\"1\"}}',0),(5,'0',3679,29070,'{\"loading\":{\"1\":\"1\",\"2\":\"0\",\"3\":\"0\",\"4\":\"1\",\"5\":\"1\",\"6\":\"1\"}}',1),(6,'0',3676,29023,'{\"loading\":{\"1\":\"1\",\"2\":\"0\",\"3\":\"0\",\"4\":\"0\",\"5\":\"1\",\"6\":\"1\"}}',0),(6,'0',3676,29023,'{\"loading\":{\"1\":\"0\",\"2\":\"0\",\"3\":\"0\",\"4\":\"0\",\"5\":\"1\",\"6\":\"1\"}}',1),(6,'0',3676,29024,'{\"loading\":{\"1\":\"1\",\"2\":\"0\",\"3\":\"0\",\"4\":\"0\",\"5\":\"1\",\"6\":\"1\"}}',0),(6,'0',3676,29024,'{\"loading\":{\"1\":\"1\",\"2\":\"0\",\"3\":\"0\",\"4\":\"0\",\"5\":\"1\",\"6\":\"1\"}}',1),(6,'0',3676,29025,'{\"loading\":{\"1\":\"1\",\"2\":\"0\",\"3\":\"0\",\"4\":\"0\",\"5\":\"1\",\"6\":\"1\"}}',0),(6,'0',3676,29025,'{\"loading\":{\"1\":\"0\",\"2\":\"0\",\"3\":\"0\",\"4\":\"0\",\"5\":\"1\",\"6\":\"1\"}}',1),(6,'0',3676,29029,'{\"loading\":{\"1\":\"1\",\"2\":\"0\",\"3\":\"0\",\"4\":\"0\",\"5\":\"1\",\"6\":\"1\"}}',0),(6,'0',3676,29029,'{\"loading\":{\"1\":\"1\",\"2\":\"0\",\"3\":\"0\",\"4\":\"0\",\"5\":\"1\",\"6\":\"1\"}}',1),(6,'0',3676,29031,'{\"loading\":{\"1\":\"1\",\"2\":\"0\",\"3\":\"0\",\"4\":\"0\",\"5\":\"1\",\"6\":\"1\"}}',0),(6,'0',3676,29031,'{\"loading\":{\"1\":\"1\",\"2\":\"0\",\"3\":\"0\",\"4\":\"0\",\"5\":\"1\",\"6\":\"1\"}}',1),(6,'0',3676,29033,'{\"loading\":{\"1\":\"1\",\"2\":\"0\",\"3\":\"0\",\"4\":\"0\",\"5\":\"1\",\"6\":\"1\"}}',0),(6,'0',3676,29033,'{\"loading\":{\"1\":\"1\",\"2\":\"0\",\"3\":\"0\",\"4\":\"0\",\"5\":\"1\",\"6\":\"1\"}}',1),(6,'0',3676,29034,'{\"loading\":{\"1\":\"1\",\"2\":\"0\",\"3\":\"0\",\"4\":\"0\",\"5\":\"1\",\"6\":\"1\"}}',0),(6,'0',3676,29034,'{\"loading\":{\"1\":\"1\",\"2\":\"0\",\"3\":\"0\",\"4\":\"0\",\"5\":\"1\",\"6\":\"1\"}}',1),(6,'0',3676,29035,'{\"loading\":{\"1\":\"4\",\"2\":\"0\",\"3\":\"0\",\"4\":\"0\",\"5\":\"4\",\"6\":\"1\"}}',0),(6,'0',3676,29035,'{\"loading\":{\"1\":\"4\",\"2\":\"0\",\"3\":\"0\",\"4\":\"0\",\"5\":\"4\",\"6\":\"1\"}}',1),(6,'0',3676,29036,'{\"loading\":{\"1\":\"1\",\"2\":\"0\",\"3\":\"0\",\"4\":\"0\",\"5\":\"1\",\"6\":\"1\"}}',0),(6,'0',3676,29036,'{\"loading\":{\"1\":\"1\",\"2\":\"0\",\"3\":\"0\",\"4\":\"0\",\"5\":\"1\",\"6\":\"1\"}}',1),(6,'0',3677,29038,'{\"loading\":{\"1\":\"1\",\"2\":\"0\",\"3\":\"0\",\"4\":\"0\",\"5\":\"1\",\"6\":\"1\"}}',0),(6,'0',3677,29038,'{\"loading\":{\"1\":\"1\",\"2\":\"0\",\"3\":\"0\",\"4\":\"1\",\"5\":\"1\",\"6\":\"1\"}}',1),(6,'0',3677,29038,'{\"loading\":{\"1\":\"1\",\"2\":\"0\",\"3\":\"0\",\"4\":\"1\",\"5\":\"1\",\"6\":\"1\"}}',2),(6,'0',3677,29038,'{\"loading\":{\"1\":\"1\",\"2\":\"0\",\"3\":\"0\",\"4\":\"0\",\"5\":\"1\",\"6\":\"1\"}}',3),(6,'0',3677,29041,'{\"loading\":{\"1\":\"1\",\"2\":\"0\",\"3\":\"0\",\"4\":\"0\",\"5\":\"1\",\"6\":\"1\"}}',0),(6,'0',3677,29041,'{\"loading\":{\"1\":\"1\",\"2\":\"0\",\"3\":\"0\",\"4\":\"1\",\"5\":\"1\",\"6\":\"1\"}}',1),(6,'0',3677,29041,'{\"loading\":{\"1\":\"1\",\"2\":\"0\",\"3\":\"0\",\"4\":\"1\",\"5\":\"1\",\"6\":\"1\"}}',2),(6,'0',3677,29041,'{\"loading\":{\"1\":\"1\",\"2\":\"0\",\"3\":\"0\",\"4\":\"0\",\"5\":\"1\",\"6\":\"1\"}}',3),(6,'0',3677,29042,'{\"loading\":{\"1\":\"1\",\"2\":\"0\",\"3\":\"0\",\"4\":\"0\",\"5\":\"1\",\"6\":\"1\"}}',0),(6,'0',3677,29042,'{\"loading\":{\"1\":\"1\",\"2\":\"0\",\"3\":\"0\",\"4\":\"1\",\"5\":\"1\",\"6\":\"1\"}}',1),(6,'0',3677,29042,'{\"loading\":{\"1\":\"1\",\"2\":\"0\",\"3\":\"0\",\"4\":\"1\",\"5\":\"1\",\"6\":\"1\"}}',2),(6,'0',3677,29042,'{\"loading\":{\"1\":\"1\",\"2\":\"0\",\"3\":\"0\",\"4\":\"0\",\"5\":\"1\",\"6\":\"1\"}}',3),(6,'0',3677,29057,'{\"loading\":{\"1\":\"1\",\"2\":\"0\",\"3\":\"0\",\"4\":\"0\",\"5\":\"1\",\"6\":\"1\"}}',0),(6,'0',3677,29057,'{\"loading\":{\"1\":\"1\",\"2\":\"0\",\"3\":\"0\",\"4\":\"1\",\"5\":\"1\",\"6\":\"1\"}}',1),(6,'0',3677,29057,'{\"loading\":{\"1\":\"1\",\"2\":\"0\",\"3\":\"0\",\"4\":\"1\",\"5\":\"1\",\"6\":\"1\"}}',2),(6,'0',3677,29057,'{\"loading\":{\"1\":\"1\",\"2\":\"0\",\"3\":\"0\",\"4\":\"0\",\"5\":\"1\",\"6\":\"1\"}}',3),(6,'0',3677,29058,'{\"loading\":{\"1\":\"1\",\"2\":\"0\",\"3\":\"0\",\"4\":\"0\",\"5\":\"1\",\"6\":\"1\"}}',0),(6,'0',3677,29058,'{\"loading\":{\"1\":\"1\",\"2\":\"0\",\"3\":\"0\",\"4\":\"1\",\"5\":\"1\",\"6\":\"1\"}}',1),(6,'0',3677,29058,'{\"loading\":{\"1\":\"1\",\"2\":\"0\",\"3\":\"0\",\"4\":\"1\",\"5\":\"1\",\"6\":\"1\"}}',2),(6,'0',3677,29058,'{\"loading\":{\"1\":\"1\",\"2\":\"0\",\"3\":\"0\",\"4\":\"0\",\"5\":\"1\",\"6\":\"1\"}}',3),(6,'0',3677,29061,'{\"loading\":{\"1\":\"1\",\"2\":\"0\",\"3\":\"0\",\"4\":\"0\",\"5\":\"1\",\"6\":\"1\"}}',0),(6,'0',3677,29061,'{\"loading\":{\"1\":\"1\",\"2\":\"0\",\"3\":\"0\",\"4\":\"1\",\"5\":\"1\",\"6\":\"1\"}}',1),(6,'0',3677,29061,'{\"loading\":{\"1\":\"1\",\"2\":\"0\",\"3\":\"0\",\"4\":\"1\",\"5\":\"1\",\"6\":\"1\"}}',2),(6,'0',3677,29061,'{\"loading\":{\"1\":\"1\",\"2\":\"0\",\"3\":\"0\",\"4\":\"0\",\"5\":\"1\",\"6\":\"1\"}}',3),(6,'0',3677,29062,'{\"loading\":{\"1\":\"1\",\"2\":\"0\",\"3\":\"0\",\"4\":\"0\",\"5\":\"1\",\"6\":\"1\"}}',0),(6,'0',3677,29062,'{\"loading\":{\"1\":\"1\",\"2\":\"0\",\"3\":\"0\",\"4\":\"1\",\"5\":\"1\",\"6\":\"1\"}}',1),(6,'0',3677,29062,'{\"loading\":{\"1\":\"1\",\"2\":\"0\",\"3\":\"0\",\"4\":\"1\",\"5\":\"1\",\"6\":\"1\"}}',2),(6,'0',3677,29062,'{\"loading\":{\"1\":\"1\",\"2\":\"0\",\"3\":\"0\",\"4\":\"0\",\"5\":\"1\",\"6\":\"1\"}}',3),(6,'0',3678,29046,'{\"loading\":{\"1\":\"3\",\"2\":\"0\",\"3\":\"0\",\"4\":\"0\",\"5\":\"3\",\"6\":\"1\"}}',0),(6,'0',3678,29046,'{\"loading\":{\"1\":\"3\",\"2\":\"0\",\"3\":\"0\",\"4\":\"1\",\"5\":\"3\",\"6\":\"1\"}}',1),(6,'0',3678,29047,'{\"loading\":{\"1\":\"1\",\"2\":\"0\",\"3\":\"0\",\"4\":\"0\",\"5\":\"1\",\"6\":\"1\"}}',0),(6,'0',3678,29047,'{\"loading\":{\"1\":\"1\",\"2\":\"0\",\"3\":\"0\",\"4\":\"1\",\"5\":\"1\",\"6\":\"1\"}}',1),(6,'0',3678,29048,'{\"loading\":{\"1\":\"2\",\"2\":\"0\",\"3\":\"0\",\"4\":\"0\",\"5\":\"2\",\"6\":\"1\"}}',0),(6,'0',3678,29048,'{\"loading\":{\"1\":\"2\",\"2\":\"0\",\"3\":\"0\",\"4\":\"1\",\"5\":\"2\",\"6\":\"1\"}}',1),(6,'0',3678,29049,'{\"loading\":{\"1\":\"1\",\"2\":\"0\",\"3\":\"0\",\"4\":\"0\",\"5\":\"1\",\"6\":\"1\"}}',0),(6,'0',3678,29049,'{\"loading\":{\"1\":\"1\",\"2\":\"0\",\"3\":\"0\",\"4\":\"1\",\"5\":\"1\",\"6\":\"1\"}}',1),(6,'0',3678,29051,'{\"firstCriticalIgnored\":{\"1\":\"\"}}',1),(6,'0',3678,29052,'{\"firstCriticalIgnored\":{\"1\":\"\"}}',1),(6,'0',3678,29054,'{\"loading\":{\"1\":\"3\",\"2\":\"0\",\"3\":\"0\",\"4\":\"0\",\"5\":\"3\",\"6\":\"1\"}}',0),(6,'0',3678,29054,'{\"loading\":{\"1\":\"3\",\"2\":\"0\",\"3\":\"0\",\"4\":\"1\",\"5\":\"3\",\"6\":\"1\"}}',1),(6,'0',3678,29055,'{\"loading\":{\"1\":\"1\",\"2\":\"0\",\"3\":\"0\",\"4\":\"0\",\"5\":\"1\",\"6\":\"1\"}}',0),(6,'0',3678,29055,'{\"loading\":{\"1\":\"1\",\"2\":\"0\",\"3\":\"0\",\"4\":\"1\",\"5\":\"1\",\"6\":\"1\"}}',1),(6,'0',3678,29056,'{\"loading\":{\"1\":\"1\",\"2\":\"0\",\"3\":\"0\",\"4\":\"0\",\"5\":\"1\",\"6\":\"1\"}}',0),(6,'0',3678,29056,'{\"loading\":{\"1\":\"1\",\"2\":\"0\",\"3\":\"0\",\"4\":\"1\",\"5\":\"1\",\"6\":\"1\"}}',1),(6,'0',3679,29064,'{\"loading\":{\"1\":\"2\",\"2\":\"0\",\"3\":\"0\",\"4\":\"0\",\"5\":\"2\",\"6\":\"1\"}}',0),(6,'0',3679,29064,'{\"loading\":{\"1\":\"1\",\"2\":\"0\",\"3\":\"0\",\"4\":\"1\",\"5\":\"2\",\"6\":\"1\"}}',1),(6,'0',3679,29070,'{\"loading\":{\"1\":\"3\",\"2\":\"0\",\"3\":\"0\",\"4\":\"0\",\"5\":\"3\",\"6\":\"1\"}}',0),(6,'0',3679,29070,'{\"loading\":{\"1\":\"3\",\"2\":\"0\",\"3\":\"0\",\"4\":\"1\",\"5\":\"3\",\"6\":\"1\"}}',1),(6,'0',3679,29071,'{\"loading\":{\"1\":\"1\",\"2\":\"0\",\"3\":\"0\",\"4\":\"0\",\"5\":\"1\",\"6\":\"1\"}}',0),(6,'0',3679,29071,'{\"loading\":{\"1\":\"1\",\"2\":\"0\",\"3\":\"0\",\"4\":\"1\",\"5\":\"1\",\"6\":\"1\"}}',1),(6,'0',3679,29072,'{\"loading\":{\"1\":\"1\",\"2\":\"0\",\"3\":\"0\",\"4\":\"0\",\"5\":\"1\",\"6\":\"1\"}}',0),(6,'0',3679,29072,'{\"loading\":{\"1\":\"1\",\"2\":\"0\",\"3\":\"0\",\"4\":\"1\",\"5\":\"1\",\"6\":\"1\"}}',1),(6,'0',3679,29080,'{\"loading\":{\"1\":\"1\",\"2\":\"0\",\"3\":\"0\",\"4\":\"0\",\"5\":\"1\",\"6\":\"1\"}}',0),(6,'0',3679,29080,'{\"loading\":{\"1\":\"1\",\"2\":\"0\",\"3\":\"0\",\"4\":\"1\",\"5\":\"1\",\"6\":\"1\"}}',1),(6,'0',3679,29081,'{\"loading\":{\"1\":\"1\",\"2\":\"0\",\"3\":\"0\",\"4\":\"0\",\"5\":\"1\",\"6\":\"1\"}}',0),(6,'0',3679,29081,'{\"loading\":{\"1\":\"1\",\"2\":\"0\",\"3\":\"0\",\"4\":\"1\",\"5\":\"1\",\"6\":\"1\"}}',1),(6,'0',3680,29073,'{\"loading\":{\"1\":\"4\",\"2\":\"0\",\"3\":\"0\",\"4\":\"0\",\"5\":\"4\",\"6\":\"1\"}}',0),(6,'0',3680,29073,'{\"loading\":{\"1\":\"4\",\"2\":\"0\",\"3\":\"0\",\"4\":\"0\",\"5\":\"4\",\"6\":\"1\"}}',1),(6,'0',3680,29074,'{\"loading\":{\"1\":\"4\",\"2\":\"0\",\"3\":\"0\",\"4\":\"0\",\"5\":\"4\",\"6\":\"1\"}}',0),(6,'0',3680,29074,'{\"loading\":{\"1\":\"4\",\"2\":\"0\",\"3\":\"0\",\"4\":\"0\",\"5\":\"4\",\"6\":\"1\"}}',1),(6,'0',3680,29075,'{\"loading\":{\"1\":\"4\",\"2\":\"0\",\"3\":\"0\",\"4\":\"0\",\"5\":\"4\",\"6\":\"1\"}}',0),(6,'0',3680,29075,'{\"loading\":{\"1\":\"4\",\"2\":\"0\",\"3\":\"0\",\"4\":\"0\",\"5\":\"4\",\"6\":\"1\"}}',1),(6,'0',3680,29077,'{\"loading\":{\"1\":\"1\",\"2\":\"0\",\"3\":\"0\",\"4\":\"0\",\"5\":\"1\",\"6\":\"1\"}}',0),(6,'0',3680,29077,'{\"loading\":{\"1\":\"1\",\"2\":\"0\",\"3\":\"0\",\"4\":\"0\",\"5\":\"1\",\"6\":\"1\"}}',1),(6,'0',3680,29078,'{\"loading\":{\"1\":\"1\",\"2\":\"0\",\"3\":\"0\",\"4\":\"0\",\"5\":\"1\",\"6\":\"1\"}}',0),(6,'0',3680,29078,'{\"loading\":{\"1\":\"1\",\"2\":\"0\",\"3\":\"0\",\"4\":\"0\",\"5\":\"1\",\"6\":\"1\"}}',1),(6,'0',3680,29089,'{\"loading\":{\"1\":\"1\",\"2\":\"0\",\"3\":\"0\",\"4\":\"0\",\"5\":\"1\",\"6\":\"1\"}}',0),(6,'0',3680,29089,'{\"loading\":{\"1\":\"1\",\"2\":\"0\",\"3\":\"0\",\"4\":\"0\",\"5\":\"1\",\"6\":\"1\"}}',1),(6,'0',3680,29091,'{\"loading\":{\"1\":\"1\",\"2\":\"0\",\"3\":\"0\",\"4\":\"0\",\"5\":\"1\",\"6\":\"1\"}}',0),(6,'0',3680,29091,'{\"loading\":{\"1\":\"1\",\"2\":\"0\",\"3\":\"0\",\"4\":\"0\",\"5\":\"1\",\"6\":\"1\"}}',1),(7,'0',3676,29023,'{\"loading\":{\"1\":\"1\",\"2\":\"0\",\"3\":\"0\",\"4\":\"0\",\"5\":\"1\",\"6\":\"1\"}}',0),(7,'0',3676,29023,'{\"loading\":{\"1\":\"0\",\"2\":\"0\",\"3\":\"0\",\"4\":\"0\",\"5\":\"1\",\"6\":\"1\"}}',1),(7,'0',3676,29025,'{\"loading\":{\"1\":\"1\",\"2\":\"0\",\"3\":\"0\",\"4\":\"0\",\"5\":\"1\",\"6\":\"1\"}}',0),(7,'0',3676,29025,'{\"loading\":{\"1\":\"0\",\"2\":\"0\",\"3\":\"0\",\"4\":\"0\",\"5\":\"1\",\"6\":\"1\"}}',1),(7,'0',3676,29028,'{\"loading\":{\"1\":\"1\",\"2\":\"0\",\"3\":\"0\",\"4\":\"0\",\"5\":\"1\",\"6\":\"1\"}}',0),(7,'0',3676,29028,'{\"loading\":{\"1\":\"1\",\"2\":\"0\",\"3\":\"0\",\"4\":\"0\",\"5\":\"1\",\"6\":\"1\"}}',1),(7,'0',3676,29031,'{\"loading\":{\"1\":\"3\",\"2\":\"0\",\"3\":\"0\",\"4\":\"0\",\"5\":\"3\",\"6\":\"1\"}}',0),(7,'0',3676,29031,'{\"loading\":{\"1\":\"0\",\"2\":\"0\",\"3\":\"0\",\"4\":\"0\",\"5\":\"3\",\"6\":\"1\"}}',1),(7,'0',3677,29038,'{\"loading\":{\"1\":\"1\",\"2\":\"0\",\"3\":\"0\",\"4\":\"0\",\"5\":\"1\",\"6\":\"1\"}}',0),(7,'0',3677,29038,'{\"loading\":{\"1\":\"1\",\"2\":\"0\",\"3\":\"0\",\"4\":\"1\",\"5\":\"1\",\"6\":\"1\"}}',1),(7,'0',3677,29038,'{\"loading\":{\"1\":\"1\",\"2\":\"0\",\"3\":\"0\",\"4\":\"1\",\"5\":\"1\",\"6\":\"1\"}}',2),(7,'0',3677,29038,'{\"loading\":{\"1\":\"1\",\"2\":\"0\",\"3\":\"0\",\"4\":\"0\",\"5\":\"1\",\"6\":\"1\"}}',3),(7,'0',3677,29040,'{\"loading\":{\"1\":\"1\",\"2\":\"0\",\"3\":\"0\",\"4\":\"0\",\"5\":\"1\",\"6\":\"1\"}}',0),(7,'0',3677,29040,'{\"loading\":{\"1\":\"1\",\"2\":\"0\",\"3\":\"0\",\"4\":\"1\",\"5\":\"1\",\"6\":\"1\"}}',1),(7,'0',3677,29040,'{\"loading\":{\"1\":\"1\",\"2\":\"0\",\"3\":\"0\",\"4\":\"1\",\"5\":\"1\",\"6\":\"1\"}}',2),(7,'0',3677,29040,'{\"loading\":{\"1\":\"0\",\"2\":\"0\",\"3\":\"0\",\"4\":\"0\",\"5\":\"1\",\"6\":\"1\"}}',3),(7,'0',3677,29057,'{\"loading\":{\"1\":\"1\",\"2\":\"0\",\"3\":\"0\",\"4\":\"0\",\"5\":\"1\",\"6\":\"1\"}}',0),(7,'0',3677,29057,'{\"loading\":{\"1\":\"1\",\"2\":\"0\",\"3\":\"0\",\"4\":\"1\",\"5\":\"1\",\"6\":\"1\"}}',1),(7,'0',3677,29057,'{\"loading\":{\"1\":\"1\",\"2\":\"0\",\"3\":\"0\",\"4\":\"1\",\"5\":\"1\",\"6\":\"1\"}}',2),(7,'0',3677,29057,'{\"loading\":{\"1\":\"1\",\"2\":\"0\",\"3\":\"0\",\"4\":\"0\",\"5\":\"1\",\"6\":\"1\"}}',3),(7,'0',3677,29059,'{\"loading\":{\"1\":\"1\",\"2\":\"0\",\"3\":\"0\",\"4\":\"0\",\"5\":\"1\",\"6\":\"1\"}}',0),(7,'0',3677,29059,'{\"loading\":{\"1\":\"1\",\"2\":\"0\",\"3\":\"0\",\"4\":\"1\",\"5\":\"1\",\"6\":\"1\"}}',1),(7,'0',3677,29059,'{\"loading\":{\"1\":\"1\",\"2\":\"0\",\"3\":\"0\",\"4\":\"1\",\"5\":\"1\",\"6\":\"1\"}}',2),(7,'0',3677,29059,'{\"loading\":{\"1\":\"1\",\"2\":\"0\",\"3\":\"0\",\"4\":\"0\",\"5\":\"1\",\"6\":\"1\"}}',3),(7,'0',3677,29060,'{\"loading\":{\"1\":\"1\",\"2\":\"0\",\"3\":\"0\",\"4\":\"0\",\"5\":\"1\",\"6\":\"1\"}}',0),(7,'0',3677,29060,'{\"loading\":{\"1\":\"1\",\"2\":\"0\",\"3\":\"0\",\"4\":\"1\",\"5\":\"1\",\"6\":\"1\"}}',1),(7,'0',3677,29060,'{\"loading\":{\"1\":\"1\",\"2\":\"0\",\"3\":\"0\",\"4\":\"1\",\"5\":\"1\",\"6\":\"1\"}}',2),(7,'0',3677,29060,'{\"loading\":{\"1\":\"1\",\"2\":\"0\",\"3\":\"0\",\"4\":\"0\",\"5\":\"1\",\"6\":\"1\"}}',3),(7,'0',3677,29061,'{\"loading\":{\"1\":\"1\",\"2\":\"0\",\"3\":\"0\",\"4\":\"0\",\"5\":\"1\",\"6\":\"1\"}}',0),(7,'0',3677,29061,'{\"loading\":{\"1\":\"1\",\"2\":\"0\",\"3\":\"0\",\"4\":\"1\",\"5\":\"1\",\"6\":\"1\"}}',1),(7,'0',3677,29061,'{\"loading\":{\"1\":\"1\",\"2\":\"0\",\"3\":\"0\",\"4\":\"1\",\"5\":\"1\",\"6\":\"1\"}}',2),(7,'0',3677,29061,'{\"loading\":{\"1\":\"1\",\"2\":\"0\",\"3\":\"0\",\"4\":\"0\",\"5\":\"1\",\"6\":\"1\"}}',3),(7,'0',3678,29046,'{\"loading\":{\"1\":\"3\",\"2\":\"0\",\"3\":\"0\",\"4\":\"0\",\"5\":\"3\",\"6\":\"1\"}}',0),(7,'0',3678,29046,'{\"loading\":{\"1\":\"3\",\"2\":\"0\",\"3\":\"0\",\"4\":\"1\",\"5\":\"3\",\"6\":\"1\"}}',1),(7,'0',3678,29048,'{\"loading\":{\"1\":\"2\",\"2\":\"0\",\"3\":\"0\",\"4\":\"0\",\"5\":\"2\",\"6\":\"1\"}}',0),(7,'0',3678,29048,'{\"loading\":{\"1\":\"2\",\"2\":\"0\",\"3\":\"0\",\"4\":\"1\",\"5\":\"2\",\"6\":\"1\"}}',1),(7,'0',3678,29050,'{\"loading\":{\"1\":\"3\",\"2\":\"0\",\"3\":\"0\",\"4\":\"0\",\"5\":\"1\",\"6\":\"1\"}}',0),(7,'0',3678,29050,'{\"loading\":{\"1\":\"3\",\"2\":\"0\",\"3\":\"0\",\"4\":\"1\",\"5\":\"1\",\"6\":\"1\"}}',1),(7,'0',3678,29051,'{\"firstCriticalIgnored\":{\"1\":\"\"}}',1),(7,'0',3678,29052,'{\"firstCriticalIgnored\":{\"1\":\"\"}}',1),(7,'0',3679,29064,'{\"loading\":{\"1\":\"2\",\"2\":\"0\",\"3\":\"0\",\"4\":\"0\",\"5\":\"2\",\"6\":\"1\"}}',0),(7,'0',3679,29064,'{\"loading\":{\"1\":\"1\",\"2\":\"0\",\"3\":\"0\",\"4\":\"1\",\"5\":\"2\",\"6\":\"1\"}}',1),(7,'0',3679,29065,'{\"loading\":{\"1\":\"3\",\"2\":\"0\",\"3\":\"0\",\"4\":\"0\",\"5\":\"3\",\"6\":\"1\"}}',0),(7,'0',3679,29065,'{\"loading\":{\"1\":\"1\",\"2\":\"0\",\"3\":\"0\",\"4\":\"1\",\"5\":\"3\",\"6\":\"1\"}}',1),(7,'0',3679,29066,'{\"loading\":{\"1\":\"3\",\"2\":\"0\",\"3\":\"0\",\"4\":\"0\",\"5\":\"3\",\"6\":\"1\"}}',0),(7,'0',3679,29066,'{\"loading\":{\"1\":\"1\",\"2\":\"0\",\"3\":\"0\",\"4\":\"1\",\"5\":\"3\",\"6\":\"1\"}}',1),(7,'0',3679,29067,'{\"loading\":{\"1\":\"2\",\"2\":\"0\",\"3\":\"0\",\"4\":\"0\",\"5\":\"2\",\"6\":\"1\"}}',0),(7,'0',3679,29067,'{\"loading\":{\"1\":\"2\",\"2\":\"0\",\"3\":\"0\",\"4\":\"1\",\"5\":\"2\",\"6\":\"1\"}}',1),(7,'0',3679,29068,'{\"loading\":{\"1\":\"2\",\"2\":\"0\",\"3\":\"0\",\"4\":\"0\",\"5\":\"2\",\"6\":\"1\"}}',0),(7,'0',3679,29068,'{\"loading\":{\"1\":\"2\",\"2\":\"0\",\"3\":\"0\",\"4\":\"1\",\"5\":\"2\",\"6\":\"1\"}}',1),(7,'0',3679,29082,'{\"loading\":{\"1\":\"3\",\"2\":\"0\",\"3\":\"0\",\"4\":\"0\",\"5\":\"3\",\"6\":\"1\"}}',0),(7,'0',3679,29082,'{\"loading\":{\"1\":\"3\",\"2\":\"0\",\"3\":\"0\",\"4\":\"1\",\"5\":\"3\",\"6\":\"1\"}}',1),(7,'0',3679,29084,'{\"loading\":{\"1\":\"3\",\"2\":\"0\",\"3\":\"0\",\"4\":\"0\",\"5\":\"3\",\"6\":\"1\"}}',0),(7,'0',3679,29084,'{\"loading\":{\"1\":\"3\",\"2\":\"0\",\"3\":\"0\",\"4\":\"1\",\"5\":\"3\",\"6\":\"1\"}}',1),(8,'0',3676,29023,'{\"loading\":{\"1\":\"1\",\"2\":\"0\",\"3\":\"0\",\"4\":\"0\",\"5\":\"1\",\"6\":\"1\"}}',0),(8,'0',3676,29023,'{\"loading\":{\"1\":\"0\",\"2\":\"0\",\"3\":\"0\",\"4\":\"0\",\"5\":\"1\",\"6\":\"1\"}}',1),(8,'0',3676,29024,'{\"loading\":{\"1\":\"1\",\"2\":\"0\",\"3\":\"0\",\"4\":\"0\",\"5\":\"1\",\"6\":\"1\"}}',0),(8,'0',3676,29024,'{\"loading\":{\"1\":\"1\",\"2\":\"0\",\"3\":\"0\",\"4\":\"0\",\"5\":\"1\",\"6\":\"1\"}}',1),(8,'0',3676,29025,'{\"loading\":{\"1\":\"1\",\"2\":\"0\",\"3\":\"0\",\"4\":\"0\",\"5\":\"1\",\"6\":\"1\"}}',0),(8,'0',3676,29025,'{\"loading\":{\"1\":\"0\",\"2\":\"0\",\"3\":\"0\",\"4\":\"0\",\"5\":\"1\",\"6\":\"1\"}}',1),(8,'0',3676,29028,'{\"loading\":{\"1\":\"1\",\"2\":\"0\",\"3\":\"0\",\"4\":\"0\",\"5\":\"1\",\"6\":\"1\"}}',0),(8,'0',3676,29028,'{\"loading\":{\"1\":\"1\",\"2\":\"0\",\"3\":\"0\",\"4\":\"0\",\"5\":\"1\",\"6\":\"1\"}}',1),(8,'0',3676,29031,'{\"loading\":{\"1\":\"4\",\"2\":\"0\",\"3\":\"0\",\"4\":\"0\",\"5\":\"4\",\"6\":\"1\"}}',0),(8,'0',3676,29031,'{\"loading\":{\"1\":\"4\",\"2\":\"0\",\"3\":\"0\",\"4\":\"0\",\"5\":\"4\",\"6\":\"1\"}}',1),(8,'0',3676,29033,'{\"loading\":{\"1\":\"1\",\"2\":\"0\",\"3\":\"0\",\"4\":\"0\",\"5\":\"1\",\"6\":\"1\"}}',0),(8,'0',3676,29033,'{\"loading\":{\"1\":\"1\",\"2\":\"0\",\"3\":\"0\",\"4\":\"0\",\"5\":\"1\",\"6\":\"1\"}}',1),(8,'0',3676,29034,'{\"loading\":{\"1\":\"1\",\"2\":\"0\",\"3\":\"0\",\"4\":\"0\",\"5\":\"1\",\"6\":\"1\"}}',0),(8,'0',3676,29034,'{\"loading\":{\"1\":\"1\",\"2\":\"0\",\"3\":\"0\",\"4\":\"0\",\"5\":\"1\",\"6\":\"1\"}}',1),(8,'0',3676,29036,'{\"loading\":{\"1\":\"1\",\"2\":\"0\",\"3\":\"0\",\"4\":\"0\",\"5\":\"1\",\"6\":\"1\"}}',0),(8,'0',3676,29036,'{\"loading\":{\"1\":\"1\",\"2\":\"0\",\"3\":\"0\",\"4\":\"0\",\"5\":\"1\",\"6\":\"1\"}}',1),(8,'0',3677,29037,'{\"loading\":{\"1\":\"4\",\"2\":\"0\",\"3\":\"0\",\"4\":\"0\",\"5\":\"4\",\"6\":\"1\"}}',0),(8,'0',3677,29037,'{\"loading\":{\"1\":\"4\",\"2\":\"0\",\"3\":\"0\",\"4\":\"1\",\"5\":\"4\",\"6\":\"1\"}}',1),(8,'0',3677,29037,'{\"loading\":{\"1\":\"4\",\"2\":\"0\",\"3\":\"0\",\"4\":\"1\",\"5\":\"4\",\"6\":\"1\"}}',2),(8,'0',3677,29037,'{\"loading\":{\"1\":\"4\",\"2\":\"0\",\"3\":\"0\",\"4\":\"0\",\"5\":\"4\",\"6\":\"1\"}}',3),(8,'0',3677,29038,'{\"loading\":{\"1\":\"1\",\"2\":\"0\",\"3\":\"0\",\"4\":\"0\",\"5\":\"1\",\"6\":\"1\"}}',0),(8,'0',3677,29038,'{\"loading\":{\"1\":\"1\",\"2\":\"0\",\"3\":\"0\",\"4\":\"1\",\"5\":\"1\",\"6\":\"1\"}}',1),(8,'0',3677,29038,'{\"loading\":{\"1\":\"1\",\"2\":\"0\",\"3\":\"0\",\"4\":\"1\",\"5\":\"1\",\"6\":\"1\"}}',2),(8,'0',3677,29038,'{\"loading\":{\"1\":\"1\",\"2\":\"0\",\"3\":\"0\",\"4\":\"0\",\"5\":\"1\",\"6\":\"1\"}}',3),(8,'0',3677,29040,'{\"loading\":{\"1\":\"1\",\"2\":\"0\",\"3\":\"0\",\"4\":\"0\",\"5\":\"1\",\"6\":\"1\"}}',0),(8,'0',3677,29040,'{\"loading\":{\"1\":\"1\",\"2\":\"0\",\"3\":\"0\",\"4\":\"1\",\"5\":\"1\",\"6\":\"1\"}}',1),(8,'0',3677,29040,'{\"loading\":{\"1\":\"1\",\"2\":\"0\",\"3\":\"0\",\"4\":\"1\",\"5\":\"1\",\"6\":\"1\"}}',2),(8,'0',3677,29040,'{\"loading\":{\"1\":\"0\",\"2\":\"0\",\"3\":\"0\",\"4\":\"0\",\"5\":\"1\",\"6\":\"1\"}}',3),(8,'0',3677,29041,'{\"loading\":{\"1\":\"1\",\"2\":\"0\",\"3\":\"0\",\"4\":\"0\",\"5\":\"1\",\"6\":\"1\"}}',0),(8,'0',3677,29041,'{\"loading\":{\"1\":\"1\",\"2\":\"0\",\"3\":\"0\",\"4\":\"1\",\"5\":\"1\",\"6\":\"1\"}}',1),(8,'0',3677,29041,'{\"loading\":{\"1\":\"1\",\"2\":\"0\",\"3\":\"0\",\"4\":\"1\",\"5\":\"1\",\"6\":\"1\"}}',2),(8,'0',3677,29041,'{\"loading\":{\"1\":\"1\",\"2\":\"0\",\"3\":\"0\",\"4\":\"0\",\"5\":\"1\",\"6\":\"1\"}}',3),(8,'0',3677,29042,'{\"loading\":{\"1\":\"1\",\"2\":\"0\",\"3\":\"0\",\"4\":\"0\",\"5\":\"1\",\"6\":\"1\"}}',0),(8,'0',3677,29042,'{\"loading\":{\"1\":\"1\",\"2\":\"0\",\"3\":\"0\",\"4\":\"1\",\"5\":\"1\",\"6\":\"1\"}}',1),(8,'0',3677,29042,'{\"loading\":{\"1\":\"1\",\"2\":\"0\",\"3\":\"0\",\"4\":\"1\",\"5\":\"1\",\"6\":\"1\"}}',2),(8,'0',3677,29042,'{\"loading\":{\"1\":\"1\",\"2\":\"0\",\"3\":\"0\",\"4\":\"0\",\"5\":\"1\",\"6\":\"1\"}}',3),(8,'0',3677,29057,'{\"loading\":{\"1\":\"1\",\"2\":\"0\",\"3\":\"0\",\"4\":\"0\",\"5\":\"1\",\"6\":\"1\"}}',0),(8,'0',3677,29057,'{\"loading\":{\"1\":\"1\",\"2\":\"0\",\"3\":\"0\",\"4\":\"1\",\"5\":\"1\",\"6\":\"1\"}}',1),(8,'0',3677,29057,'{\"loading\":{\"1\":\"1\",\"2\":\"0\",\"3\":\"0\",\"4\":\"1\",\"5\":\"1\",\"6\":\"1\"}}',2),(8,'0',3677,29057,'{\"loading\":{\"1\":\"1\",\"2\":\"0\",\"3\":\"0\",\"4\":\"0\",\"5\":\"1\",\"6\":\"1\"}}',3),(8,'0',3677,29058,'{\"loading\":{\"1\":\"1\",\"2\":\"0\",\"3\":\"0\",\"4\":\"0\",\"5\":\"1\",\"6\":\"1\"}}',0),(8,'0',3677,29058,'{\"loading\":{\"1\":\"1\",\"2\":\"0\",\"3\":\"0\",\"4\":\"1\",\"5\":\"1\",\"6\":\"1\"}}',1),(8,'0',3677,29058,'{\"loading\":{\"1\":\"1\",\"2\":\"0\",\"3\":\"0\",\"4\":\"1\",\"5\":\"1\",\"6\":\"1\"}}',2),(8,'0',3677,29058,'{\"loading\":{\"1\":\"1\",\"2\":\"0\",\"3\":\"0\",\"4\":\"0\",\"5\":\"1\",\"6\":\"1\"}}',3),(8,'0',3677,29061,'{\"loading\":{\"1\":\"1\",\"2\":\"0\",\"3\":\"0\",\"4\":\"0\",\"5\":\"1\",\"6\":\"1\"}}',0),(8,'0',3677,29061,'{\"loading\":{\"1\":\"1\",\"2\":\"0\",\"3\":\"0\",\"4\":\"1\",\"5\":\"1\",\"6\":\"1\"}}',1),(8,'0',3677,29061,'{\"loading\":{\"1\":\"1\",\"2\":\"0\",\"3\":\"0\",\"4\":\"1\",\"5\":\"1\",\"6\":\"1\"}}',2),(8,'0',3677,29061,'{\"loading\":{\"1\":\"1\",\"2\":\"0\",\"3\":\"0\",\"4\":\"0\",\"5\":\"1\",\"6\":\"1\"}}',3),(8,'0',3677,29062,'{\"loading\":{\"1\":\"1\",\"2\":\"0\",\"3\":\"0\",\"4\":\"0\",\"5\":\"1\",\"6\":\"1\"}}',0),(8,'0',3677,29062,'{\"loading\":{\"1\":\"1\",\"2\":\"0\",\"3\":\"0\",\"4\":\"1\",\"5\":\"1\",\"6\":\"1\"}}',1),(8,'0',3677,29062,'{\"loading\":{\"1\":\"1\",\"2\":\"0\",\"3\":\"0\",\"4\":\"1\",\"5\":\"1\",\"6\":\"1\"}}',2),(8,'0',3677,29062,'{\"loading\":{\"1\":\"1\",\"2\":\"0\",\"3\":\"0\",\"4\":\"0\",\"5\":\"1\",\"6\":\"1\"}}',3),(8,'0',3678,29047,'{\"loading\":{\"1\":\"1\",\"2\":\"0\",\"3\":\"0\",\"4\":\"0\",\"5\":\"1\",\"6\":\"1\"}}',0),(8,'0',3678,29047,'{\"loading\":{\"1\":\"1\",\"2\":\"0\",\"3\":\"0\",\"4\":\"1\",\"5\":\"1\",\"6\":\"1\"}}',1),(8,'0',3678,29048,'{\"loading\":{\"1\":\"2\",\"2\":\"0\",\"3\":\"0\",\"4\":\"0\",\"5\":\"2\",\"6\":\"1\"}}',0),(8,'0',3678,29048,'{\"loading\":{\"1\":\"2\",\"2\":\"0\",\"3\":\"0\",\"4\":\"1\",\"5\":\"2\",\"6\":\"1\"}}',1),(8,'0',3678,29050,'{\"loading\":{\"1\":\"4\",\"2\":\"0\",\"3\":\"0\",\"4\":\"0\",\"5\":\"4\",\"6\":\"1\"}}',0),(8,'0',3678,29050,'{\"loading\":{\"1\":\"4\",\"2\":\"0\",\"3\":\"0\",\"4\":\"1\",\"5\":\"4\",\"6\":\"1\"}}',1),(8,'0',3678,29051,'{\"loading\":{\"1\":\"3\",\"2\":\"0\",\"3\":\"0\",\"4\":\"0\",\"5\":\"1\",\"6\":\"1\"}}',0),(8,'0',3678,29051,'{\"loading\":{\"1\":\"3\",\"2\":\"0\",\"3\":\"0\",\"4\":\"1\",\"5\":\"1\",\"6\":\"1\"}}',1),(8,'0',3678,29052,'{\"loading\":{\"1\":\"3\",\"2\":\"0\",\"3\":\"0\",\"4\":\"0\",\"5\":\"1\",\"6\":\"1\"}}',0),(8,'0',3678,29052,'{\"loading\":{\"1\":\"3\",\"2\":\"0\",\"3\":\"0\",\"4\":\"1\",\"5\":\"1\",\"6\":\"1\"}}',1),(8,'0',3678,29053,'{\"loading\":{\"1\":\"3\",\"2\":\"0\",\"3\":\"0\",\"4\":\"0\",\"5\":\"1\",\"6\":\"1\"}}',0),(8,'0',3678,29053,'{\"loading\":{\"1\":\"3\",\"2\":\"0\",\"3\":\"0\",\"4\":\"1\",\"5\":\"1\",\"6\":\"1\"}}',1),(8,'0',3678,29054,'{\"loading\":{\"1\":\"1\",\"2\":\"0\",\"3\":\"0\",\"4\":\"0\",\"5\":\"1\",\"6\":\"1\"}}',0),(8,'0',3678,29054,'{\"loading\":{\"1\":\"1\",\"2\":\"0\",\"3\":\"0\",\"4\":\"1\",\"5\":\"1\",\"6\":\"1\"}}',1),(8,'0',3678,29055,'{\"loading\":{\"1\":\"1\",\"2\":\"0\",\"3\":\"0\",\"4\":\"0\",\"5\":\"1\",\"6\":\"1\"}}',0),(8,'0',3678,29055,'{\"loading\":{\"1\":\"1\",\"2\":\"0\",\"3\":\"0\",\"4\":\"1\",\"5\":\"1\",\"6\":\"1\"}}',1),(8,'0',3679,29064,'{\"loading\":{\"1\":\"2\",\"2\":\"0\",\"3\":\"0\",\"4\":\"0\",\"5\":\"2\",\"6\":\"1\"}}',0),(8,'0',3679,29064,'{\"loading\":{\"1\":\"1\",\"2\":\"0\",\"3\":\"0\",\"4\":\"1\",\"5\":\"2\",\"6\":\"1\"}}',1),(8,'0',3679,29067,'{\"loading\":{\"1\":\"1\",\"2\":\"0\",\"3\":\"0\",\"4\":\"0\",\"5\":\"1\",\"6\":\"1\"}}',0),(8,'0',3679,29067,'{\"loading\":{\"1\":\"1\",\"2\":\"0\",\"3\":\"0\",\"4\":\"1\",\"5\":\"1\",\"6\":\"1\"}}',1),(8,'0',3679,29068,'{\"loading\":{\"1\":\"1\",\"2\":\"0\",\"3\":\"0\",\"4\":\"0\",\"5\":\"1\",\"6\":\"1\"}}',0),(8,'0',3679,29068,'{\"loading\":{\"1\":\"1\",\"2\":\"0\",\"3\":\"0\",\"4\":\"1\",\"5\":\"1\",\"6\":\"1\"}}',1),(8,'0',3679,29069,'{\"loading\":{\"1\":\"1\",\"2\":\"0\",\"3\":\"0\",\"4\":\"0\",\"5\":\"1\",\"6\":\"1\"}}',0),(8,'0',3679,29069,'{\"loading\":{\"1\":\"1\",\"2\":\"0\",\"3\":\"0\",\"4\":\"1\",\"5\":\"1\",\"6\":\"1\"}}',1),(8,'0',3679,29070,'{\"loading\":{\"1\":\"1\",\"2\":\"0\",\"3\":\"0\",\"4\":\"0\",\"5\":\"1\",\"6\":\"1\"}}',0),(8,'0',3679,29070,'{\"loading\":{\"1\":\"1\",\"2\":\"0\",\"3\":\"0\",\"4\":\"1\",\"5\":\"1\",\"6\":\"1\"}}',1),(8,'0',3679,29071,'{\"loading\":{\"1\":\"1\",\"2\":\"0\",\"3\":\"0\",\"4\":\"0\",\"5\":\"1\",\"6\":\"1\"}}',0),(8,'0',3679,29071,'{\"loading\":{\"1\":\"1\",\"2\":\"0\",\"3\":\"0\",\"4\":\"1\",\"5\":\"1\",\"6\":\"1\"}}',1),(8,'0',3679,29072,'{\"loading\":{\"1\":\"1\",\"2\":\"0\",\"3\":\"0\",\"4\":\"0\",\"5\":\"1\",\"6\":\"1\"}}',0),(8,'0',3679,29072,'{\"loading\":{\"1\":\"1\",\"2\":\"0\",\"3\":\"0\",\"4\":\"1\",\"5\":\"1\",\"6\":\"1\"}}',1),(8,'0',3679,29079,'{\"loading\":{\"1\":\"4\",\"2\":\"0\",\"3\":\"0\",\"4\":\"0\",\"5\":\"4\",\"6\":\"1\"}}',0),(8,'0',3679,29079,'{\"loading\":{\"1\":\"1\",\"2\":\"0\",\"3\":\"0\",\"4\":\"1\",\"5\":\"4\",\"6\":\"1\"}}',1),(8,'0',3679,29080,'{\"loading\":{\"1\":\"1\",\"2\":\"0\",\"3\":\"0\",\"4\":\"0\",\"5\":\"1\",\"6\":\"1\"}}',0),(8,'0',3679,29080,'{\"loading\":{\"1\":\"1\",\"2\":\"0\",\"3\":\"0\",\"4\":\"1\",\"5\":\"1\",\"6\":\"1\"}}',1),(8,'0',3679,29081,'{\"loading\":{\"1\":\"1\",\"2\":\"0\",\"3\":\"0\",\"4\":\"0\",\"5\":\"1\",\"6\":\"1\"}}',0),(8,'0',3679,29081,'{\"loading\":{\"1\":\"1\",\"2\":\"0\",\"3\":\"0\",\"4\":\"1\",\"5\":\"1\",\"6\":\"1\"}}',1),(8,'0',3679,29082,'{\"loading\":{\"1\":\"3\",\"2\":\"0\",\"3\":\"0\",\"4\":\"0\",\"5\":\"3\",\"6\":\"1\"}}',0),(8,'0',3679,29082,'{\"loading\":{\"1\":\"3\",\"2\":\"0\",\"3\":\"0\",\"4\":\"1\",\"5\":\"3\",\"6\":\"1\"}}',1),(8,'0',3679,29084,'{\"loading\":{\"1\":\"3\",\"2\":\"0\",\"3\":\"0\",\"4\":\"0\",\"5\":\"3\",\"6\":\"1\"}}',0),(8,'0',3679,29084,'{\"loading\":{\"1\":\"3\",\"2\":\"0\",\"3\":\"0\",\"4\":\"1\",\"5\":\"3\",\"6\":\"1\"}}',1),(8,'0',3680,29077,'{\"loading\":{\"1\":\"1\",\"2\":\"0\",\"3\":\"0\",\"4\":\"0\",\"5\":\"1\",\"6\":\"1\"}}',0),(8,'0',3680,29077,'{\"loading\":{\"1\":\"1\",\"2\":\"0\",\"3\":\"0\",\"4\":\"0\",\"5\":\"1\",\"6\":\"1\"}}',1),(8,'0',3680,29078,'{\"loading\":{\"1\":\"1\",\"2\":\"0\",\"3\":\"0\",\"4\":\"0\",\"5\":\"1\",\"6\":\"1\"}}',0),(8,'0',3680,29078,'{\"loading\":{\"1\":\"1\",\"2\":\"0\",\"3\":\"0\",\"4\":\"0\",\"5\":\"1\",\"6\":\"1\"}}',1),(8,'0',3680,29085,'{\"loading\":{\"1\":\"3\",\"2\":\"0\",\"3\":\"0\",\"4\":\"0\",\"5\":\"3\",\"6\":\"1\"}}',0),(8,'0',3680,29085,'{\"loading\":{\"1\":\"3\",\"2\":\"0\",\"3\":\"0\",\"4\":\"0\",\"5\":\"3\",\"6\":\"1\"}}',1),(8,'0',3680,29087,'{\"loading\":{\"1\":\"2\",\"2\":\"0\",\"3\":\"0\",\"4\":\"0\",\"5\":\"2\",\"6\":\"1\"}}',0),(8,'0',3680,29087,'{\"loading\":{\"1\":\"2\",\"2\":\"0\",\"3\":\"0\",\"4\":\"0\",\"5\":\"2\",\"6\":\"1\"}}',1),(8,'0',3680,29088,'{\"loading\":{\"1\":\"2\",\"2\":\"0\",\"3\":\"0\",\"4\":\"0\",\"5\":\"2\",\"6\":\"1\"}}',0),(8,'0',3680,29088,'{\"loading\":{\"1\":\"2\",\"2\":\"0\",\"3\":\"0\",\"4\":\"0\",\"5\":\"2\",\"6\":\"1\"}}',1),(8,'0',3680,29089,'{\"loading\":{\"1\":\"1\",\"2\":\"0\",\"3\":\"0\",\"4\":\"0\",\"5\":\"1\",\"6\":\"1\"}}',0),(8,'0',3680,29089,'{\"loading\":{\"1\":\"1\",\"2\":\"0\",\"3\":\"0\",\"4\":\"0\",\"5\":\"1\",\"6\":\"1\"}}',1),(8,'0',3680,29091,'{\"loading\":{\"1\":\"1\",\"2\":\"0\",\"3\":\"0\",\"4\":\"0\",\"5\":\"1\",\"6\":\"1\"}}',0),(8,'0',3680,29091,'{\"loading\":{\"1\":\"1\",\"2\":\"0\",\"3\":\"0\",\"4\":\"0\",\"5\":\"1\",\"6\":\"1\"}}',1),(9,'0',3676,29025,'{\"loading\":{\"1\":\"3\",\"2\":\"0\",\"3\":\"0\",\"4\":\"0\",\"5\":\"3\",\"6\":\"1\"}}',0),(9,'0',3676,29025,'{\"loading\":{\"1\":\"3\",\"2\":\"0\",\"3\":\"0\",\"4\":\"0\",\"5\":\"3\",\"6\":\"1\"}}',1),(9,'0',3676,29026,'{\"loading\":{\"1\":\"1\",\"2\":\"0\",\"3\":\"0\",\"4\":\"0\",\"5\":\"1\",\"6\":\"1\"}}',0),(9,'0',3676,29026,'{\"loading\":{\"1\":\"1\",\"2\":\"0\",\"3\":\"0\",\"4\":\"0\",\"5\":\"1\",\"6\":\"1\"}}',1),(9,'0',3676,29027,'{\"loading\":{\"1\":\"1\",\"2\":\"0\",\"3\":\"0\",\"4\":\"0\",\"5\":\"1\",\"6\":\"1\"}}',0),(9,'0',3676,29027,'{\"loading\":{\"1\":\"1\",\"2\":\"0\",\"3\":\"0\",\"4\":\"0\",\"5\":\"1\",\"6\":\"1\"}}',1),(9,'0',3676,29028,'{\"loading\":{\"1\":\"1\",\"2\":\"0\",\"3\":\"0\",\"4\":\"0\",\"5\":\"1\",\"6\":\"1\"}}',0),(9,'0',3676,29028,'{\"loading\":{\"1\":\"1\",\"2\":\"0\",\"3\":\"0\",\"4\":\"0\",\"5\":\"1\",\"6\":\"1\"}}',1),(9,'0',3676,29030,'{\"loading\":{\"1\":\"1\",\"2\":\"0\",\"3\":\"0\",\"4\":\"0\",\"5\":\"1\",\"6\":\"1\"}}',0),(9,'0',3676,29030,'{\"loading\":{\"1\":\"1\",\"2\":\"0\",\"3\":\"0\",\"4\":\"0\",\"5\":\"1\",\"6\":\"1\"}}',1),(9,'0',3676,29035,'{\"loading\":{\"1\":\"4\",\"2\":\"0\",\"3\":\"0\",\"4\":\"0\",\"5\":\"4\",\"6\":\"1\"}}',0),(9,'0',3676,29035,'{\"loading\":{\"1\":\"4\",\"2\":\"0\",\"3\":\"0\",\"4\":\"0\",\"5\":\"4\",\"6\":\"1\"}}',1),(9,'0',3677,29037,'{\"loading\":{\"1\":\"4\",\"2\":\"0\",\"3\":\"0\",\"4\":\"0\",\"5\":\"4\",\"6\":\"1\"}}',0),(9,'0',3677,29037,'{\"loading\":{\"1\":\"4\",\"2\":\"0\",\"3\":\"0\",\"4\":\"2\",\"5\":\"4\",\"6\":\"1\"}}',1),(9,'0',3677,29037,'{\"loading\":{\"1\":\"4\",\"2\":\"0\",\"3\":\"0\",\"4\":\"3\",\"5\":\"4\",\"6\":\"1\"}}',2),(9,'0',3677,29037,'{\"loading\":{\"1\":\"4\",\"2\":\"0\",\"3\":\"0\",\"4\":\"3\",\"5\":\"4\",\"6\":\"1\"}}',3),(9,'0',3677,29039,'{\"loading\":{\"1\":\"2\",\"2\":\"0\",\"3\":\"0\",\"4\":\"0\",\"5\":\"2\",\"6\":\"1\"}}',0),(9,'0',3677,29039,'{\"loading\":{\"1\":\"2\",\"2\":\"0\",\"3\":\"0\",\"4\":\"1\",\"5\":\"2\",\"6\":\"1\"}}',1),(9,'0',3677,29039,'{\"loading\":{\"1\":\"2\",\"2\":\"0\",\"3\":\"0\",\"4\":\"1\",\"5\":\"2\",\"6\":\"1\"}}',2),(9,'0',3677,29039,'{\"loading\":{\"1\":\"0\",\"2\":\"0\",\"3\":\"0\",\"4\":\"0\",\"5\":\"2\",\"6\":\"1\"}}',3),(9,'0',3677,29040,'{\"loading\":{\"1\":\"1\",\"2\":\"0\",\"3\":\"0\",\"4\":\"0\",\"5\":\"1\",\"6\":\"1\"}}',0),(9,'0',3677,29040,'{\"loading\":{\"1\":\"1\",\"2\":\"0\",\"3\":\"0\",\"4\":\"1\",\"5\":\"1\",\"6\":\"1\"}}',1),(9,'0',3677,29040,'{\"loading\":{\"1\":\"1\",\"2\":\"0\",\"3\":\"0\",\"4\":\"1\",\"5\":\"1\",\"6\":\"1\"}}',2),(9,'0',3677,29040,'{\"loading\":{\"1\":\"0\",\"2\":\"0\",\"3\":\"0\",\"4\":\"0\",\"5\":\"1\",\"6\":\"1\"}}',3),(9,'0',3677,29063,'{\"loading\":{\"1\":\"1\",\"2\":\"0\",\"3\":\"0\",\"4\":\"0\",\"5\":\"1\",\"6\":\"1\"}}',0),(9,'0',3677,29063,'{\"loading\":{\"1\":\"1\",\"2\":\"0\",\"3\":\"0\",\"4\":\"1\",\"5\":\"1\",\"6\":\"1\"}}',1),(9,'0',3677,29063,'{\"loading\":{\"1\":\"1\",\"2\":\"0\",\"3\":\"0\",\"4\":\"1\",\"5\":\"1\",\"6\":\"1\"}}',2),(9,'0',3677,29063,'{\"loading\":{\"1\":\"1\",\"2\":\"0\",\"3\":\"0\",\"4\":\"0\",\"5\":\"1\",\"6\":\"1\"}}',3),(9,'0',3678,29043,'{\"loading\":{\"1\":\"2\",\"2\":\"0\",\"3\":\"0\",\"4\":\"0\",\"5\":\"2\",\"6\":\"1\"}}',0),(9,'0',3678,29043,'{\"loading\":{\"1\":\"2\",\"2\":\"0\",\"3\":\"0\",\"4\":\"1\",\"5\":\"2\",\"6\":\"1\"}}',1),(9,'0',3678,29044,'{\"loading\":{\"1\":\"2\",\"2\":\"0\",\"3\":\"0\",\"4\":\"0\",\"5\":\"2\",\"6\":\"1\"}}',0),(9,'0',3678,29044,'{\"loading\":{\"1\":\"2\",\"2\":\"0\",\"3\":\"0\",\"4\":\"1\",\"5\":\"2\",\"6\":\"1\"}}',1),(9,'0',3678,29045,'{\"loading\":{\"1\":\"1\",\"2\":\"0\",\"3\":\"0\",\"4\":\"0\",\"5\":\"1\",\"6\":\"1\"}}',0),(9,'0',3678,29045,'{\"loading\":{\"1\":\"1\",\"2\":\"0\",\"3\":\"0\",\"4\":\"1\",\"5\":\"1\",\"6\":\"1\"}}',1),(9,'0',3678,29050,'{\"loading\":{\"1\":\"4\",\"2\":\"0\",\"3\":\"0\",\"4\":\"0\",\"5\":\"4\",\"6\":\"1\"}}',0),(9,'0',3678,29050,'{\"loading\":{\"1\":\"4\",\"2\":\"0\",\"3\":\"0\",\"4\":\"1\",\"5\":\"4\",\"6\":\"1\"}}',1),(9,'0',3678,29051,'{\"loading\":{\"1\":\"3\",\"2\":\"0\",\"3\":\"0\",\"4\":\"0\",\"5\":\"1\",\"6\":\"1\"}}',0),(9,'0',3678,29051,'{\"loading\":{\"1\":\"3\",\"2\":\"0\",\"3\":\"0\",\"4\":\"1\",\"5\":\"1\",\"6\":\"1\"}}',1),(9,'0',3678,29052,'{\"loading\":{\"1\":\"3\",\"2\":\"0\",\"3\":\"0\",\"4\":\"0\",\"5\":\"1\",\"6\":\"1\"}}',0),(9,'0',3678,29052,'{\"loading\":{\"1\":\"3\",\"2\":\"0\",\"3\":\"0\",\"4\":\"1\",\"5\":\"1\",\"6\":\"1\"}}',1),(9,'0',3678,29053,'{\"loading\":{\"1\":\"4\",\"2\":\"0\",\"3\":\"0\",\"4\":\"0\",\"5\":\"4\",\"6\":\"1\"}}',0),(9,'0',3678,29053,'{\"loading\":{\"1\":\"4\",\"2\":\"0\",\"3\":\"0\",\"4\":\"1\",\"5\":\"4\",\"6\":\"1\"}}',1),(9,'0',3678,29054,'{\"loading\":{\"1\":\"3\",\"2\":\"0\",\"3\":\"0\",\"4\":\"0\",\"5\":\"3\",\"6\":\"1\"}}',0),(9,'0',3678,29054,'{\"loading\":{\"1\":\"3\",\"2\":\"0\",\"3\":\"0\",\"4\":\"1\",\"5\":\"3\",\"6\":\"1\"}}',1),(9,'0',3679,29065,'{\"loading\":{\"1\":\"2\",\"2\":\"0\",\"3\":\"0\",\"4\":\"0\",\"5\":\"2\",\"6\":\"1\"}}',0),(9,'0',3679,29065,'{\"loading\":{\"1\":\"1\",\"2\":\"0\",\"3\":\"0\",\"4\":\"1\",\"5\":\"2\",\"6\":\"1\"}}',1),(9,'0',3679,29066,'{\"loading\":{\"1\":\"2\",\"2\":\"0\",\"3\":\"0\",\"4\":\"0\",\"5\":\"2\",\"6\":\"1\"}}',0),(9,'0',3679,29066,'{\"loading\":{\"1\":\"1\",\"2\":\"0\",\"3\":\"0\",\"4\":\"1\",\"5\":\"2\",\"6\":\"1\"}}',1),(9,'0',3679,29067,'{\"loading\":{\"1\":\"1\",\"2\":\"0\",\"3\":\"0\",\"4\":\"0\",\"5\":\"1\",\"6\":\"1\"}}',0),(9,'0',3679,29067,'{\"loading\":{\"1\":\"1\",\"2\":\"0\",\"3\":\"0\",\"4\":\"1\",\"5\":\"1\",\"6\":\"1\"}}',1),(9,'0',3679,29068,'{\"loading\":{\"1\":\"1\",\"2\":\"0\",\"3\":\"0\",\"4\":\"0\",\"5\":\"1\",\"6\":\"1\"}}',0),(9,'0',3679,29068,'{\"loading\":{\"1\":\"1\",\"2\":\"0\",\"3\":\"0\",\"4\":\"1\",\"5\":\"1\",\"6\":\"1\"}}',1),(9,'0',3679,29069,'{\"loading\":{\"1\":\"1\",\"2\":\"0\",\"3\":\"0\",\"4\":\"0\",\"5\":\"1\",\"6\":\"1\"}}',0),(9,'0',3679,29069,'{\"loading\":{\"1\":\"1\",\"2\":\"0\",\"3\":\"0\",\"4\":\"1\",\"5\":\"1\",\"6\":\"1\"}}',1),(9,'0',3679,29070,'{\"loading\":{\"1\":\"3\",\"2\":\"0\",\"3\":\"0\",\"4\":\"0\",\"5\":\"3\",\"6\":\"1\"}}',0),(9,'0',3679,29070,'{\"loading\":{\"1\":\"3\",\"2\":\"0\",\"3\":\"0\",\"4\":\"1\",\"5\":\"3\",\"6\":\"1\"}}',1),(9,'0',3679,29079,'{\"loading\":{\"1\":\"4\",\"2\":\"0\",\"3\":\"0\",\"4\":\"0\",\"5\":\"4\",\"6\":\"1\"}}',0),(9,'0',3679,29079,'{\"loading\":{\"1\":\"1\",\"2\":\"0\",\"3\":\"0\",\"4\":\"1\",\"5\":\"4\",\"6\":\"1\"}}',1),(9,'0',3679,29083,'{\"loading\":{\"1\":\"2\",\"2\":\"0\",\"3\":\"0\",\"4\":\"0\",\"5\":\"2\",\"6\":\"1\"}}',0),(9,'0',3679,29083,'{\"loading\":{\"1\":\"2\",\"2\":\"0\",\"3\":\"0\",\"4\":\"1\",\"5\":\"2\",\"6\":\"1\"}}',1),(9,'0',3680,29073,'{\"loading\":{\"1\":\"4\",\"2\":\"0\",\"3\":\"0\",\"4\":\"0\",\"5\":\"4\",\"6\":\"1\"}}',0),(9,'0',3680,29073,'{\"loading\":{\"1\":\"4\",\"2\":\"0\",\"3\":\"0\",\"4\":\"0\",\"5\":\"4\",\"6\":\"1\"}}',1),(9,'0',3680,29074,'{\"loading\":{\"1\":\"4\",\"2\":\"0\",\"3\":\"0\",\"4\":\"0\",\"5\":\"4\",\"6\":\"1\"}}',0),(9,'0',3680,29074,'{\"loading\":{\"1\":\"4\",\"2\":\"0\",\"3\":\"0\",\"4\":\"0\",\"5\":\"4\",\"6\":\"1\"}}',1),(9,'0',3680,29075,'{\"loading\":{\"1\":\"4\",\"2\":\"0\",\"3\":\"0\",\"4\":\"0\",\"5\":\"4\",\"6\":\"1\"}}',0),(9,'0',3680,29075,'{\"loading\":{\"1\":\"4\",\"2\":\"0\",\"3\":\"0\",\"4\":\"0\",\"5\":\"4\",\"6\":\"1\"}}',1),(9,'0',3680,29076,'{\"loading\":{\"1\":\"2\",\"2\":\"0\",\"3\":\"0\",\"4\":\"0\",\"5\":\"2\",\"6\":\"1\"}}',0),(9,'0',3680,29076,'{\"loading\":{\"1\":\"0\",\"2\":\"0\",\"3\":\"0\",\"4\":\"0\",\"5\":\"2\",\"6\":\"1\"}}',1),(9,'0',3680,29085,'{\"loading\":{\"1\":\"1\",\"2\":\"0\",\"3\":\"0\",\"4\":\"0\",\"5\":\"1\",\"6\":\"1\"}}',0),(9,'0',3680,29085,'{\"loading\":{\"1\":\"1\",\"2\":\"0\",\"3\":\"0\",\"4\":\"0\",\"5\":\"1\",\"6\":\"1\"}}',1),(9,'0',3680,29086,'{\"loading\":{\"1\":\"2\",\"2\":\"0\",\"3\":\"0\",\"4\":\"0\",\"5\":\"2\",\"6\":\"1\"}}',0),(9,'0',3680,29086,'{\"loading\":{\"1\":\"2\",\"2\":\"0\",\"3\":\"0\",\"4\":\"0\",\"5\":\"2\",\"6\":\"1\"}}',1),(9,'0',3680,29087,'{\"loading\":{\"1\":\"1\",\"2\":\"0\",\"3\":\"0\",\"4\":\"0\",\"5\":\"1\",\"6\":\"1\"}}',0),(9,'0',3680,29087,'{\"loading\":{\"1\":\"1\",\"2\":\"0\",\"3\":\"0\",\"4\":\"0\",\"5\":\"1\",\"6\":\"1\"}}',1),(9,'0',3680,29088,'{\"loading\":{\"1\":\"1\",\"2\":\"0\",\"3\":\"0\",\"4\":\"0\",\"5\":\"1\",\"6\":\"1\"}}',0),(9,'0',3680,29088,'{\"loading\":{\"1\":\"1\",\"2\":\"0\",\"3\":\"0\",\"4\":\"0\",\"5\":\"1\",\"6\":\"1\"}}',1),(9,'0',3680,29090,'{\"loading\":{\"1\":\"2\",\"2\":\"0\",\"3\":\"0\",\"4\":\"0\",\"5\":\"2\",\"6\":\"1\"}}',0),(9,'0',3680,29090,'{\"loading\":{\"1\":\"2\",\"2\":\"0\",\"3\":\"0\",\"4\":\"0\",\"5\":\"2\",\"6\":\"1\"}}',1),(10,'0',3676,29024,'{\"loading\":{\"1\":\"1\",\"2\":\"0\",\"3\":\"0\",\"4\":\"0\",\"5\":\"1\",\"6\":\"1\"}}',0),(10,'0',3676,29024,'{\"loading\":{\"1\":\"1\",\"2\":\"0\",\"3\":\"0\",\"4\":\"0\",\"5\":\"1\",\"6\":\"1\"}}',1),(10,'0',3676,29026,'{\"loading\":{\"1\":\"1\",\"2\":\"0\",\"3\":\"0\",\"4\":\"0\",\"5\":\"1\",\"6\":\"1\"}}',0),(10,'0',3676,29026,'{\"loading\":{\"1\":\"1\",\"2\":\"0\",\"3\":\"0\",\"4\":\"0\",\"5\":\"1\",\"6\":\"1\"}}',1),(10,'0',3676,29027,'{\"loading\":{\"1\":\"1\",\"2\":\"0\",\"3\":\"0\",\"4\":\"0\",\"5\":\"1\",\"6\":\"1\"}}',0),(10,'0',3676,29027,'{\"loading\":{\"1\":\"1\",\"2\":\"0\",\"3\":\"0\",\"4\":\"0\",\"5\":\"1\",\"6\":\"1\"}}',1),(10,'0',3676,29030,'{\"loading\":{\"1\":\"1\",\"2\":\"0\",\"3\":\"0\",\"4\":\"0\",\"5\":\"1\",\"6\":\"1\"}}',0),(10,'0',3676,29030,'{\"loading\":{\"1\":\"1\",\"2\":\"0\",\"3\":\"0\",\"4\":\"0\",\"5\":\"1\",\"6\":\"1\"}}',1),(10,'0',3676,29032,'{\"loading\":{\"1\":\"1\",\"2\":\"0\",\"3\":\"0\",\"4\":\"0\",\"5\":\"1\",\"6\":\"1\"}}',0),(10,'0',3676,29032,'{\"loading\":{\"1\":\"1\",\"2\":\"0\",\"3\":\"0\",\"4\":\"0\",\"5\":\"1\",\"6\":\"1\"}}',1),(10,'0',3676,29033,'{\"loading\":{\"1\":\"1\",\"2\":\"0\",\"3\":\"0\",\"4\":\"0\",\"5\":\"1\",\"6\":\"1\"}}',0),(10,'0',3676,29033,'{\"loading\":{\"1\":\"1\",\"2\":\"0\",\"3\":\"0\",\"4\":\"0\",\"5\":\"1\",\"6\":\"1\"}}',1),(10,'0',3676,29034,'{\"loading\":{\"1\":\"1\",\"2\":\"0\",\"3\":\"0\",\"4\":\"0\",\"5\":\"1\",\"6\":\"1\"}}',0),(10,'0',3676,29034,'{\"loading\":{\"1\":\"1\",\"2\":\"0\",\"3\":\"0\",\"4\":\"0\",\"5\":\"1\",\"6\":\"1\"}}',1),(10,'0',3676,29035,'{\"loading\":{\"1\":\"3\",\"2\":\"0\",\"3\":\"0\",\"4\":\"0\",\"5\":\"3\",\"6\":\"1\"}}',0),(10,'0',3676,29035,'{\"loading\":{\"1\":\"0\",\"2\":\"0\",\"3\":\"0\",\"4\":\"0\",\"5\":\"3\",\"6\":\"1\"}}',1),(10,'0',3676,29036,'{\"loading\":{\"1\":\"1\",\"2\":\"0\",\"3\":\"0\",\"4\":\"0\",\"5\":\"1\",\"6\":\"1\"}}',0),(10,'0',3676,29036,'{\"loading\":{\"1\":\"1\",\"2\":\"0\",\"3\":\"0\",\"4\":\"0\",\"5\":\"1\",\"6\":\"1\"}}',1),(10,'0',3677,29037,'{\"loading\":{\"1\":\"3\",\"2\":\"0\",\"3\":\"0\",\"4\":\"0\",\"5\":\"3\",\"6\":\"1\"}}',0),(10,'0',3677,29037,'{\"loading\":{\"1\":\"3\",\"2\":\"0\",\"3\":\"0\",\"4\":\"1\",\"5\":\"3\",\"6\":\"1\"}}',1),(10,'0',3677,29037,'{\"loading\":{\"1\":\"3\",\"2\":\"0\",\"3\":\"0\",\"4\":\"1\",\"5\":\"3\",\"6\":\"1\"}}',2),(10,'0',3677,29037,'{\"loading\":{\"1\":\"3\",\"2\":\"0\",\"3\":\"0\",\"4\":\"0\",\"5\":\"3\",\"6\":\"1\"}}',3),(10,'0',3677,29038,'{\"loading\":{\"1\":\"1\",\"2\":\"0\",\"3\":\"0\",\"4\":\"0\",\"5\":\"1\",\"6\":\"1\"}}',0),(10,'0',3677,29038,'{\"loading\":{\"1\":\"1\",\"2\":\"0\",\"3\":\"0\",\"4\":\"1\",\"5\":\"1\",\"6\":\"1\"}}',1),(10,'0',3677,29038,'{\"loading\":{\"1\":\"1\",\"2\":\"0\",\"3\":\"0\",\"4\":\"1\",\"5\":\"1\",\"6\":\"1\"}}',2),(10,'0',3677,29038,'{\"loading\":{\"1\":\"1\",\"2\":\"0\",\"3\":\"0\",\"4\":\"0\",\"5\":\"1\",\"6\":\"1\"}}',3),(10,'0',3677,29039,'{\"loading\":{\"1\":\"1\",\"2\":\"0\",\"3\":\"0\",\"4\":\"0\",\"5\":\"1\",\"6\":\"1\"}}',0),(10,'0',3677,29039,'{\"loading\":{\"1\":\"1\",\"2\":\"0\",\"3\":\"0\",\"4\":\"1\",\"5\":\"1\",\"6\":\"1\"}}',1),(10,'0',3677,29039,'{\"loading\":{\"1\":\"1\",\"2\":\"0\",\"3\":\"0\",\"4\":\"1\",\"5\":\"1\",\"6\":\"1\"}}',2),(10,'0',3677,29039,'{\"loading\":{\"1\":\"1\",\"2\":\"0\",\"3\":\"0\",\"4\":\"0\",\"5\":\"1\",\"6\":\"1\"}}',3),(10,'0',3677,29040,'{\"loading\":{\"1\":\"1\",\"2\":\"0\",\"3\":\"0\",\"4\":\"0\",\"5\":\"1\",\"6\":\"1\"}}',0),(10,'0',3677,29040,'{\"loading\":{\"1\":\"1\",\"2\":\"0\",\"3\":\"0\",\"4\":\"1\",\"5\":\"1\",\"6\":\"1\"}}',1),(10,'0',3677,29040,'{\"loading\":{\"1\":\"1\",\"2\":\"0\",\"3\":\"0\",\"4\":\"1\",\"5\":\"1\",\"6\":\"1\"}}',2),(10,'0',3677,29040,'{\"loading\":{\"1\":\"0\",\"2\":\"0\",\"3\":\"0\",\"4\":\"0\",\"5\":\"1\",\"6\":\"1\"}}',3),(10,'0',3677,29041,'{\"loading\":{\"1\":\"1\",\"2\":\"0\",\"3\":\"0\",\"4\":\"0\",\"5\":\"1\",\"6\":\"1\"}}',0),(10,'0',3677,29041,'{\"loading\":{\"1\":\"1\",\"2\":\"0\",\"3\":\"0\",\"4\":\"1\",\"5\":\"1\",\"6\":\"1\"}}',1),(10,'0',3677,29041,'{\"loading\":{\"1\":\"1\",\"2\":\"0\",\"3\":\"0\",\"4\":\"1\",\"5\":\"1\",\"6\":\"1\"}}',2),(10,'0',3677,29041,'{\"loading\":{\"1\":\"1\",\"2\":\"0\",\"3\":\"0\",\"4\":\"0\",\"5\":\"1\",\"6\":\"1\"}}',3),(10,'0',3677,29042,'{\"loading\":{\"1\":\"1\",\"2\":\"0\",\"3\":\"0\",\"4\":\"0\",\"5\":\"1\",\"6\":\"1\"}}',0),(10,'0',3677,29042,'{\"loading\":{\"1\":\"1\",\"2\":\"0\",\"3\":\"0\",\"4\":\"1\",\"5\":\"1\",\"6\":\"1\"}}',1),(10,'0',3677,29042,'{\"loading\":{\"1\":\"1\",\"2\":\"0\",\"3\":\"0\",\"4\":\"1\",\"5\":\"1\",\"6\":\"1\"}}',2),(10,'0',3677,29042,'{\"loading\":{\"1\":\"1\",\"2\":\"0\",\"3\":\"0\",\"4\":\"0\",\"5\":\"1\",\"6\":\"1\"}}',3),(10,'0',3677,29058,'{\"loading\":{\"1\":\"1\",\"2\":\"0\",\"3\":\"0\",\"4\":\"0\",\"5\":\"1\",\"6\":\"1\"}}',0),(10,'0',3677,29058,'{\"loading\":{\"1\":\"1\",\"2\":\"0\",\"3\":\"0\",\"4\":\"1\",\"5\":\"1\",\"6\":\"1\"}}',1),(10,'0',3677,29058,'{\"loading\":{\"1\":\"1\",\"2\":\"0\",\"3\":\"0\",\"4\":\"1\",\"5\":\"1\",\"6\":\"1\"}}',2),(10,'0',3677,29058,'{\"loading\":{\"1\":\"1\",\"2\":\"0\",\"3\":\"0\",\"4\":\"0\",\"5\":\"1\",\"6\":\"1\"}}',3),(10,'0',3677,29059,'{\"loading\":{\"1\":\"1\",\"2\":\"0\",\"3\":\"0\",\"4\":\"0\",\"5\":\"1\",\"6\":\"1\"}}',0),(10,'0',3677,29059,'{\"loading\":{\"1\":\"1\",\"2\":\"0\",\"3\":\"0\",\"4\":\"1\",\"5\":\"1\",\"6\":\"1\"}}',1),(10,'0',3677,29059,'{\"loading\":{\"1\":\"1\",\"2\":\"0\",\"3\":\"0\",\"4\":\"1\",\"5\":\"1\",\"6\":\"1\"}}',2),(10,'0',3677,29059,'{\"loading\":{\"1\":\"1\",\"2\":\"0\",\"3\":\"0\",\"4\":\"0\",\"5\":\"1\",\"6\":\"1\"}}',3),(10,'0',3677,29060,'{\"loading\":{\"1\":\"1\",\"2\":\"0\",\"3\":\"0\",\"4\":\"0\",\"5\":\"1\",\"6\":\"1\"}}',0),(10,'0',3677,29060,'{\"loading\":{\"1\":\"1\",\"2\":\"0\",\"3\":\"0\",\"4\":\"1\",\"5\":\"1\",\"6\":\"1\"}}',1),(10,'0',3677,29060,'{\"loading\":{\"1\":\"1\",\"2\":\"0\",\"3\":\"0\",\"4\":\"1\",\"5\":\"1\",\"6\":\"1\"}}',2),(10,'0',3677,29060,'{\"loading\":{\"1\":\"1\",\"2\":\"0\",\"3\":\"0\",\"4\":\"0\",\"5\":\"1\",\"6\":\"1\"}}',3),(10,'0',3677,29061,'{\"loading\":{\"1\":\"1\",\"2\":\"0\",\"3\":\"0\",\"4\":\"0\",\"5\":\"1\",\"6\":\"1\"}}',0),(10,'0',3677,29061,'{\"loading\":{\"1\":\"1\",\"2\":\"0\",\"3\":\"0\",\"4\":\"1\",\"5\":\"1\",\"6\":\"1\"}}',1),(10,'0',3677,29061,'{\"loading\":{\"1\":\"1\",\"2\":\"0\",\"3\":\"0\",\"4\":\"1\",\"5\":\"1\",\"6\":\"1\"}}',2),(10,'0',3677,29061,'{\"loading\":{\"1\":\"1\",\"2\":\"0\",\"3\":\"0\",\"4\":\"0\",\"5\":\"1\",\"6\":\"1\"}}',3),(10,'0',3677,29062,'{\"loading\":{\"1\":\"1\",\"2\":\"0\",\"3\":\"0\",\"4\":\"0\",\"5\":\"1\",\"6\":\"1\"}}',0),(10,'0',3677,29062,'{\"loading\":{\"1\":\"1\",\"2\":\"0\",\"3\":\"0\",\"4\":\"1\",\"5\":\"1\",\"6\":\"1\"}}',1),(10,'0',3677,29062,'{\"loading\":{\"1\":\"1\",\"2\":\"0\",\"3\":\"0\",\"4\":\"1\",\"5\":\"1\",\"6\":\"1\"}}',2),(10,'0',3677,29062,'{\"loading\":{\"1\":\"1\",\"2\":\"0\",\"3\":\"0\",\"4\":\"0\",\"5\":\"1\",\"6\":\"1\"}}',3),(10,'0',3677,29063,'{\"loading\":{\"1\":\"1\",\"2\":\"0\",\"3\":\"0\",\"4\":\"0\",\"5\":\"1\",\"6\":\"1\"}}',0),(10,'0',3677,29063,'{\"loading\":{\"1\":\"1\",\"2\":\"0\",\"3\":\"0\",\"4\":\"1\",\"5\":\"1\",\"6\":\"1\"}}',1),(10,'0',3677,29063,'{\"loading\":{\"1\":\"1\",\"2\":\"0\",\"3\":\"0\",\"4\":\"1\",\"5\":\"1\",\"6\":\"1\"}}',2),(10,'0',3677,29063,'{\"loading\":{\"1\":\"1\",\"2\":\"0\",\"3\":\"0\",\"4\":\"0\",\"5\":\"1\",\"6\":\"1\"}}',3),(10,'0',3678,29043,'{\"loading\":{\"1\":\"3\",\"2\":\"0\",\"3\":\"0\",\"4\":\"0\",\"5\":\"3\",\"6\":\"1\"}}',0),(10,'0',3678,29043,'{\"loading\":{\"1\":\"3\",\"2\":\"0\",\"3\":\"0\",\"4\":\"1\",\"5\":\"3\",\"6\":\"1\"}}',1),(10,'0',3678,29044,'{\"loading\":{\"1\":\"2\",\"2\":\"0\",\"3\":\"0\",\"4\":\"0\",\"5\":\"2\",\"6\":\"1\"}}',0),(10,'0',3678,29044,'{\"loading\":{\"1\":\"2\",\"2\":\"0\",\"3\":\"0\",\"4\":\"1\",\"5\":\"2\",\"6\":\"1\"}}',1),(10,'0',3678,29045,'{\"loading\":{\"1\":\"2\",\"2\":\"0\",\"3\":\"0\",\"4\":\"0\",\"5\":\"2\",\"6\":\"1\"}}',0),(10,'0',3678,29045,'{\"loading\":{\"1\":\"2\",\"2\":\"0\",\"3\":\"0\",\"4\":\"1\",\"5\":\"2\",\"6\":\"1\"}}',1),(10,'0',3678,29046,'{\"loading\":{\"1\":\"1\",\"2\":\"0\",\"3\":\"0\",\"4\":\"0\",\"5\":\"1\",\"6\":\"1\"}}',0),(10,'0',3678,29046,'{\"loading\":{\"1\":\"1\",\"2\":\"0\",\"3\":\"0\",\"4\":\"1\",\"5\":\"1\",\"6\":\"1\"}}',1),(10,'0',3678,29047,'{\"loading\":{\"1\":\"1\",\"2\":\"0\",\"3\":\"0\",\"4\":\"0\",\"5\":\"1\",\"6\":\"1\"}}',0),(10,'0',3678,29047,'{\"loading\":{\"1\":\"1\",\"2\":\"0\",\"3\":\"0\",\"4\":\"1\",\"5\":\"1\",\"6\":\"1\"}}',1),(10,'0',3678,29050,'{\"loading\":{\"1\":\"3\",\"2\":\"0\",\"3\":\"0\",\"4\":\"0\",\"5\":\"1\",\"6\":\"1\"}}',0),(10,'0',3678,29050,'{\"loading\":{\"1\":\"3\",\"2\":\"0\",\"3\":\"0\",\"4\":\"1\",\"5\":\"1\",\"6\":\"1\"}}',1),(10,'0',3678,29051,'{\"loading\":{\"1\":\"1\",\"2\":\"0\",\"3\":\"0\",\"4\":\"0\",\"5\":\"1\",\"6\":\"1\"}}',0),(10,'0',3678,29051,'{\"loading\":{\"1\":\"1\",\"2\":\"0\",\"3\":\"0\",\"4\":\"1\",\"5\":\"1\",\"6\":\"1\"}}',1),(10,'0',3678,29052,'{\"loading\":{\"1\":\"1\",\"2\":\"0\",\"3\":\"0\",\"4\":\"0\",\"5\":\"1\",\"6\":\"1\"}}',0),(10,'0',3678,29052,'{\"loading\":{\"1\":\"1\",\"2\":\"0\",\"3\":\"0\",\"4\":\"1\",\"5\":\"1\",\"6\":\"1\"}}',1),(10,'0',3678,29053,'{\"loading\":{\"1\":\"1\",\"2\":\"0\",\"3\":\"0\",\"4\":\"0\",\"5\":\"1\",\"6\":\"1\"}}',0),(10,'0',3678,29053,'{\"loading\":{\"1\":\"1\",\"2\":\"0\",\"3\":\"0\",\"4\":\"1\",\"5\":\"1\",\"6\":\"1\"}}',1),(10,'0',3678,29055,'{\"loading\":{\"1\":\"1\",\"2\":\"0\",\"3\":\"0\",\"4\":\"0\",\"5\":\"1\",\"6\":\"1\"}}',0),(10,'0',3678,29055,'{\"loading\":{\"1\":\"1\",\"2\":\"0\",\"3\":\"0\",\"4\":\"1\",\"5\":\"1\",\"6\":\"1\"}}',1),(10,'0',3679,29065,'{\"loading\":{\"1\":\"2\",\"2\":\"0\",\"3\":\"0\",\"4\":\"0\",\"5\":\"2\",\"6\":\"1\"}}',0),(10,'0',3679,29065,'{\"loading\":{\"1\":\"1\",\"2\":\"0\",\"3\":\"0\",\"4\":\"1\",\"5\":\"2\",\"6\":\"1\"}}',1),(10,'0',3679,29066,'{\"loading\":{\"1\":\"2\",\"2\":\"0\",\"3\":\"0\",\"4\":\"0\",\"5\":\"2\",\"6\":\"1\"}}',0),(10,'0',3679,29066,'{\"loading\":{\"1\":\"1\",\"2\":\"0\",\"3\":\"0\",\"4\":\"1\",\"5\":\"2\",\"6\":\"1\"}}',1),(10,'0',3679,29069,'{\"loading\":{\"1\":\"1\",\"2\":\"0\",\"3\":\"0\",\"4\":\"0\",\"5\":\"1\",\"6\":\"1\"}}',0),(10,'0',3679,29069,'{\"loading\":{\"1\":\"1\",\"2\":\"0\",\"3\":\"0\",\"4\":\"1\",\"5\":\"1\",\"6\":\"1\"}}',1),(10,'0',3679,29071,'{\"loading\":{\"1\":\"1\",\"2\":\"0\",\"3\":\"0\",\"4\":\"0\",\"5\":\"1\",\"6\":\"1\"}}',0),(10,'0',3679,29071,'{\"loading\":{\"1\":\"1\",\"2\":\"0\",\"3\":\"0\",\"4\":\"1\",\"5\":\"1\",\"6\":\"1\"}}',1),(10,'0',3679,29072,'{\"loading\":{\"1\":\"1\",\"2\":\"0\",\"3\":\"0\",\"4\":\"0\",\"5\":\"1\",\"6\":\"1\"}}',0),(10,'0',3679,29072,'{\"loading\":{\"1\":\"1\",\"2\":\"0\",\"3\":\"0\",\"4\":\"1\",\"5\":\"1\",\"6\":\"1\"}}',1),(10,'0',3679,29079,'{\"loading\":{\"1\":\"3\",\"2\":\"0\",\"3\":\"0\",\"4\":\"0\",\"5\":\"3\",\"6\":\"1\"}}',0),(10,'0',3679,29079,'{\"loading\":{\"1\":\"1\",\"2\":\"0\",\"3\":\"0\",\"4\":\"1\",\"5\":\"3\",\"6\":\"1\"}}',1),(10,'0',3679,29080,'{\"loading\":{\"1\":\"1\",\"2\":\"0\",\"3\":\"0\",\"4\":\"0\",\"5\":\"1\",\"6\":\"1\"}}',0),(10,'0',3679,29080,'{\"loading\":{\"1\":\"1\",\"2\":\"0\",\"3\":\"0\",\"4\":\"1\",\"5\":\"1\",\"6\":\"1\"}}',1),(10,'0',3679,29081,'{\"loading\":{\"1\":\"1\",\"2\":\"0\",\"3\":\"0\",\"4\":\"0\",\"5\":\"1\",\"6\":\"1\"}}',0),(10,'0',3679,29081,'{\"loading\":{\"1\":\"1\",\"2\":\"0\",\"3\":\"0\",\"4\":\"1\",\"5\":\"1\",\"6\":\"1\"}}',1),(10,'0',3679,29083,'{\"loading\":{\"1\":\"2\",\"2\":\"0\",\"3\":\"0\",\"4\":\"0\",\"5\":\"2\",\"6\":\"1\"}}',0),(10,'0',3679,29083,'{\"loading\":{\"1\":\"2\",\"2\":\"0\",\"3\":\"0\",\"4\":\"1\",\"5\":\"2\",\"6\":\"1\"}}',1),(10,'0',3680,29073,'{\"loading\":{\"1\":\"2\",\"2\":\"0\",\"3\":\"0\",\"4\":\"0\",\"5\":\"2\",\"6\":\"1\"}}',0),(10,'0',3680,29073,'{\"loading\":{\"1\":\"0\",\"2\":\"0\",\"3\":\"0\",\"4\":\"0\",\"5\":\"2\",\"6\":\"1\"}}',1),(10,'0',3680,29074,'{\"loading\":{\"1\":\"2\",\"2\":\"0\",\"3\":\"0\",\"4\":\"0\",\"5\":\"2\",\"6\":\"1\"}}',0),(10,'0',3680,29074,'{\"loading\":{\"1\":\"0\",\"2\":\"0\",\"3\":\"0\",\"4\":\"0\",\"5\":\"2\",\"6\":\"1\"}}',1),(10,'0',3680,29075,'{\"loading\":{\"1\":\"2\",\"2\":\"0\",\"3\":\"0\",\"4\":\"0\",\"5\":\"2\",\"6\":\"1\"}}',0),(10,'0',3680,29075,'{\"loading\":{\"1\":\"0\",\"2\":\"0\",\"3\":\"0\",\"4\":\"0\",\"5\":\"2\",\"6\":\"1\"}}',1),(10,'0',3680,29076,'{\"loading\":{\"1\":\"2\",\"2\":\"0\",\"3\":\"0\",\"4\":\"0\",\"5\":\"2\",\"6\":\"1\"}}',0),(10,'0',3680,29076,'{\"loading\":{\"1\":\"0\",\"2\":\"0\",\"3\":\"0\",\"4\":\"0\",\"5\":\"2\",\"6\":\"1\"}}',1),(10,'0',3680,29077,'{\"loading\":{\"1\":\"1\",\"2\":\"0\",\"3\":\"0\",\"4\":\"0\",\"5\":\"1\",\"6\":\"1\"}}',0),(10,'0',3680,29077,'{\"loading\":{\"1\":\"1\",\"2\":\"0\",\"3\":\"0\",\"4\":\"0\",\"5\":\"1\",\"6\":\"1\"}}',1),(10,'0',3680,29078,'{\"loading\":{\"1\":\"1\",\"2\":\"0\",\"3\":\"0\",\"4\":\"0\",\"5\":\"1\",\"6\":\"1\"}}',0),(10,'0',3680,29078,'{\"loading\":{\"1\":\"1\",\"2\":\"0\",\"3\":\"0\",\"4\":\"0\",\"5\":\"1\",\"6\":\"1\"}}',1),(10,'0',3680,29085,'{\"loading\":{\"1\":\"3\",\"2\":\"0\",\"3\":\"0\",\"4\":\"0\",\"5\":\"3\",\"6\":\"1\"}}',0),(10,'0',3680,29085,'{\"loading\":{\"1\":\"3\",\"2\":\"0\",\"3\":\"0\",\"4\":\"0\",\"5\":\"3\",\"6\":\"1\"}}',1),(10,'0',3680,29086,'{\"loading\":{\"1\":\"2\",\"2\":\"0\",\"3\":\"0\",\"4\":\"0\",\"5\":\"2\",\"6\":\"1\"}}',0),(10,'0',3680,29086,'{\"loading\":{\"1\":\"2\",\"2\":\"0\",\"3\":\"0\",\"4\":\"0\",\"5\":\"2\",\"6\":\"1\"}}',1),(10,'0',3680,29087,'{\"loading\":{\"1\":\"1\",\"2\":\"0\",\"3\":\"0\",\"4\":\"0\",\"5\":\"1\",\"6\":\"1\"}}',0),(10,'0',3680,29087,'{\"loading\":{\"1\":\"1\",\"2\":\"0\",\"3\":\"0\",\"4\":\"0\",\"5\":\"1\",\"6\":\"1\"}}',1),(10,'0',3680,29088,'{\"loading\":{\"1\":\"1\",\"2\":\"0\",\"3\":\"0\",\"4\":\"0\",\"5\":\"1\",\"6\":\"1\"}}',0),(10,'0',3680,29088,'{\"loading\":{\"1\":\"1\",\"2\":\"0\",\"3\":\"0\",\"4\":\"0\",\"5\":\"1\",\"6\":\"1\"}}',1),(10,'0',3680,29089,'{\"loading\":{\"1\":\"1\",\"2\":\"0\",\"3\":\"0\",\"4\":\"0\",\"5\":\"1\",\"6\":\"1\"}}',0),(10,'0',3680,29089,'{\"loading\":{\"1\":\"1\",\"2\":\"0\",\"3\":\"0\",\"4\":\"0\",\"5\":\"1\",\"6\":\"1\"}}',1),(10,'0',3680,29090,'{\"loading\":{\"1\":\"2\",\"2\":\"0\",\"3\":\"0\",\"4\":\"0\",\"5\":\"2\",\"6\":\"1\"}}',0),(10,'0',3680,29090,'{\"loading\":{\"1\":\"2\",\"2\":\"0\",\"3\":\"0\",\"4\":\"0\",\"5\":\"2\",\"6\":\"1\"}}',1),(10,'0',3680,29091,'{\"loading\":{\"1\":\"1\",\"2\":\"0\",\"3\":\"0\",\"4\":\"0\",\"5\":\"1\",\"6\":\"1\"}}',0),(10,'0',3680,29091,'{\"loading\":{\"1\":\"1\",\"2\":\"0\",\"3\":\"0\",\"4\":\"0\",\"5\":\"1\",\"6\":\"1\"}}',1),(11,'0',3676,29026,'{\"loading\":{\"1\":\"3\",\"2\":\"0\",\"3\":\"0\",\"4\":\"0\",\"5\":\"1\",\"6\":\"1\"}}',0),(11,'0',3676,29026,'{\"loading\":{\"1\":\"0\",\"2\":\"0\",\"3\":\"0\",\"4\":\"0\",\"5\":\"1\",\"6\":\"1\"}}',1),(11,'0',3676,29027,'{\"loading\":{\"1\":\"3\",\"2\":\"0\",\"3\":\"0\",\"4\":\"0\",\"5\":\"1\",\"6\":\"1\"}}',0),(11,'0',3676,29027,'{\"loading\":{\"1\":\"0\",\"2\":\"0\",\"3\":\"0\",\"4\":\"0\",\"5\":\"1\",\"6\":\"1\"}}',1),(11,'0',3676,29030,'{\"loading\":{\"1\":\"3\",\"2\":\"0\",\"3\":\"0\",\"4\":\"0\",\"5\":\"1\",\"6\":\"1\"}}',0),(11,'0',3676,29030,'{\"loading\":{\"1\":\"0\",\"2\":\"0\",\"3\":\"0\",\"4\":\"0\",\"5\":\"1\",\"6\":\"1\"}}',1),(11,'0',3676,29031,'{\"loading\":{\"1\":\"4\",\"2\":\"0\",\"3\":\"0\",\"4\":\"0\",\"5\":\"4\",\"6\":\"1\"}}',0),(11,'0',3676,29031,'{\"loading\":{\"1\":\"4\",\"2\":\"0\",\"3\":\"0\",\"4\":\"0\",\"5\":\"4\",\"6\":\"1\"}}',1),(11,'0',3676,29032,'{\"loading\":{\"1\":\"1\",\"2\":\"0\",\"3\":\"0\",\"4\":\"0\",\"5\":\"1\",\"6\":\"1\"}}',0),(11,'0',3676,29032,'{\"loading\":{\"1\":\"1\",\"2\":\"0\",\"3\":\"0\",\"4\":\"0\",\"5\":\"1\",\"6\":\"1\"}}',1),(11,'0',3676,29035,'{\"loading\":{\"1\":\"3\",\"2\":\"0\",\"3\":\"0\",\"4\":\"0\",\"5\":\"3\",\"6\":\"1\"}}',0),(11,'0',3676,29035,'{\"loading\":{\"1\":\"0\",\"2\":\"0\",\"3\":\"0\",\"4\":\"0\",\"5\":\"3\",\"6\":\"1\"}}',1),(11,'0',3677,29037,'{\"loading\":{\"1\":\"3\",\"2\":\"0\",\"3\":\"0\",\"4\":\"0\",\"5\":\"3\",\"6\":\"1\"}}',0),(11,'0',3677,29037,'{\"loading\":{\"1\":\"3\",\"2\":\"0\",\"3\":\"0\",\"4\":\"1\",\"5\":\"3\",\"6\":\"1\"}}',1),(11,'0',3677,29037,'{\"loading\":{\"1\":\"3\",\"2\":\"0\",\"3\":\"0\",\"4\":\"1\",\"5\":\"3\",\"6\":\"1\"}}',2),(11,'0',3677,29037,'{\"loading\":{\"1\":\"3\",\"2\":\"0\",\"3\":\"0\",\"4\":\"0\",\"5\":\"3\",\"6\":\"1\"}}',3),(11,'0',3677,29038,'{\"loading\":{\"1\":\"1\",\"2\":\"0\",\"3\":\"0\",\"4\":\"0\",\"5\":\"1\",\"6\":\"1\"}}',0),(11,'0',3677,29038,'{\"loading\":{\"1\":\"1\",\"2\":\"0\",\"3\":\"0\",\"4\":\"1\",\"5\":\"1\",\"6\":\"1\"}}',1),(11,'0',3677,29038,'{\"loading\":{\"1\":\"1\",\"2\":\"0\",\"3\":\"0\",\"4\":\"1\",\"5\":\"1\",\"6\":\"1\"}}',2),(11,'0',3677,29038,'{\"loading\":{\"1\":\"1\",\"2\":\"0\",\"3\":\"0\",\"4\":\"0\",\"5\":\"1\",\"6\":\"1\"}}',3),(11,'0',3677,29039,'{\"loading\":{\"1\":\"1\",\"2\":\"0\",\"3\":\"0\",\"4\":\"0\",\"5\":\"1\",\"6\":\"1\"}}',0),(11,'0',3677,29039,'{\"loading\":{\"1\":\"1\",\"2\":\"0\",\"3\":\"0\",\"4\":\"1\",\"5\":\"1\",\"6\":\"1\"}}',1),(11,'0',3677,29039,'{\"loading\":{\"1\":\"1\",\"2\":\"0\",\"3\":\"0\",\"4\":\"1\",\"5\":\"1\",\"6\":\"1\"}}',2),(11,'0',3677,29039,'{\"loading\":{\"1\":\"1\",\"2\":\"0\",\"3\":\"0\",\"4\":\"0\",\"5\":\"1\",\"6\":\"1\"}}',3),(11,'0',3677,29059,'{\"loading\":{\"1\":\"1\",\"2\":\"0\",\"3\":\"0\",\"4\":\"0\",\"5\":\"1\",\"6\":\"1\"}}',0),(11,'0',3677,29059,'{\"loading\":{\"1\":\"1\",\"2\":\"0\",\"3\":\"0\",\"4\":\"1\",\"5\":\"1\",\"6\":\"1\"}}',1),(11,'0',3677,29059,'{\"loading\":{\"1\":\"1\",\"2\":\"0\",\"3\":\"0\",\"4\":\"1\",\"5\":\"1\",\"6\":\"1\"}}',2),(11,'0',3677,29059,'{\"loading\":{\"1\":\"1\",\"2\":\"0\",\"3\":\"0\",\"4\":\"0\",\"5\":\"1\",\"6\":\"1\"}}',3),(11,'0',3677,29060,'{\"loading\":{\"1\":\"1\",\"2\":\"0\",\"3\":\"0\",\"4\":\"0\",\"5\":\"1\",\"6\":\"1\"}}',0),(11,'0',3677,29060,'{\"loading\":{\"1\":\"1\",\"2\":\"0\",\"3\":\"0\",\"4\":\"1\",\"5\":\"1\",\"6\":\"1\"}}',1),(11,'0',3677,29060,'{\"loading\":{\"1\":\"1\",\"2\":\"0\",\"3\":\"0\",\"4\":\"1\",\"5\":\"1\",\"6\":\"1\"}}',2),(11,'0',3677,29060,'{\"loading\":{\"1\":\"1\",\"2\":\"0\",\"3\":\"0\",\"4\":\"0\",\"5\":\"1\",\"6\":\"1\"}}',3),(11,'0',3677,29061,'{\"loading\":{\"1\":\"1\",\"2\":\"0\",\"3\":\"0\",\"4\":\"0\",\"5\":\"1\",\"6\":\"1\"}}',0),(11,'0',3677,29061,'{\"loading\":{\"1\":\"1\",\"2\":\"0\",\"3\":\"0\",\"4\":\"1\",\"5\":\"1\",\"6\":\"1\"}}',1),(11,'0',3677,29061,'{\"loading\":{\"1\":\"1\",\"2\":\"0\",\"3\":\"0\",\"4\":\"1\",\"5\":\"1\",\"6\":\"1\"}}',2),(11,'0',3677,29061,'{\"loading\":{\"1\":\"1\",\"2\":\"0\",\"3\":\"0\",\"4\":\"0\",\"5\":\"1\",\"6\":\"1\"}}',3),(11,'0',3677,29063,'{\"loading\":{\"1\":\"3\",\"2\":\"0\",\"3\":\"0\",\"4\":\"0\",\"5\":\"3\",\"6\":\"1\"}}',0),(11,'0',3677,29063,'{\"loading\":{\"1\":\"3\",\"2\":\"0\",\"3\":\"0\",\"4\":\"1\",\"5\":\"3\",\"6\":\"1\"}}',1),(11,'0',3677,29063,'{\"loading\":{\"1\":\"3\",\"2\":\"0\",\"3\":\"0\",\"4\":\"1\",\"5\":\"3\",\"6\":\"1\"}}',2),(11,'0',3677,29063,'{\"loading\":{\"1\":\"3\",\"2\":\"0\",\"3\":\"0\",\"4\":\"0\",\"5\":\"3\",\"6\":\"1\"}}',3),(11,'0',3678,29043,'{\"loading\":{\"1\":\"3\",\"2\":\"0\",\"3\":\"0\",\"4\":\"0\",\"5\":\"3\",\"6\":\"1\"}}',0),(11,'0',3678,29043,'{\"loading\":{\"1\":\"3\",\"2\":\"0\",\"3\":\"0\",\"4\":\"1\",\"5\":\"3\",\"6\":\"1\"}}',1),(11,'0',3678,29044,'{\"loading\":{\"1\":\"3\",\"2\":\"0\",\"3\":\"0\",\"4\":\"0\",\"5\":\"3\",\"6\":\"1\"}}',0),(11,'0',3678,29044,'{\"loading\":{\"1\":\"3\",\"2\":\"0\",\"3\":\"0\",\"4\":\"1\",\"5\":\"3\",\"6\":\"1\"}}',1),(11,'0',3678,29045,'{\"loading\":{\"1\":\"2\",\"2\":\"0\",\"3\":\"0\",\"4\":\"0\",\"5\":\"2\",\"6\":\"1\"}}',0),(11,'0',3678,29045,'{\"loading\":{\"1\":\"2\",\"2\":\"0\",\"3\":\"0\",\"4\":\"1\",\"5\":\"2\",\"6\":\"1\"}}',1),(11,'0',3678,29046,'{\"loading\":{\"1\":\"1\",\"2\":\"0\",\"3\":\"0\",\"4\":\"0\",\"5\":\"1\",\"6\":\"1\"}}',0),(11,'0',3678,29046,'{\"loading\":{\"1\":\"1\",\"2\":\"0\",\"3\":\"0\",\"4\":\"1\",\"5\":\"1\",\"6\":\"1\"}}',1),(11,'0',3678,29048,'{\"loading\":{\"1\":\"1\",\"2\":\"0\",\"3\":\"0\",\"4\":\"0\",\"5\":\"1\",\"6\":\"1\"}}',0),(11,'0',3678,29048,'{\"loading\":{\"1\":\"1\",\"2\":\"0\",\"3\":\"0\",\"4\":\"1\",\"5\":\"1\",\"6\":\"1\"}}',1),(11,'0',3678,29050,'{\"firstCriticalIgnored\":{\"1\":\"\"}}',1),(11,'0',3678,29051,'{\"firstCriticalIgnored\":{\"1\":\"\"}}',1),(11,'0',3678,29052,'{\"firstCriticalIgnored\":{\"1\":\"\"}}',1),(11,'0',3678,29053,'{\"loading\":{\"1\":\"4\",\"2\":\"0\",\"3\":\"0\",\"4\":\"0\",\"5\":\"4\",\"6\":\"1\"}}',0),(11,'0',3678,29053,'{\"loading\":{\"1\":\"4\",\"2\":\"0\",\"3\":\"0\",\"4\":\"1\",\"5\":\"4\",\"6\":\"1\"}}',1),(11,'0',3678,29054,'{\"loading\":{\"1\":\"1\",\"2\":\"0\",\"3\":\"0\",\"4\":\"0\",\"5\":\"1\",\"6\":\"1\"}}',0),(11,'0',3678,29054,'{\"loading\":{\"1\":\"1\",\"2\":\"0\",\"3\":\"0\",\"4\":\"1\",\"5\":\"1\",\"6\":\"1\"}}',1),(11,'0',3679,29064,'{\"loading\":{\"1\":\"3\",\"2\":\"0\",\"3\":\"0\",\"4\":\"0\",\"5\":\"3\",\"6\":\"1\"}}',0),(11,'0',3679,29064,'{\"loading\":{\"1\":\"1\",\"2\":\"0\",\"3\":\"0\",\"4\":\"1\",\"5\":\"3\",\"6\":\"1\"}}',1),(11,'0',3679,29065,'{\"loading\":{\"1\":\"1\",\"2\":\"0\",\"3\":\"0\",\"4\":\"0\",\"5\":\"1\",\"6\":\"1\"}}',0),(11,'0',3679,29065,'{\"loading\":{\"1\":\"1\",\"2\":\"0\",\"3\":\"0\",\"4\":\"1\",\"5\":\"1\",\"6\":\"1\"}}',1),(11,'0',3679,29066,'{\"loading\":{\"1\":\"1\",\"2\":\"0\",\"3\":\"0\",\"4\":\"0\",\"5\":\"1\",\"6\":\"1\"}}',0),(11,'0',3679,29066,'{\"loading\":{\"1\":\"1\",\"2\":\"0\",\"3\":\"0\",\"4\":\"1\",\"5\":\"1\",\"6\":\"1\"}}',1),(11,'0',3679,29067,'{\"loading\":{\"1\":\"2\",\"2\":\"0\",\"3\":\"0\",\"4\":\"0\",\"5\":\"2\",\"6\":\"1\"}}',0),(11,'0',3679,29067,'{\"loading\":{\"1\":\"2\",\"2\":\"0\",\"3\":\"0\",\"4\":\"1\",\"5\":\"2\",\"6\":\"1\"}}',1),(11,'0',3679,29068,'{\"loading\":{\"1\":\"2\",\"2\":\"0\",\"3\":\"0\",\"4\":\"0\",\"5\":\"2\",\"6\":\"1\"}}',0),(11,'0',3679,29068,'{\"loading\":{\"1\":\"2\",\"2\":\"0\",\"3\":\"0\",\"4\":\"1\",\"5\":\"2\",\"6\":\"1\"}}',1),(11,'0',3679,29069,'{\"loading\":{\"1\":\"1\",\"2\":\"0\",\"3\":\"0\",\"4\":\"0\",\"5\":\"1\",\"6\":\"1\"}}',0),(11,'0',3679,29069,'{\"loading\":{\"1\":\"1\",\"2\":\"0\",\"3\":\"0\",\"4\":\"1\",\"5\":\"1\",\"6\":\"1\"}}',1),(11,'0',3679,29070,'{\"loading\":{\"1\":\"1\",\"2\":\"0\",\"3\":\"0\",\"4\":\"0\",\"5\":\"1\",\"6\":\"1\"}}',0),(11,'0',3679,29070,'{\"loading\":{\"1\":\"1\",\"2\":\"0\",\"3\":\"0\",\"4\":\"1\",\"5\":\"1\",\"6\":\"1\"}}',1),(11,'0',3679,29079,'{\"loading\":{\"1\":\"3\",\"2\":\"0\",\"3\":\"0\",\"4\":\"0\",\"5\":\"3\",\"6\":\"1\"}}',0),(11,'0',3679,29079,'{\"loading\":{\"1\":\"1\",\"2\":\"0\",\"3\":\"0\",\"4\":\"1\",\"5\":\"3\",\"6\":\"1\"}}',1),(11,'0',3679,29082,'{\"loading\":{\"1\":\"3\",\"2\":\"0\",\"3\":\"0\",\"4\":\"0\",\"5\":\"3\",\"6\":\"1\"}}',0),(11,'0',3679,29082,'{\"loading\":{\"1\":\"3\",\"2\":\"0\",\"3\":\"0\",\"4\":\"1\",\"5\":\"3\",\"6\":\"1\"}}',1),(11,'0',3679,29083,'{\"loading\":{\"1\":\"2\",\"2\":\"0\",\"3\":\"0\",\"4\":\"0\",\"5\":\"2\",\"6\":\"1\"}}',0),(11,'0',3679,29083,'{\"loading\":{\"1\":\"2\",\"2\":\"0\",\"3\":\"0\",\"4\":\"1\",\"5\":\"2\",\"6\":\"1\"}}',1),(11,'0',3679,29084,'{\"loading\":{\"1\":\"3\",\"2\":\"0\",\"3\":\"0\",\"4\":\"0\",\"5\":\"3\",\"6\":\"1\"}}',0),(11,'0',3679,29084,'{\"loading\":{\"1\":\"3\",\"2\":\"0\",\"3\":\"0\",\"4\":\"1\",\"5\":\"3\",\"6\":\"1\"}}',1),(11,'0',3680,29073,'{\"loading\":{\"1\":\"2\",\"2\":\"0\",\"3\":\"0\",\"4\":\"0\",\"5\":\"2\",\"6\":\"1\"}}',0),(11,'0',3680,29073,'{\"loading\":{\"1\":\"0\",\"2\":\"0\",\"3\":\"0\",\"4\":\"0\",\"5\":\"2\",\"6\":\"1\"}}',1),(11,'0',3680,29074,'{\"loading\":{\"1\":\"2\",\"2\":\"0\",\"3\":\"0\",\"4\":\"0\",\"5\":\"2\",\"6\":\"1\"}}',0),(11,'0',3680,29074,'{\"loading\":{\"1\":\"0\",\"2\":\"0\",\"3\":\"0\",\"4\":\"0\",\"5\":\"2\",\"6\":\"1\"}}',1),(11,'0',3680,29075,'{\"loading\":{\"1\":\"2\",\"2\":\"0\",\"3\":\"0\",\"4\":\"0\",\"5\":\"2\",\"6\":\"1\"}}',0),(11,'0',3680,29075,'{\"loading\":{\"1\":\"0\",\"2\":\"0\",\"3\":\"0\",\"4\":\"0\",\"5\":\"2\",\"6\":\"1\"}}',1),(11,'0',3680,29076,'{\"loading\":{\"1\":\"2\",\"2\":\"0\",\"3\":\"0\",\"4\":\"0\",\"5\":\"2\",\"6\":\"1\"}}',0),(11,'0',3680,29076,'{\"loading\":{\"1\":\"0\",\"2\":\"0\",\"3\":\"0\",\"4\":\"0\",\"5\":\"2\",\"6\":\"1\"}}',1),(11,'0',3680,29085,'{\"loading\":{\"1\":\"1\",\"2\":\"0\",\"3\":\"0\",\"4\":\"0\",\"5\":\"1\",\"6\":\"1\"}}',0),(11,'0',3680,29085,'{\"loading\":{\"1\":\"1\",\"2\":\"0\",\"3\":\"0\",\"4\":\"0\",\"5\":\"1\",\"6\":\"1\"}}',1),(11,'0',3680,29086,'{\"loading\":{\"1\":\"1\",\"2\":\"0\",\"3\":\"0\",\"4\":\"0\",\"5\":\"1\",\"6\":\"1\"}}',0),(11,'0',3680,29086,'{\"loading\":{\"1\":\"1\",\"2\":\"0\",\"3\":\"0\",\"4\":\"0\",\"5\":\"1\",\"6\":\"1\"}}',1),(11,'0',3680,29087,'{\"loading\":{\"1\":\"1\",\"2\":\"0\",\"3\":\"0\",\"4\":\"0\",\"5\":\"1\",\"6\":\"1\"}}',0),(11,'0',3680,29087,'{\"loading\":{\"1\":\"1\",\"2\":\"0\",\"3\":\"0\",\"4\":\"0\",\"5\":\"1\",\"6\":\"1\"}}',1),(11,'0',3680,29088,'{\"loading\":{\"1\":\"1\",\"2\":\"0\",\"3\":\"0\",\"4\":\"0\",\"5\":\"1\",\"6\":\"1\"}}',0),(11,'0',3680,29088,'{\"loading\":{\"1\":\"1\",\"2\":\"0\",\"3\":\"0\",\"4\":\"0\",\"5\":\"1\",\"6\":\"1\"}}',1),(11,'0',3680,29090,'{\"loading\":{\"1\":\"1\",\"2\":\"0\",\"3\":\"0\",\"4\":\"0\",\"5\":\"1\",\"6\":\"1\"}}',0),(11,'0',3680,29090,'{\"loading\":{\"1\":\"1\",\"2\":\"0\",\"3\":\"0\",\"4\":\"0\",\"5\":\"1\",\"6\":\"1\"}}',1),(12,'0',3676,29024,'{\"loading\":{\"1\":\"1\",\"2\":\"0\",\"3\":\"0\",\"4\":\"0\",\"5\":\"1\",\"6\":\"1\"}}',0),(12,'0',3676,29024,'{\"loading\":{\"1\":\"1\",\"2\":\"0\",\"3\":\"0\",\"4\":\"0\",\"5\":\"1\",\"6\":\"1\"}}',1),(12,'0',3676,29028,'{\"loading\":{\"1\":\"1\",\"2\":\"0\",\"3\":\"0\",\"4\":\"0\",\"5\":\"1\",\"6\":\"1\"}}',0),(12,'0',3676,29028,'{\"loading\":{\"1\":\"1\",\"2\":\"0\",\"3\":\"0\",\"4\":\"0\",\"5\":\"1\",\"6\":\"1\"}}',1),(12,'0',3676,29031,'{\"loading\":{\"1\":\"2\",\"2\":\"0\",\"3\":\"0\",\"4\":\"0\",\"5\":\"2\",\"6\":\"1\"}}',0),(12,'0',3676,29031,'{\"loading\":{\"1\":\"0\",\"2\":\"0\",\"3\":\"0\",\"4\":\"0\",\"5\":\"2\",\"6\":\"1\"}}',1),(12,'0',3676,29032,'{\"loading\":{\"1\":\"3\",\"2\":\"0\",\"3\":\"0\",\"4\":\"0\",\"5\":\"3\",\"6\":\"1\"}}',0),(12,'0',3676,29032,'{\"loading\":{\"1\":\"3\",\"2\":\"0\",\"3\":\"0\",\"4\":\"0\",\"5\":\"3\",\"6\":\"1\"}}',1),(12,'0',3676,29033,'{\"loading\":{\"1\":\"1\",\"2\":\"0\",\"3\":\"0\",\"4\":\"0\",\"5\":\"1\",\"6\":\"1\"}}',0),(12,'0',3676,29033,'{\"loading\":{\"1\":\"1\",\"2\":\"0\",\"3\":\"0\",\"4\":\"0\",\"5\":\"1\",\"6\":\"1\"}}',1),(12,'0',3676,29034,'{\"loading\":{\"1\":\"1\",\"2\":\"0\",\"3\":\"0\",\"4\":\"0\",\"5\":\"1\",\"6\":\"1\"}}',0),(12,'0',3676,29034,'{\"loading\":{\"1\":\"1\",\"2\":\"0\",\"3\":\"0\",\"4\":\"0\",\"5\":\"1\",\"6\":\"1\"}}',1),(12,'0',3676,29035,'{\"loading\":{\"1\":\"1\",\"2\":\"0\",\"3\":\"0\",\"4\":\"0\",\"5\":\"1\",\"6\":\"1\"}}',0),(12,'0',3676,29035,'{\"loading\":{\"1\":\"0\",\"2\":\"0\",\"3\":\"0\",\"4\":\"0\",\"5\":\"1\",\"6\":\"1\"}}',1),(12,'0',3676,29036,'{\"loading\":{\"1\":\"1\",\"2\":\"0\",\"3\":\"0\",\"4\":\"0\",\"5\":\"1\",\"6\":\"1\"}}',0),(12,'0',3676,29036,'{\"loading\":{\"1\":\"1\",\"2\":\"0\",\"3\":\"0\",\"4\":\"0\",\"5\":\"1\",\"6\":\"1\"}}',1),(12,'0',3677,29037,'{\"loading\":{\"1\":\"1\",\"2\":\"0\",\"3\":\"0\",\"4\":\"0\",\"5\":\"1\",\"6\":\"1\"}}',0),(12,'0',3677,29037,'{\"loading\":{\"1\":\"1\",\"2\":\"0\",\"3\":\"0\",\"4\":\"1\",\"5\":\"1\",\"6\":\"1\"}}',1),(12,'0',3677,29037,'{\"loading\":{\"1\":\"1\",\"2\":\"0\",\"3\":\"0\",\"4\":\"1\",\"5\":\"1\",\"6\":\"1\"}}',2),(12,'0',3677,29037,'{\"loading\":{\"1\":\"1\",\"2\":\"0\",\"3\":\"0\",\"4\":\"0\",\"5\":\"1\",\"6\":\"1\"}}',3),(12,'0',3677,29038,'{\"loading\":{\"1\":\"1\",\"2\":\"0\",\"3\":\"0\",\"4\":\"0\",\"5\":\"1\",\"6\":\"1\"}}',0),(12,'0',3677,29038,'{\"loading\":{\"1\":\"1\",\"2\":\"0\",\"3\":\"0\",\"4\":\"1\",\"5\":\"1\",\"6\":\"1\"}}',1),(12,'0',3677,29038,'{\"loading\":{\"1\":\"1\",\"2\":\"0\",\"3\":\"0\",\"4\":\"1\",\"5\":\"1\",\"6\":\"1\"}}',2),(12,'0',3677,29038,'{\"loading\":{\"1\":\"1\",\"2\":\"0\",\"3\":\"0\",\"4\":\"0\",\"5\":\"1\",\"6\":\"1\"}}',3),(12,'0',3677,29039,'{\"loading\":{\"1\":\"2\",\"2\":\"0\",\"3\":\"0\",\"4\":\"0\",\"5\":\"2\",\"6\":\"1\"}}',0),(12,'0',3677,29039,'{\"loading\":{\"1\":\"2\",\"2\":\"0\",\"3\":\"0\",\"4\":\"1\",\"5\":\"2\",\"6\":\"1\"}}',1),(12,'0',3677,29039,'{\"loading\":{\"1\":\"2\",\"2\":\"0\",\"3\":\"0\",\"4\":\"1\",\"5\":\"2\",\"6\":\"1\"}}',2),(12,'0',3677,29039,'{\"loading\":{\"1\":\"0\",\"2\":\"0\",\"3\":\"0\",\"4\":\"0\",\"5\":\"2\",\"6\":\"1\"}}',3),(12,'0',3677,29041,'{\"loading\":{\"1\":\"1\",\"2\":\"0\",\"3\":\"0\",\"4\":\"0\",\"5\":\"1\",\"6\":\"1\"}}',0),(12,'0',3677,29041,'{\"loading\":{\"1\":\"1\",\"2\":\"0\",\"3\":\"0\",\"4\":\"1\",\"5\":\"1\",\"6\":\"1\"}}',1),(12,'0',3677,29041,'{\"loading\":{\"1\":\"1\",\"2\":\"0\",\"3\":\"0\",\"4\":\"1\",\"5\":\"1\",\"6\":\"1\"}}',2),(12,'0',3677,29041,'{\"loading\":{\"1\":\"1\",\"2\":\"0\",\"3\":\"0\",\"4\":\"0\",\"5\":\"1\",\"6\":\"1\"}}',3),(12,'0',3677,29042,'{\"loading\":{\"1\":\"1\",\"2\":\"0\",\"3\":\"0\",\"4\":\"0\",\"5\":\"1\",\"6\":\"1\"}}',0),(12,'0',3677,29042,'{\"loading\":{\"1\":\"1\",\"2\":\"0\",\"3\":\"0\",\"4\":\"1\",\"5\":\"1\",\"6\":\"1\"}}',1),(12,'0',3677,29042,'{\"loading\":{\"1\":\"1\",\"2\":\"0\",\"3\":\"0\",\"4\":\"1\",\"5\":\"1\",\"6\":\"1\"}}',2),(12,'0',3677,29042,'{\"loading\":{\"1\":\"1\",\"2\":\"0\",\"3\":\"0\",\"4\":\"0\",\"5\":\"1\",\"6\":\"1\"}}',3),(12,'0',3677,29058,'{\"loading\":{\"1\":\"1\",\"2\":\"0\",\"3\":\"0\",\"4\":\"0\",\"5\":\"1\",\"6\":\"1\"}}',0),(12,'0',3677,29058,'{\"loading\":{\"1\":\"1\",\"2\":\"0\",\"3\":\"0\",\"4\":\"1\",\"5\":\"1\",\"6\":\"1\"}}',1),(12,'0',3677,29058,'{\"loading\":{\"1\":\"1\",\"2\":\"0\",\"3\":\"0\",\"4\":\"1\",\"5\":\"1\",\"6\":\"1\"}}',2),(12,'0',3677,29058,'{\"loading\":{\"1\":\"1\",\"2\":\"0\",\"3\":\"0\",\"4\":\"0\",\"5\":\"1\",\"6\":\"1\"}}',3),(12,'0',3677,29059,'{\"loading\":{\"1\":\"2\",\"2\":\"0\",\"3\":\"0\",\"4\":\"0\",\"5\":\"2\",\"6\":\"1\"}}',0),(12,'0',3677,29059,'{\"loading\":{\"1\":\"2\",\"2\":\"0\",\"3\":\"0\",\"4\":\"1\",\"5\":\"2\",\"6\":\"1\"}}',1),(12,'0',3677,29059,'{\"loading\":{\"1\":\"2\",\"2\":\"0\",\"3\":\"0\",\"4\":\"1\",\"5\":\"2\",\"6\":\"1\"}}',2),(12,'0',3677,29059,'{\"loading\":{\"1\":\"2\",\"2\":\"0\",\"3\":\"0\",\"4\":\"0\",\"5\":\"2\",\"6\":\"1\"}}',3),(12,'0',3677,29060,'{\"loading\":{\"1\":\"2\",\"2\":\"0\",\"3\":\"0\",\"4\":\"0\",\"5\":\"2\",\"6\":\"1\"}}',0),(12,'0',3677,29060,'{\"loading\":{\"1\":\"2\",\"2\":\"0\",\"3\":\"0\",\"4\":\"1\",\"5\":\"2\",\"6\":\"1\"}}',1),(12,'0',3677,29060,'{\"loading\":{\"1\":\"2\",\"2\":\"0\",\"3\":\"0\",\"4\":\"1\",\"5\":\"2\",\"6\":\"1\"}}',2),(12,'0',3677,29060,'{\"loading\":{\"1\":\"2\",\"2\":\"0\",\"3\":\"0\",\"4\":\"0\",\"5\":\"2\",\"6\":\"1\"}}',3),(12,'0',3677,29061,'{\"loading\":{\"1\":\"1\",\"2\":\"0\",\"3\":\"0\",\"4\":\"0\",\"5\":\"1\",\"6\":\"1\"}}',0),(12,'0',3677,29061,'{\"loading\":{\"1\":\"1\",\"2\":\"0\",\"3\":\"0\",\"4\":\"1\",\"5\":\"1\",\"6\":\"1\"}}',1),(12,'0',3677,29061,'{\"loading\":{\"1\":\"1\",\"2\":\"0\",\"3\":\"0\",\"4\":\"1\",\"5\":\"1\",\"6\":\"1\"}}',2),(12,'0',3677,29061,'{\"loading\":{\"1\":\"1\",\"2\":\"0\",\"3\":\"0\",\"4\":\"0\",\"5\":\"1\",\"6\":\"1\"}}',3),(12,'0',3677,29062,'{\"loading\":{\"1\":\"1\",\"2\":\"0\",\"3\":\"0\",\"4\":\"0\",\"5\":\"1\",\"6\":\"1\"}}',0),(12,'0',3677,29062,'{\"loading\":{\"1\":\"1\",\"2\":\"0\",\"3\":\"0\",\"4\":\"1\",\"5\":\"1\",\"6\":\"1\"}}',1),(12,'0',3677,29062,'{\"loading\":{\"1\":\"1\",\"2\":\"0\",\"3\":\"0\",\"4\":\"1\",\"5\":\"1\",\"6\":\"1\"}}',2),(12,'0',3677,29062,'{\"loading\":{\"1\":\"1\",\"2\":\"0\",\"3\":\"0\",\"4\":\"0\",\"5\":\"1\",\"6\":\"1\"}}',3),(12,'0',3677,29063,'{\"loading\":{\"1\":\"1\",\"2\":\"0\",\"3\":\"0\",\"4\":\"0\",\"5\":\"1\",\"6\":\"1\"}}',0),(12,'0',3677,29063,'{\"loading\":{\"1\":\"1\",\"2\":\"0\",\"3\":\"0\",\"4\":\"1\",\"5\":\"1\",\"6\":\"1\"}}',1),(12,'0',3677,29063,'{\"loading\":{\"1\":\"1\",\"2\":\"0\",\"3\":\"0\",\"4\":\"1\",\"5\":\"1\",\"6\":\"1\"}}',2),(12,'0',3677,29063,'{\"loading\":{\"1\":\"1\",\"2\":\"0\",\"3\":\"0\",\"4\":\"0\",\"5\":\"1\",\"6\":\"1\"}}',3),(12,'0',3678,29043,'{\"loading\":{\"1\":\"2\",\"2\":\"0\",\"3\":\"0\",\"4\":\"0\",\"5\":\"2\",\"6\":\"1\"}}',0),(12,'0',3678,29043,'{\"loading\":{\"1\":\"2\",\"2\":\"0\",\"3\":\"0\",\"4\":\"1\",\"5\":\"2\",\"6\":\"1\"}}',1),(12,'0',3678,29044,'{\"loading\":{\"1\":\"2\",\"2\":\"0\",\"3\":\"0\",\"4\":\"0\",\"5\":\"2\",\"6\":\"1\"}}',0),(12,'0',3678,29044,'{\"loading\":{\"1\":\"2\",\"2\":\"0\",\"3\":\"0\",\"4\":\"1\",\"5\":\"2\",\"6\":\"1\"}}',1),(12,'0',3678,29045,'{\"loading\":{\"1\":\"1\",\"2\":\"0\",\"3\":\"0\",\"4\":\"0\",\"5\":\"1\",\"6\":\"1\"}}',0),(12,'0',3678,29045,'{\"loading\":{\"1\":\"1\",\"2\":\"0\",\"3\":\"0\",\"4\":\"1\",\"5\":\"1\",\"6\":\"1\"}}',1),(12,'0',3678,29046,'{\"loading\":{\"1\":\"3\",\"2\":\"0\",\"3\":\"0\",\"4\":\"0\",\"5\":\"3\",\"6\":\"1\"}}',0),(12,'0',3678,29046,'{\"loading\":{\"1\":\"3\",\"2\":\"0\",\"3\":\"0\",\"4\":\"1\",\"5\":\"3\",\"6\":\"1\"}}',1),(12,'0',3678,29047,'{\"loading\":{\"1\":\"1\",\"2\":\"0\",\"3\":\"0\",\"4\":\"0\",\"5\":\"1\",\"6\":\"1\"}}',0),(12,'0',3678,29047,'{\"loading\":{\"1\":\"1\",\"2\":\"0\",\"3\":\"0\",\"4\":\"1\",\"5\":\"1\",\"6\":\"1\"}}',1),(12,'0',3678,29050,'{\"firstCriticalIgnored\":{\"1\":\"\"}}',1),(12,'0',3678,29053,'{\"loading\":{\"1\":\"3\",\"2\":\"0\",\"3\":\"0\",\"4\":\"0\",\"5\":\"1\",\"6\":\"1\"}}',0),(12,'0',3678,29053,'{\"loading\":{\"1\":\"3\",\"2\":\"0\",\"3\":\"0\",\"4\":\"1\",\"5\":\"1\",\"6\":\"1\"}}',1),(12,'0',3678,29054,'{\"loading\":{\"1\":\"3\",\"2\":\"0\",\"3\":\"0\",\"4\":\"0\",\"5\":\"3\",\"6\":\"1\"}}',0),(12,'0',3678,29054,'{\"loading\":{\"1\":\"3\",\"2\":\"0\",\"3\":\"0\",\"4\":\"1\",\"5\":\"3\",\"6\":\"1\"}}',1),(12,'0',3678,29055,'{\"loading\":{\"1\":\"1\",\"2\":\"0\",\"3\":\"0\",\"4\":\"0\",\"5\":\"1\",\"6\":\"1\"}}',0),(12,'0',3678,29055,'{\"loading\":{\"1\":\"1\",\"2\":\"0\",\"3\":\"0\",\"4\":\"1\",\"5\":\"1\",\"6\":\"1\"}}',1),(12,'0',3679,29064,'{\"loading\":{\"1\":\"1\",\"2\":\"0\",\"3\":\"0\",\"4\":\"0\",\"5\":\"1\",\"6\":\"1\"}}',0),(12,'0',3679,29064,'{\"loading\":{\"1\":\"1\",\"2\":\"0\",\"3\":\"0\",\"4\":\"1\",\"5\":\"1\",\"6\":\"1\"}}',1),(12,'0',3679,29065,'{\"loading\":{\"1\":\"1\",\"2\":\"0\",\"3\":\"0\",\"4\":\"0\",\"5\":\"1\",\"6\":\"1\"}}',0),(12,'0',3679,29065,'{\"loading\":{\"1\":\"1\",\"2\":\"0\",\"3\":\"0\",\"4\":\"1\",\"5\":\"1\",\"6\":\"1\"}}',1),(12,'0',3679,29066,'{\"loading\":{\"1\":\"1\",\"2\":\"0\",\"3\":\"0\",\"4\":\"0\",\"5\":\"1\",\"6\":\"1\"}}',0),(12,'0',3679,29066,'{\"loading\":{\"1\":\"1\",\"2\":\"0\",\"3\":\"0\",\"4\":\"1\",\"5\":\"1\",\"6\":\"1\"}}',1),(12,'0',3679,29067,'{\"loading\":{\"1\":\"2\",\"2\":\"0\",\"3\":\"0\",\"4\":\"0\",\"5\":\"2\",\"6\":\"1\"}}',0),(12,'0',3679,29067,'{\"loading\":{\"1\":\"2\",\"2\":\"0\",\"3\":\"0\",\"4\":\"1\",\"5\":\"2\",\"6\":\"1\"}}',1),(12,'0',3679,29068,'{\"loading\":{\"1\":\"2\",\"2\":\"0\",\"3\":\"0\",\"4\":\"0\",\"5\":\"2\",\"6\":\"1\"}}',0),(12,'0',3679,29068,'{\"loading\":{\"1\":\"2\",\"2\":\"0\",\"3\":\"0\",\"4\":\"1\",\"5\":\"2\",\"6\":\"1\"}}',1),(12,'0',3679,29070,'{\"loading\":{\"1\":\"3\",\"2\":\"0\",\"3\":\"0\",\"4\":\"0\",\"5\":\"3\",\"6\":\"1\"}}',0),(12,'0',3679,29070,'{\"loading\":{\"1\":\"3\",\"2\":\"0\",\"3\":\"0\",\"4\":\"1\",\"5\":\"3\",\"6\":\"1\"}}',1),(12,'0',3679,29071,'{\"loading\":{\"1\":\"1\",\"2\":\"0\",\"3\":\"0\",\"4\":\"0\",\"5\":\"1\",\"6\":\"1\"}}',0),(12,'0',3679,29071,'{\"loading\":{\"1\":\"1\",\"2\":\"0\",\"3\":\"0\",\"4\":\"1\",\"5\":\"1\",\"6\":\"1\"}}',1),(12,'0',3679,29072,'{\"loading\":{\"1\":\"1\",\"2\":\"0\",\"3\":\"0\",\"4\":\"0\",\"5\":\"1\",\"6\":\"1\"}}',0),(12,'0',3679,29072,'{\"loading\":{\"1\":\"1\",\"2\":\"0\",\"3\":\"0\",\"4\":\"1\",\"5\":\"1\",\"6\":\"1\"}}',1),(12,'0',3679,29079,'{\"loading\":{\"1\":\"1\",\"2\":\"0\",\"3\":\"0\",\"4\":\"0\",\"5\":\"1\",\"6\":\"1\"}}',0),(12,'0',3679,29079,'{\"loading\":{\"1\":\"1\",\"2\":\"0\",\"3\":\"0\",\"4\":\"1\",\"5\":\"1\",\"6\":\"1\"}}',1),(12,'0',3679,29080,'{\"loading\":{\"1\":\"1\",\"2\":\"0\",\"3\":\"0\",\"4\":\"0\",\"5\":\"1\",\"6\":\"1\"}}',0),(12,'0',3679,29080,'{\"loading\":{\"1\":\"1\",\"2\":\"0\",\"3\":\"0\",\"4\":\"1\",\"5\":\"1\",\"6\":\"1\"}}',1),(12,'0',3679,29081,'{\"loading\":{\"1\":\"1\",\"2\":\"0\",\"3\":\"0\",\"4\":\"0\",\"5\":\"1\",\"6\":\"1\"}}',0),(12,'0',3679,29081,'{\"loading\":{\"1\":\"1\",\"2\":\"0\",\"3\":\"0\",\"4\":\"1\",\"5\":\"1\",\"6\":\"1\"}}',1),(12,'0',3679,29082,'{\"loading\":{\"1\":\"3\",\"2\":\"0\",\"3\":\"0\",\"4\":\"0\",\"5\":\"3\",\"6\":\"1\"}}',0),(12,'0',3679,29082,'{\"loading\":{\"1\":\"3\",\"2\":\"0\",\"3\":\"0\",\"4\":\"1\",\"5\":\"3\",\"6\":\"1\"}}',1),(12,'0',3679,29083,'{\"loading\":{\"1\":\"2\",\"2\":\"0\",\"3\":\"0\",\"4\":\"0\",\"5\":\"2\",\"6\":\"1\"}}',0),(12,'0',3679,29083,'{\"loading\":{\"1\":\"2\",\"2\":\"0\",\"3\":\"0\",\"4\":\"1\",\"5\":\"2\",\"6\":\"1\"}}',1),(12,'0',3679,29084,'{\"loading\":{\"1\":\"3\",\"2\":\"0\",\"3\":\"0\",\"4\":\"0\",\"5\":\"3\",\"6\":\"1\"}}',0),(12,'0',3679,29084,'{\"loading\":{\"1\":\"3\",\"2\":\"0\",\"3\":\"0\",\"4\":\"1\",\"5\":\"3\",\"6\":\"1\"}}',1),(12,'0',3680,29073,'{\"loading\":{\"1\":\"1\",\"2\":\"0\",\"3\":\"0\",\"4\":\"0\",\"5\":\"1\",\"6\":\"1\"}}',0),(12,'0',3680,29073,'{\"loading\":{\"1\":\"0\",\"2\":\"0\",\"3\":\"0\",\"4\":\"0\",\"5\":\"1\",\"6\":\"1\"}}',1),(12,'0',3680,29074,'{\"loading\":{\"1\":\"1\",\"2\":\"0\",\"3\":\"0\",\"4\":\"0\",\"5\":\"1\",\"6\":\"1\"}}',0),(12,'0',3680,29074,'{\"loading\":{\"1\":\"0\",\"2\":\"0\",\"3\":\"0\",\"4\":\"0\",\"5\":\"1\",\"6\":\"1\"}}',1),(12,'0',3680,29075,'{\"loading\":{\"1\":\"1\",\"2\":\"0\",\"3\":\"0\",\"4\":\"0\",\"5\":\"1\",\"6\":\"1\"}}',0),(12,'0',3680,29075,'{\"loading\":{\"1\":\"0\",\"2\":\"0\",\"3\":\"0\",\"4\":\"0\",\"5\":\"1\",\"6\":\"1\"}}',1),(12,'0',3680,29076,'{\"loading\":{\"1\":\"2\",\"2\":\"0\",\"3\":\"0\",\"4\":\"0\",\"5\":\"2\",\"6\":\"1\"}}',0),(12,'0',3680,29076,'{\"loading\":{\"1\":\"0\",\"2\":\"0\",\"3\":\"0\",\"4\":\"0\",\"5\":\"2\",\"6\":\"1\"}}',1),(12,'0',3680,29077,'{\"loading\":{\"1\":\"1\",\"2\":\"0\",\"3\":\"0\",\"4\":\"0\",\"5\":\"1\",\"6\":\"1\"}}',0),(12,'0',3680,29077,'{\"loading\":{\"1\":\"1\",\"2\":\"0\",\"3\":\"0\",\"4\":\"0\",\"5\":\"1\",\"6\":\"1\"}}',1),(12,'0',3680,29078,'{\"loading\":{\"1\":\"1\",\"2\":\"0\",\"3\":\"0\",\"4\":\"0\",\"5\":\"1\",\"6\":\"1\"}}',0),(12,'0',3680,29078,'{\"loading\":{\"1\":\"1\",\"2\":\"0\",\"3\":\"0\",\"4\":\"0\",\"5\":\"1\",\"6\":\"1\"}}',1),(12,'0',3680,29085,'{\"loading\":{\"1\":\"3\",\"2\":\"0\",\"3\":\"0\",\"4\":\"0\",\"5\":\"3\",\"6\":\"1\"}}',0),(12,'0',3680,29085,'{\"loading\":{\"1\":\"3\",\"2\":\"0\",\"3\":\"0\",\"4\":\"0\",\"5\":\"3\",\"6\":\"1\"}}',1),(12,'0',3680,29086,'{\"loading\":{\"1\":\"1\",\"2\":\"0\",\"3\":\"0\",\"4\":\"0\",\"5\":\"1\",\"6\":\"1\"}}',0),(12,'0',3680,29086,'{\"loading\":{\"1\":\"1\",\"2\":\"0\",\"3\":\"0\",\"4\":\"0\",\"5\":\"1\",\"6\":\"1\"}}',1),(12,'0',3680,29087,'{\"loading\":{\"1\":\"1\",\"2\":\"0\",\"3\":\"0\",\"4\":\"0\",\"5\":\"1\",\"6\":\"1\"}}',0),(12,'0',3680,29087,'{\"loading\":{\"1\":\"1\",\"2\":\"0\",\"3\":\"0\",\"4\":\"0\",\"5\":\"1\",\"6\":\"1\"}}',1),(12,'0',3680,29088,'{\"loading\":{\"1\":\"1\",\"2\":\"0\",\"3\":\"0\",\"4\":\"0\",\"5\":\"1\",\"6\":\"1\"}}',0),(12,'0',3680,29088,'{\"loading\":{\"1\":\"1\",\"2\":\"0\",\"3\":\"0\",\"4\":\"0\",\"5\":\"1\",\"6\":\"1\"}}',1),(12,'0',3680,29089,'{\"loading\":{\"1\":\"1\",\"2\":\"0\",\"3\":\"0\",\"4\":\"0\",\"5\":\"1\",\"6\":\"1\"}}',0),(12,'0',3680,29089,'{\"loading\":{\"1\":\"1\",\"2\":\"0\",\"3\":\"0\",\"4\":\"0\",\"5\":\"1\",\"6\":\"1\"}}',1),(12,'0',3680,29090,'{\"loading\":{\"1\":\"1\",\"2\":\"0\",\"3\":\"0\",\"4\":\"0\",\"5\":\"1\",\"6\":\"1\"}}',0),(12,'0',3680,29090,'{\"loading\":{\"1\":\"1\",\"2\":\"0\",\"3\":\"0\",\"4\":\"0\",\"5\":\"1\",\"6\":\"1\"}}',1),(12,'0',3680,29091,'{\"loading\":{\"1\":\"1\",\"2\":\"0\",\"3\":\"0\",\"4\":\"0\",\"5\":\"1\",\"6\":\"1\"}}',0),(12,'0',3680,29091,'{\"loading\":{\"1\":\"1\",\"2\":\"0\",\"3\":\"0\",\"4\":\"0\",\"5\":\"1\",\"6\":\"1\"}}',1),(13,'0',3676,29028,'{\"loading\":{\"1\":\"1\",\"2\":\"0\",\"3\":\"0\",\"4\":\"0\",\"5\":\"1\",\"6\":\"1\"}}',0),(13,'0',3676,29028,'{\"loading\":{\"1\":\"1\",\"2\":\"0\",\"3\":\"0\",\"4\":\"0\",\"5\":\"1\",\"6\":\"1\"}}',1),(13,'0',3676,29031,'{\"loading\":{\"1\":\"2\",\"2\":\"0\",\"3\":\"0\",\"4\":\"0\",\"5\":\"2\",\"6\":\"1\"}}',0),(13,'0',3676,29031,'{\"loading\":{\"1\":\"0\",\"2\":\"0\",\"3\":\"0\",\"4\":\"0\",\"5\":\"2\",\"6\":\"1\"}}',1),(13,'0',3676,29032,'{\"loading\":{\"1\":\"3\",\"2\":\"0\",\"3\":\"0\",\"4\":\"0\",\"5\":\"3\",\"6\":\"1\"}}',0),(13,'0',3676,29032,'{\"loading\":{\"1\":\"3\",\"2\":\"0\",\"3\":\"0\",\"4\":\"0\",\"5\":\"3\",\"6\":\"1\"}}',1),(13,'0',3676,29035,'{\"loading\":{\"1\":\"1\",\"2\":\"0\",\"3\":\"0\",\"4\":\"0\",\"5\":\"1\",\"6\":\"1\"}}',0),(13,'0',3676,29035,'{\"loading\":{\"1\":\"0\",\"2\":\"0\",\"3\":\"0\",\"4\":\"0\",\"5\":\"1\",\"6\":\"1\"}}',1),(13,'0',3677,29037,'{\"loading\":{\"1\":\"1\",\"2\":\"0\",\"3\":\"0\",\"4\":\"0\",\"5\":\"1\",\"6\":\"1\"}}',0),(13,'0',3677,29037,'{\"loading\":{\"1\":\"1\",\"2\":\"0\",\"3\":\"0\",\"4\":\"1\",\"5\":\"1\",\"6\":\"1\"}}',1),(13,'0',3677,29037,'{\"loading\":{\"1\":\"1\",\"2\":\"0\",\"3\":\"0\",\"4\":\"1\",\"5\":\"1\",\"6\":\"1\"}}',2),(13,'0',3677,29037,'{\"loading\":{\"1\":\"1\",\"2\":\"0\",\"3\":\"0\",\"4\":\"0\",\"5\":\"1\",\"6\":\"1\"}}',3),(13,'0',3677,29040,'{\"loading\":{\"1\":\"3\",\"2\":\"0\",\"3\":\"0\",\"4\":\"0\",\"5\":\"3\",\"6\":\"1\"}}',0),(13,'0',3677,29040,'{\"loading\":{\"1\":\"3\",\"2\":\"0\",\"3\":\"0\",\"4\":\"1\",\"5\":\"3\",\"6\":\"1\"}}',1),(13,'0',3677,29040,'{\"loading\":{\"1\":\"3\",\"2\":\"0\",\"3\":\"0\",\"4\":\"1\",\"5\":\"3\",\"6\":\"1\"}}',2),(13,'0',3677,29040,'{\"loading\":{\"1\":\"3\",\"2\":\"0\",\"3\":\"0\",\"4\":\"0\",\"5\":\"3\",\"6\":\"1\"}}',3),(13,'0',3677,29059,'{\"loading\":{\"1\":\"2\",\"2\":\"0\",\"3\":\"0\",\"4\":\"0\",\"5\":\"2\",\"6\":\"1\"}}',0),(13,'0',3677,29059,'{\"loading\":{\"1\":\"2\",\"2\":\"0\",\"3\":\"0\",\"4\":\"1\",\"5\":\"2\",\"6\":\"1\"}}',1),(13,'0',3677,29059,'{\"loading\":{\"1\":\"2\",\"2\":\"0\",\"3\":\"0\",\"4\":\"1\",\"5\":\"2\",\"6\":\"1\"}}',2),(13,'0',3677,29059,'{\"loading\":{\"1\":\"2\",\"2\":\"0\",\"3\":\"0\",\"4\":\"0\",\"5\":\"2\",\"6\":\"1\"}}',3),(13,'0',3677,29060,'{\"loading\":{\"1\":\"2\",\"2\":\"0\",\"3\":\"0\",\"4\":\"0\",\"5\":\"2\",\"6\":\"1\"}}',0),(13,'0',3677,29060,'{\"loading\":{\"1\":\"2\",\"2\":\"0\",\"3\":\"0\",\"4\":\"1\",\"5\":\"2\",\"6\":\"1\"}}',1),(13,'0',3677,29060,'{\"loading\":{\"1\":\"1\",\"2\":\"0\",\"3\":\"0\",\"4\":\"1\",\"5\":\"2\",\"6\":\"1\"}}',2),(13,'0',3677,29060,'{\"loading\":{\"1\":\"1\",\"2\":\"0\",\"3\":\"0\",\"4\":\"0\",\"5\":\"2\",\"6\":\"1\"}}',3),(13,'0',3677,29061,'{\"loading\":{\"1\":\"1\",\"2\":\"0\",\"3\":\"0\",\"4\":\"0\",\"5\":\"1\",\"6\":\"1\"}}',0),(13,'0',3677,29061,'{\"loading\":{\"1\":\"1\",\"2\":\"0\",\"3\":\"0\",\"4\":\"1\",\"5\":\"1\",\"6\":\"1\"}}',1),(13,'0',3677,29061,'{\"loading\":{\"1\":\"1\",\"2\":\"0\",\"3\":\"0\",\"4\":\"1\",\"5\":\"1\",\"6\":\"1\"}}',2),(13,'0',3677,29061,'{\"loading\":{\"1\":\"1\",\"2\":\"0\",\"3\":\"0\",\"4\":\"0\",\"5\":\"1\",\"6\":\"1\"}}',3),(13,'0',3677,29063,'{\"loading\":{\"1\":\"1\",\"2\":\"0\",\"3\":\"0\",\"4\":\"0\",\"5\":\"1\",\"6\":\"1\"}}',0),(13,'0',3677,29063,'{\"loading\":{\"1\":\"1\",\"2\":\"0\",\"3\":\"0\",\"4\":\"1\",\"5\":\"1\",\"6\":\"1\"}}',1),(13,'0',3677,29063,'{\"loading\":{\"1\":\"1\",\"2\":\"0\",\"3\":\"0\",\"4\":\"1\",\"5\":\"1\",\"6\":\"1\"}}',2),(13,'0',3677,29063,'{\"loading\":{\"1\":\"1\",\"2\":\"0\",\"3\":\"0\",\"4\":\"0\",\"5\":\"1\",\"6\":\"1\"}}',3),(13,'0',3678,29044,'{\"loading\":{\"1\":\"3\",\"2\":\"0\",\"3\":\"0\",\"4\":\"0\",\"5\":\"3\",\"6\":\"1\"}}',0),(13,'0',3678,29044,'{\"loading\":{\"1\":\"3\",\"2\":\"0\",\"3\":\"0\",\"4\":\"1\",\"5\":\"3\",\"6\":\"1\"}}',1),(13,'0',3678,29045,'{\"loading\":{\"1\":\"2\",\"2\":\"0\",\"3\":\"0\",\"4\":\"0\",\"5\":\"2\",\"6\":\"1\"}}',0),(13,'0',3678,29045,'{\"loading\":{\"1\":\"2\",\"2\":\"0\",\"3\":\"0\",\"4\":\"1\",\"5\":\"2\",\"6\":\"1\"}}',1),(13,'0',3678,29046,'{\"loading\":{\"1\":\"3\",\"2\":\"0\",\"3\":\"0\",\"4\":\"0\",\"5\":\"3\",\"6\":\"1\"}}',0),(13,'0',3678,29046,'{\"loading\":{\"1\":\"3\",\"2\":\"0\",\"3\":\"0\",\"4\":\"1\",\"5\":\"3\",\"6\":\"1\"}}',1),(13,'0',3678,29050,'{\"loading\":{\"1\":\"3\",\"2\":\"0\",\"3\":\"0\",\"4\":\"0\",\"5\":\"1\",\"6\":\"1\"}}',0),(13,'0',3678,29050,'{\"loading\":{\"1\":\"3\",\"2\":\"0\",\"3\":\"0\",\"4\":\"1\",\"5\":\"1\",\"6\":\"1\"}}',1),(13,'0',3678,29051,'{\"loading\":{\"1\":\"3\",\"2\":\"0\",\"3\":\"0\",\"4\":\"0\",\"5\":\"1\",\"6\":\"1\"}}',0),(13,'0',3678,29051,'{\"loading\":{\"1\":\"3\",\"2\":\"0\",\"3\":\"0\",\"4\":\"1\",\"5\":\"1\",\"6\":\"1\"}}',1),(13,'0',3678,29052,'{\"loading\":{\"1\":\"3\",\"2\":\"0\",\"3\":\"0\",\"4\":\"0\",\"5\":\"1\",\"6\":\"1\"}}',0),(13,'0',3678,29052,'{\"loading\":{\"1\":\"3\",\"2\":\"0\",\"3\":\"0\",\"4\":\"1\",\"5\":\"1\",\"6\":\"1\"}}',1),(13,'0',3679,29064,'{\"loading\":{\"1\":\"1\",\"2\":\"0\",\"3\":\"0\",\"4\":\"0\",\"5\":\"1\",\"6\":\"1\"}}',0),(13,'0',3679,29064,'{\"loading\":{\"1\":\"1\",\"2\":\"0\",\"3\":\"0\",\"4\":\"1\",\"5\":\"1\",\"6\":\"1\"}}',1),(13,'0',3679,29079,'{\"loading\":{\"1\":\"1\",\"2\":\"0\",\"3\":\"0\",\"4\":\"0\",\"5\":\"1\",\"6\":\"1\"}}',0),(13,'0',3679,29079,'{\"loading\":{\"1\":\"1\",\"2\":\"0\",\"3\":\"0\",\"4\":\"1\",\"5\":\"1\",\"6\":\"1\"}}',1),(13,'0',3679,29082,'{\"loading\":{\"1\":\"1\",\"2\":\"0\",\"3\":\"0\",\"4\":\"0\",\"5\":\"1\",\"6\":\"1\"}}',0),(13,'0',3679,29082,'{\"loading\":{\"1\":\"1\",\"2\":\"0\",\"3\":\"0\",\"4\":\"1\",\"5\":\"1\",\"6\":\"1\"}}',1),(13,'0',3679,29083,'{\"loading\":{\"1\":\"1\",\"2\":\"0\",\"3\":\"0\",\"4\":\"0\",\"5\":\"1\",\"6\":\"1\"}}',0),(13,'0',3679,29083,'{\"loading\":{\"1\":\"1\",\"2\":\"0\",\"3\":\"0\",\"4\":\"1\",\"5\":\"1\",\"6\":\"1\"}}',1),(13,'0',3679,29084,'{\"loading\":{\"1\":\"1\",\"2\":\"0\",\"3\":\"0\",\"4\":\"0\",\"5\":\"1\",\"6\":\"1\"}}',0),(13,'0',3679,29084,'{\"loading\":{\"1\":\"1\",\"2\":\"0\",\"3\":\"0\",\"4\":\"1\",\"5\":\"1\",\"6\":\"1\"}}',1),(13,'0',3680,29073,'{\"loading\":{\"1\":\"1\",\"2\":\"0\",\"3\":\"0\",\"4\":\"0\",\"5\":\"1\",\"6\":\"1\"}}',0),(13,'0',3680,29073,'{\"loading\":{\"1\":\"0\",\"2\":\"0\",\"3\":\"0\",\"4\":\"0\",\"5\":\"1\",\"6\":\"1\"}}',1),(13,'0',3680,29074,'{\"loading\":{\"1\":\"1\",\"2\":\"0\",\"3\":\"0\",\"4\":\"0\",\"5\":\"1\",\"6\":\"1\"}}',0),(13,'0',3680,29074,'{\"loading\":{\"1\":\"0\",\"2\":\"0\",\"3\":\"0\",\"4\":\"0\",\"5\":\"1\",\"6\":\"1\"}}',1),(13,'0',3680,29075,'{\"loading\":{\"1\":\"1\",\"2\":\"0\",\"3\":\"0\",\"4\":\"0\",\"5\":\"1\",\"6\":\"1\"}}',0),(13,'0',3680,29075,'{\"loading\":{\"1\":\"0\",\"2\":\"0\",\"3\":\"0\",\"4\":\"0\",\"5\":\"1\",\"6\":\"1\"}}',1),(13,'0',3680,29076,'{\"loading\":{\"1\":\"2\",\"2\":\"0\",\"3\":\"0\",\"4\":\"0\",\"5\":\"2\",\"6\":\"1\"}}',0),(13,'0',3680,29076,'{\"loading\":{\"1\":\"0\",\"2\":\"0\",\"3\":\"0\",\"4\":\"0\",\"5\":\"2\",\"6\":\"1\"}}',1),(13,'0',3680,29085,'{\"loading\":{\"1\":\"1\",\"2\":\"0\",\"3\":\"0\",\"4\":\"0\",\"5\":\"1\",\"6\":\"1\"}}',0),(13,'0',3680,29085,'{\"loading\":{\"1\":\"1\",\"2\":\"0\",\"3\":\"0\",\"4\":\"0\",\"5\":\"1\",\"6\":\"1\"}}',1),(13,'0',3680,29086,'{\"loading\":{\"1\":\"2\",\"2\":\"0\",\"3\":\"0\",\"4\":\"0\",\"5\":\"2\",\"6\":\"1\"}}',0),(13,'0',3680,29086,'{\"loading\":{\"1\":\"2\",\"2\":\"0\",\"3\":\"0\",\"4\":\"0\",\"5\":\"2\",\"6\":\"1\"}}',1),(13,'0',3680,29090,'{\"loading\":{\"1\":\"2\",\"2\":\"0\",\"3\":\"0\",\"4\":\"0\",\"5\":\"2\",\"6\":\"1\"}}',0),(13,'0',3680,29090,'{\"loading\":{\"1\":\"2\",\"2\":\"0\",\"3\":\"0\",\"4\":\"0\",\"5\":\"2\",\"6\":\"1\"}}',1),(14,'0',3676,29031,'{\"loading\":{\"1\":\"4\",\"2\":\"0\",\"3\":\"0\",\"4\":\"0\",\"5\":\"4\",\"6\":\"1\"}}',0),(14,'0',3676,29031,'{\"loading\":{\"1\":\"0\",\"2\":\"0\",\"3\":\"0\",\"4\":\"0\",\"5\":\"4\",\"6\":\"1\"}}',1),(14,'0',3676,29035,'{\"loading\":{\"1\":\"1\",\"2\":\"0\",\"3\":\"0\",\"4\":\"0\",\"5\":\"1\",\"6\":\"1\"}}',0),(14,'0',3676,29035,'{\"loading\":{\"1\":\"0\",\"2\":\"0\",\"3\":\"0\",\"4\":\"0\",\"5\":\"1\",\"6\":\"1\"}}',1),(14,'0',3677,29038,'{\"loading\":{\"1\":\"1\",\"2\":\"0\",\"3\":\"0\",\"4\":\"0\",\"5\":\"1\",\"6\":\"1\"}}',0),(14,'0',3677,29038,'{\"loading\":{\"1\":\"1\",\"2\":\"0\",\"3\":\"0\",\"4\":\"1\",\"5\":\"1\",\"6\":\"1\"}}',1),(14,'0',3677,29038,'{\"loading\":{\"1\":\"1\",\"2\":\"0\",\"3\":\"0\",\"4\":\"1\",\"5\":\"1\",\"6\":\"1\"}}',2),(14,'0',3677,29038,'{\"loading\":{\"1\":\"1\",\"2\":\"0\",\"3\":\"0\",\"4\":\"0\",\"5\":\"1\",\"6\":\"1\"}}',3),(14,'0',3677,29040,'{\"loading\":{\"1\":\"3\",\"2\":\"0\",\"3\":\"0\",\"4\":\"0\",\"5\":\"3\",\"6\":\"1\"}}',0),(14,'0',3677,29040,'{\"loading\":{\"1\":\"3\",\"2\":\"0\",\"3\":\"0\",\"4\":\"1\",\"5\":\"3\",\"6\":\"1\"}}',1),(14,'0',3677,29040,'{\"loading\":{\"1\":\"3\",\"2\":\"0\",\"3\":\"0\",\"4\":\"1\",\"5\":\"3\",\"6\":\"1\"}}',2),(14,'0',3677,29040,'{\"loading\":{\"1\":\"3\",\"2\":\"0\",\"3\":\"0\",\"4\":\"0\",\"5\":\"3\",\"6\":\"1\"}}',3),(14,'0',3677,29059,'{\"loading\":{\"1\":\"2\",\"2\":\"0\",\"3\":\"0\",\"4\":\"0\",\"5\":\"2\",\"6\":\"1\"}}',0),(14,'0',3677,29059,'{\"loading\":{\"1\":\"2\",\"2\":\"0\",\"3\":\"0\",\"4\":\"1\",\"5\":\"2\",\"6\":\"1\"}}',1),(14,'0',3677,29059,'{\"loading\":{\"1\":\"2\",\"2\":\"0\",\"3\":\"0\",\"4\":\"1\",\"5\":\"2\",\"6\":\"1\"}}',2),(14,'0',3677,29059,'{\"loading\":{\"1\":\"2\",\"2\":\"0\",\"3\":\"0\",\"4\":\"0\",\"5\":\"2\",\"6\":\"1\"}}',3),(14,'0',3677,29060,'{\"loading\":{\"1\":\"2\",\"2\":\"0\",\"3\":\"0\",\"4\":\"0\",\"5\":\"2\",\"6\":\"1\"}}',0),(14,'0',3677,29060,'{\"loading\":{\"1\":\"2\",\"2\":\"0\",\"3\":\"0\",\"4\":\"1\",\"5\":\"2\",\"6\":\"1\"}}',1),(14,'0',3677,29060,'{\"loading\":{\"1\":\"2\",\"2\":\"0\",\"3\":\"0\",\"4\":\"1\",\"5\":\"2\",\"6\":\"1\"}}',2),(14,'0',3677,29060,'{\"loading\":{\"1\":\"2\",\"2\":\"0\",\"3\":\"0\",\"4\":\"0\",\"5\":\"2\",\"6\":\"1\"}}',3),(14,'0',3677,29063,'{\"loading\":{\"1\":\"1\",\"2\":\"0\",\"3\":\"0\",\"4\":\"0\",\"5\":\"1\",\"6\":\"1\"}}',0),(14,'0',3677,29063,'{\"loading\":{\"1\":\"1\",\"2\":\"0\",\"3\":\"0\",\"4\":\"1\",\"5\":\"1\",\"6\":\"1\"}}',1),(14,'0',3677,29063,'{\"loading\":{\"1\":\"1\",\"2\":\"0\",\"3\":\"0\",\"4\":\"1\",\"5\":\"1\",\"6\":\"1\"}}',2),(14,'0',3677,29063,'{\"loading\":{\"1\":\"1\",\"2\":\"0\",\"3\":\"0\",\"4\":\"0\",\"5\":\"1\",\"6\":\"1\"}}',3),(14,'0',3678,29044,'{\"loading\":{\"1\":\"2\",\"2\":\"0\",\"3\":\"0\",\"4\":\"0\",\"5\":\"2\",\"6\":\"1\"}}',0),(14,'0',3678,29044,'{\"loading\":{\"1\":\"2\",\"2\":\"0\",\"3\":\"0\",\"4\":\"1\",\"5\":\"2\",\"6\":\"1\"}}',1),(14,'0',3678,29045,'{\"loading\":{\"1\":\"2\",\"2\":\"0\",\"3\":\"0\",\"4\":\"0\",\"5\":\"2\",\"6\":\"1\"}}',0),(14,'0',3678,29045,'{\"loading\":{\"1\":\"2\",\"2\":\"0\",\"3\":\"0\",\"4\":\"1\",\"5\":\"2\",\"6\":\"1\"}}',1),(14,'0',3678,29046,'{\"loading\":{\"1\":\"1\",\"2\":\"0\",\"3\":\"0\",\"4\":\"0\",\"5\":\"1\",\"6\":\"1\"}}',0),(14,'0',3678,29046,'{\"loading\":{\"1\":\"1\",\"2\":\"0\",\"3\":\"0\",\"4\":\"1\",\"5\":\"1\",\"6\":\"1\"}}',1),(14,'0',3678,29050,'{\"loading\":{\"1\":\"3\",\"2\":\"0\",\"3\":\"0\",\"4\":\"0\",\"5\":\"1\",\"6\":\"1\"}}',0),(14,'0',3678,29050,'{\"loading\":{\"1\":\"3\",\"2\":\"0\",\"3\":\"0\",\"4\":\"1\",\"5\":\"1\",\"6\":\"1\"}}',1),(14,'0',3678,29051,'{\"loading\":{\"1\":\"1\",\"2\":\"0\",\"3\":\"0\",\"4\":\"0\",\"5\":\"1\",\"6\":\"1\"}}',0),(14,'0',3678,29051,'{\"loading\":{\"1\":\"1\",\"2\":\"0\",\"3\":\"0\",\"4\":\"1\",\"5\":\"1\",\"6\":\"1\"}}',1),(14,'0',3678,29052,'{\"loading\":{\"1\":\"1\",\"2\":\"0\",\"3\":\"0\",\"4\":\"0\",\"5\":\"1\",\"6\":\"1\"}}',0),(14,'0',3678,29052,'{\"loading\":{\"1\":\"1\",\"2\":\"0\",\"3\":\"0\",\"4\":\"1\",\"5\":\"1\",\"6\":\"1\"}}',1),(14,'0',3678,29053,'{\"firstCriticalIgnored\":{\"1\":\"\"}}',1),(14,'0',3678,29054,'{\"loading\":{\"1\":\"1\",\"2\":\"0\",\"3\":\"0\",\"4\":\"0\",\"5\":\"1\",\"6\":\"1\"}}',0),(14,'0',3678,29054,'{\"loading\":{\"1\":\"1\",\"2\":\"0\",\"3\":\"0\",\"4\":\"1\",\"5\":\"1\",\"6\":\"1\"}}',1),(14,'0',3679,29065,'{\"loading\":{\"1\":\"2\",\"2\":\"0\",\"3\":\"0\",\"4\":\"0\",\"5\":\"2\",\"6\":\"1\"}}',0),(14,'0',3679,29065,'{\"loading\":{\"1\":\"1\",\"2\":\"0\",\"3\":\"0\",\"4\":\"1\",\"5\":\"2\",\"6\":\"1\"}}',1),(14,'0',3679,29066,'{\"loading\":{\"1\":\"2\",\"2\":\"0\",\"3\":\"0\",\"4\":\"0\",\"5\":\"2\",\"6\":\"1\"}}',0),(14,'0',3679,29066,'{\"loading\":{\"1\":\"1\",\"2\":\"0\",\"3\":\"0\",\"4\":\"1\",\"5\":\"2\",\"6\":\"1\"}}',1),(14,'0',3679,29067,'{\"loading\":{\"1\":\"2\",\"2\":\"0\",\"3\":\"0\",\"4\":\"0\",\"5\":\"2\",\"6\":\"1\"}}',0),(14,'0',3679,29067,'{\"loading\":{\"1\":\"2\",\"2\":\"0\",\"3\":\"0\",\"4\":\"1\",\"5\":\"2\",\"6\":\"1\"}}',1),(14,'0',3679,29068,'{\"loading\":{\"1\":\"2\",\"2\":\"0\",\"3\":\"0\",\"4\":\"0\",\"5\":\"2\",\"6\":\"1\"}}',0),(14,'0',3679,29068,'{\"loading\":{\"1\":\"2\",\"2\":\"0\",\"3\":\"0\",\"4\":\"1\",\"5\":\"2\",\"6\":\"1\"}}',1),(14,'0',3679,29069,'{\"loading\":{\"1\":\"2\",\"2\":\"0\",\"3\":\"0\",\"4\":\"0\",\"5\":\"2\",\"6\":\"1\"}}',0),(14,'0',3679,29069,'{\"loading\":{\"1\":\"2\",\"2\":\"0\",\"3\":\"0\",\"4\":\"1\",\"5\":\"2\",\"6\":\"1\"}}',1),(14,'0',3679,29070,'{\"loading\":{\"1\":\"1\",\"2\":\"0\",\"3\":\"0\",\"4\":\"0\",\"5\":\"1\",\"6\":\"1\"}}',0),(14,'0',3679,29070,'{\"loading\":{\"1\":\"1\",\"2\":\"0\",\"3\":\"0\",\"4\":\"1\",\"5\":\"1\",\"6\":\"1\"}}',1),(14,'0',3679,29083,'{\"loading\":{\"1\":\"3\",\"2\":\"0\",\"3\":\"0\",\"4\":\"0\",\"5\":\"3\",\"6\":\"1\"}}',0),(14,'0',3679,29083,'{\"loading\":{\"1\":\"3\",\"2\":\"0\",\"3\":\"0\",\"4\":\"1\",\"5\":\"3\",\"6\":\"1\"}}',1),(14,'0',3680,29073,'{\"loading\":{\"1\":\"1\",\"2\":\"0\",\"3\":\"0\",\"4\":\"0\",\"5\":\"1\",\"6\":\"1\"}}',0),(14,'0',3680,29073,'{\"loading\":{\"1\":\"0\",\"2\":\"0\",\"3\":\"0\",\"4\":\"0\",\"5\":\"1\",\"6\":\"1\"}}',1),(14,'0',3680,29074,'{\"loading\":{\"1\":\"1\",\"2\":\"0\",\"3\":\"0\",\"4\":\"0\",\"5\":\"1\",\"6\":\"1\"}}',0),(14,'0',3680,29074,'{\"loading\":{\"1\":\"0\",\"2\":\"0\",\"3\":\"0\",\"4\":\"0\",\"5\":\"1\",\"6\":\"1\"}}',1),(14,'0',3680,29075,'{\"loading\":{\"1\":\"1\",\"2\":\"0\",\"3\":\"0\",\"4\":\"0\",\"5\":\"1\",\"6\":\"1\"}}',0),(14,'0',3680,29075,'{\"loading\":{\"1\":\"0\",\"2\":\"0\",\"3\":\"0\",\"4\":\"0\",\"5\":\"1\",\"6\":\"1\"}}',1),(14,'0',3680,29076,'{\"loading\":{\"1\":\"2\",\"2\":\"0\",\"3\":\"0\",\"4\":\"0\",\"5\":\"2\",\"6\":\"1\"}}',0),(14,'0',3680,29076,'{\"loading\":{\"1\":\"0\",\"2\":\"0\",\"3\":\"0\",\"4\":\"0\",\"5\":\"2\",\"6\":\"1\"}}',1),(14,'0',3680,29086,'{\"loading\":{\"1\":\"2\",\"2\":\"0\",\"3\":\"0\",\"4\":\"0\",\"5\":\"2\",\"6\":\"1\"}}',0),(14,'0',3680,29086,'{\"loading\":{\"1\":\"2\",\"2\":\"0\",\"3\":\"0\",\"4\":\"0\",\"5\":\"2\",\"6\":\"1\"}}',1),(14,'0',3680,29090,'{\"loading\":{\"1\":\"2\",\"2\":\"0\",\"3\":\"0\",\"4\":\"0\",\"5\":\"2\",\"6\":\"1\"}}',0),(14,'0',3680,29090,'{\"loading\":{\"1\":\"2\",\"2\":\"0\",\"3\":\"0\",\"4\":\"0\",\"5\":\"2\",\"6\":\"1\"}}',1),(15,'0',3676,29025,'{\"loading\":{\"1\":\"3\",\"2\":\"0\",\"3\":\"0\",\"4\":\"0\",\"5\":\"3\",\"6\":\"1\"}}',0),(15,'0',3676,29025,'{\"loading\":{\"1\":\"3\",\"2\":\"0\",\"3\":\"0\",\"4\":\"0\",\"5\":\"3\",\"6\":\"1\"}}',1),(15,'0',3676,29031,'{\"loading\":{\"1\":\"4\",\"2\":\"0\",\"3\":\"0\",\"4\":\"0\",\"5\":\"4\",\"6\":\"1\"}}',0),(15,'0',3676,29031,'{\"loading\":{\"1\":\"0\",\"2\":\"0\",\"3\":\"0\",\"4\":\"0\",\"5\":\"4\",\"6\":\"1\"}}',1),(15,'0',3676,29035,'{\"loading\":{\"1\":\"1\",\"2\":\"0\",\"3\":\"0\",\"4\":\"0\",\"5\":\"1\",\"6\":\"1\"}}',0),(15,'0',3676,29035,'{\"loading\":{\"1\":\"0\",\"2\":\"0\",\"3\":\"0\",\"4\":\"0\",\"5\":\"1\",\"6\":\"1\"}}',1),(15,'0',3677,29038,'{\"loading\":{\"1\":\"1\",\"2\":\"0\",\"3\":\"0\",\"4\":\"0\",\"5\":\"1\",\"6\":\"1\"}}',0),(15,'0',3677,29038,'{\"loading\":{\"1\":\"1\",\"2\":\"0\",\"3\":\"0\",\"4\":\"1\",\"5\":\"1\",\"6\":\"1\"}}',1),(15,'0',3677,29038,'{\"loading\":{\"1\":\"1\",\"2\":\"0\",\"3\":\"0\",\"4\":\"1\",\"5\":\"1\",\"6\":\"1\"}}',2),(15,'0',3677,29038,'{\"loading\":{\"1\":\"1\",\"2\":\"0\",\"3\":\"0\",\"4\":\"0\",\"5\":\"1\",\"6\":\"1\"}}',3),(15,'0',3677,29039,'{\"loading\":{\"1\":\"1\",\"2\":\"0\",\"3\":\"0\",\"4\":\"0\",\"5\":\"1\",\"6\":\"1\"}}',0),(15,'0',3677,29039,'{\"loading\":{\"1\":\"1\",\"2\":\"0\",\"3\":\"0\",\"4\":\"1\",\"5\":\"1\",\"6\":\"1\"}}',1),(15,'0',3677,29039,'{\"loading\":{\"1\":\"1\",\"2\":\"0\",\"3\":\"0\",\"4\":\"1\",\"5\":\"1\",\"6\":\"1\"}}',2),(15,'0',3677,29039,'{\"loading\":{\"1\":\"1\",\"2\":\"0\",\"3\":\"0\",\"4\":\"0\",\"5\":\"1\",\"6\":\"1\"}}',3),(15,'0',3677,29040,'{\"loading\":{\"1\":\"3\",\"2\":\"0\",\"3\":\"0\",\"4\":\"0\",\"5\":\"3\",\"6\":\"1\"}}',0),(15,'0',3677,29040,'{\"loading\":{\"1\":\"3\",\"2\":\"0\",\"3\":\"0\",\"4\":\"1\",\"5\":\"3\",\"6\":\"1\"}}',1),(15,'0',3677,29040,'{\"loading\":{\"1\":\"3\",\"2\":\"0\",\"3\":\"0\",\"4\":\"1\",\"5\":\"3\",\"6\":\"1\"}}',2),(15,'0',3677,29040,'{\"loading\":{\"1\":\"3\",\"2\":\"0\",\"3\":\"0\",\"4\":\"0\",\"5\":\"3\",\"6\":\"1\"}}',3),(15,'0',3677,29063,'{\"loading\":{\"1\":\"1\",\"2\":\"0\",\"3\":\"0\",\"4\":\"0\",\"5\":\"1\",\"6\":\"1\"}}',0),(15,'0',3677,29063,'{\"loading\":{\"1\":\"1\",\"2\":\"0\",\"3\":\"0\",\"4\":\"1\",\"5\":\"1\",\"6\":\"1\"}}',1),(15,'0',3677,29063,'{\"loading\":{\"1\":\"1\",\"2\":\"0\",\"3\":\"0\",\"4\":\"1\",\"5\":\"1\",\"6\":\"1\"}}',2),(15,'0',3677,29063,'{\"loading\":{\"1\":\"1\",\"2\":\"0\",\"3\":\"0\",\"4\":\"0\",\"5\":\"1\",\"6\":\"1\"}}',3),(15,'0',3678,29044,'{\"loading\":{\"1\":\"2\",\"2\":\"0\",\"3\":\"0\",\"4\":\"0\",\"5\":\"2\",\"6\":\"1\"}}',0),(15,'0',3678,29044,'{\"loading\":{\"1\":\"2\",\"2\":\"0\",\"3\":\"0\",\"4\":\"1\",\"5\":\"2\",\"6\":\"1\"}}',1),(15,'0',3678,29045,'{\"loading\":{\"1\":\"1\",\"2\":\"0\",\"3\":\"0\",\"4\":\"0\",\"5\":\"1\",\"6\":\"1\"}}',0),(15,'0',3678,29045,'{\"loading\":{\"1\":\"1\",\"2\":\"0\",\"3\":\"0\",\"4\":\"1\",\"5\":\"1\",\"6\":\"1\"}}',1),(15,'0',3678,29046,'{\"loading\":{\"1\":\"3\",\"2\":\"0\",\"3\":\"0\",\"4\":\"0\",\"5\":\"3\",\"6\":\"1\"}}',0),(15,'0',3678,29046,'{\"loading\":{\"1\":\"3\",\"2\":\"0\",\"3\":\"0\",\"4\":\"1\",\"5\":\"3\",\"6\":\"1\"}}',1),(15,'0',3678,29048,'{\"loading\":{\"1\":\"1\",\"2\":\"0\",\"3\":\"0\",\"4\":\"0\",\"5\":\"1\",\"6\":\"1\"}}',0),(15,'0',3678,29048,'{\"loading\":{\"1\":\"1\",\"2\":\"0\",\"3\":\"0\",\"4\":\"1\",\"5\":\"1\",\"6\":\"1\"}}',1),(15,'0',3678,29050,'{\"firstCriticalIgnored\":{\"1\":\"\"}}',1),(15,'0',3678,29051,'{\"firstCriticalIgnored\":{\"1\":\"\"}}',1),(15,'0',3678,29052,'{\"firstCriticalIgnored\":{\"1\":\"\"}}',1),(15,'0',3678,29053,'{\"firstCriticalIgnored\":{\"1\":\"\"}}',1),(15,'0',3678,29054,'{\"loading\":{\"1\":\"3\",\"2\":\"0\",\"3\":\"0\",\"4\":\"0\",\"5\":\"3\",\"6\":\"1\"}}',0),(15,'0',3678,29054,'{\"loading\":{\"1\":\"3\",\"2\":\"0\",\"3\":\"0\",\"4\":\"1\",\"5\":\"3\",\"6\":\"1\"}}',1),(15,'0',3679,29064,'{\"loading\":{\"1\":\"3\",\"2\":\"0\",\"3\":\"0\",\"4\":\"0\",\"5\":\"3\",\"6\":\"1\"}}',0),(15,'0',3679,29064,'{\"loading\":{\"1\":\"1\",\"2\":\"0\",\"3\":\"0\",\"4\":\"1\",\"5\":\"3\",\"6\":\"1\"}}',1),(15,'0',3679,29065,'{\"loading\":{\"1\":\"2\",\"2\":\"0\",\"3\":\"0\",\"4\":\"0\",\"5\":\"2\",\"6\":\"1\"}}',0),(15,'0',3679,29065,'{\"loading\":{\"1\":\"1\",\"2\":\"0\",\"3\":\"0\",\"4\":\"1\",\"5\":\"2\",\"6\":\"1\"}}',1),(15,'0',3679,29066,'{\"loading\":{\"1\":\"2\",\"2\":\"0\",\"3\":\"0\",\"4\":\"0\",\"5\":\"2\",\"6\":\"1\"}}',0),(15,'0',3679,29066,'{\"loading\":{\"1\":\"1\",\"2\":\"0\",\"3\":\"0\",\"4\":\"1\",\"5\":\"2\",\"6\":\"1\"}}',1),(15,'0',3679,29067,'{\"loading\":{\"1\":\"2\",\"2\":\"0\",\"3\":\"0\",\"4\":\"0\",\"5\":\"2\",\"6\":\"1\"}}',0),(15,'0',3679,29067,'{\"loading\":{\"1\":\"2\",\"2\":\"0\",\"3\":\"0\",\"4\":\"1\",\"5\":\"2\",\"6\":\"1\"}}',1),(15,'0',3679,29068,'{\"loading\":{\"1\":\"2\",\"2\":\"0\",\"3\":\"0\",\"4\":\"0\",\"5\":\"2\",\"6\":\"1\"}}',0),(15,'0',3679,29068,'{\"loading\":{\"1\":\"2\",\"2\":\"0\",\"3\":\"0\",\"4\":\"1\",\"5\":\"2\",\"6\":\"1\"}}',1),(15,'0',3679,29069,'{\"loading\":{\"1\":\"1\",\"2\":\"0\",\"3\":\"0\",\"4\":\"0\",\"5\":\"1\",\"6\":\"1\"}}',0),(15,'0',3679,29069,'{\"loading\":{\"1\":\"1\",\"2\":\"0\",\"3\":\"0\",\"4\":\"1\",\"5\":\"1\",\"6\":\"1\"}}',1),(15,'0',3679,29070,'{\"loading\":{\"1\":\"3\",\"2\":\"0\",\"3\":\"0\",\"4\":\"0\",\"5\":\"3\",\"6\":\"1\"}}',0),(15,'0',3679,29070,'{\"loading\":{\"1\":\"3\",\"2\":\"0\",\"3\":\"0\",\"4\":\"1\",\"5\":\"3\",\"6\":\"1\"}}',1),(15,'0',3679,29083,'{\"loading\":{\"1\":\"3\",\"2\":\"0\",\"3\":\"0\",\"4\":\"0\",\"5\":\"3\",\"6\":\"1\"}}',0),(15,'0',3679,29083,'{\"loading\":{\"1\":\"3\",\"2\":\"0\",\"3\":\"0\",\"4\":\"1\",\"5\":\"3\",\"6\":\"1\"}}',1),(15,'0',3680,29073,'{\"loading\":{\"1\":\"1\",\"2\":\"0\",\"3\":\"0\",\"4\":\"0\",\"5\":\"1\",\"6\":\"1\"}}',0),(15,'0',3680,29073,'{\"loading\":{\"1\":\"0\",\"2\":\"0\",\"3\":\"0\",\"4\":\"0\",\"5\":\"1\",\"6\":\"1\"}}',1),(15,'0',3680,29074,'{\"loading\":{\"1\":\"1\",\"2\":\"0\",\"3\":\"0\",\"4\":\"0\",\"5\":\"1\",\"6\":\"1\"}}',0),(15,'0',3680,29074,'{\"loading\":{\"1\":\"0\",\"2\":\"0\",\"3\":\"0\",\"4\":\"0\",\"5\":\"1\",\"6\":\"1\"}}',1),(15,'0',3680,29075,'{\"loading\":{\"1\":\"1\",\"2\":\"0\",\"3\":\"0\",\"4\":\"0\",\"5\":\"1\",\"6\":\"1\"}}',0),(15,'0',3680,29075,'{\"loading\":{\"1\":\"0\",\"2\":\"0\",\"3\":\"0\",\"4\":\"0\",\"5\":\"1\",\"6\":\"1\"}}',1),(15,'0',3680,29076,'{\"loading\":{\"1\":\"2\",\"2\":\"0\",\"3\":\"0\",\"4\":\"0\",\"5\":\"2\",\"6\":\"1\"}}',0),(15,'0',3680,29076,'{\"loading\":{\"1\":\"2\",\"2\":\"0\",\"3\":\"0\",\"4\":\"0\",\"5\":\"2\",\"6\":\"1\"}}',1),(15,'0',3680,29087,'{\"loading\":{\"1\":\"1\",\"2\":\"0\",\"3\":\"0\",\"4\":\"0\",\"5\":\"1\",\"6\":\"1\"}}',0),(15,'0',3680,29087,'{\"loading\":{\"1\":\"1\",\"2\":\"0\",\"3\":\"0\",\"4\":\"0\",\"5\":\"1\",\"6\":\"1\"}}',1),(15,'0',3680,29088,'{\"loading\":{\"1\":\"1\",\"2\":\"0\",\"3\":\"0\",\"4\":\"0\",\"5\":\"1\",\"6\":\"1\"}}',0),(15,'0',3680,29088,'{\"loading\":{\"1\":\"1\",\"2\":\"0\",\"3\":\"0\",\"4\":\"0\",\"5\":\"1\",\"6\":\"1\"}}',1),(16,'0',3676,29023,'{\"loading\":{\"1\":\"3\",\"2\":\"0\",\"3\":\"0\",\"4\":\"0\",\"5\":\"3\",\"6\":\"1\"}}',0),(16,'0',3676,29023,'{\"loading\":{\"1\":\"3\",\"2\":\"0\",\"3\":\"0\",\"4\":\"0\",\"5\":\"3\",\"6\":\"1\"}}',1),(16,'0',3676,29025,'{\"loading\":{\"1\":\"2\",\"2\":\"0\",\"3\":\"0\",\"4\":\"0\",\"5\":\"2\",\"6\":\"1\"}}',0),(16,'0',3676,29025,'{\"loading\":{\"1\":\"2\",\"2\":\"0\",\"3\":\"0\",\"4\":\"0\",\"5\":\"2\",\"6\":\"1\"}}',1),(16,'0',3676,29028,'{\"loading\":{\"1\":\"1\",\"2\":\"0\",\"3\":\"0\",\"4\":\"0\",\"5\":\"1\",\"6\":\"1\"}}',0),(16,'0',3676,29028,'{\"loading\":{\"1\":\"1\",\"2\":\"0\",\"3\":\"0\",\"4\":\"0\",\"5\":\"1\",\"6\":\"1\"}}',1),(16,'0',3676,29031,'{\"loading\":{\"1\":\"1\",\"2\":\"0\",\"3\":\"0\",\"4\":\"0\",\"5\":\"1\",\"6\":\"1\"}}',0),(16,'0',3676,29031,'{\"loading\":{\"1\":\"0\",\"2\":\"0\",\"3\":\"0\",\"4\":\"0\",\"5\":\"1\",\"6\":\"1\"}}',1),(16,'0',3676,29032,'{\"loading\":{\"1\":\"1\",\"2\":\"0\",\"3\":\"0\",\"4\":\"0\",\"5\":\"1\",\"6\":\"1\"}}',0),(16,'0',3676,29032,'{\"loading\":{\"1\":\"0\",\"2\":\"0\",\"3\":\"0\",\"4\":\"0\",\"5\":\"1\",\"6\":\"1\"}}',1),(16,'0',3677,29038,'{\"loading\":{\"1\":\"1\",\"2\":\"0\",\"3\":\"0\",\"4\":\"0\",\"5\":\"1\",\"6\":\"1\"}}',0),(16,'0',3677,29038,'{\"loading\":{\"1\":\"1\",\"2\":\"0\",\"3\":\"0\",\"4\":\"1\",\"5\":\"1\",\"6\":\"1\"}}',1),(16,'0',3677,29038,'{\"loading\":{\"1\":\"1\",\"2\":\"0\",\"3\":\"0\",\"4\":\"1\",\"5\":\"1\",\"6\":\"1\"}}',2),(16,'0',3677,29038,'{\"loading\":{\"1\":\"1\",\"2\":\"0\",\"3\":\"0\",\"4\":\"0\",\"5\":\"1\",\"6\":\"1\"}}',3),(16,'0',3677,29039,'{\"loading\":{\"1\":\"1\",\"2\":\"0\",\"3\":\"0\",\"4\":\"0\",\"5\":\"1\",\"6\":\"1\"}}',0),(16,'0',3677,29039,'{\"loading\":{\"1\":\"1\",\"2\":\"0\",\"3\":\"0\",\"4\":\"1\",\"5\":\"1\",\"6\":\"1\"}}',1),(16,'0',3677,29039,'{\"loading\":{\"1\":\"1\",\"2\":\"0\",\"3\":\"0\",\"4\":\"1\",\"5\":\"1\",\"6\":\"1\"}}',2),(16,'0',3677,29039,'{\"loading\":{\"1\":\"1\",\"2\":\"0\",\"3\":\"0\",\"4\":\"0\",\"5\":\"1\",\"6\":\"1\"}}',3),(16,'0',3677,29040,'{\"loading\":{\"1\":\"3\",\"2\":\"0\",\"3\":\"0\",\"4\":\"0\",\"5\":\"3\",\"6\":\"1\"}}',0),(16,'0',3677,29040,'{\"loading\":{\"1\":\"3\",\"2\":\"0\",\"3\":\"0\",\"4\":\"1\",\"5\":\"3\",\"6\":\"1\"}}',1),(16,'0',3677,29040,'{\"loading\":{\"1\":\"3\",\"2\":\"0\",\"3\":\"0\",\"4\":\"1\",\"5\":\"3\",\"6\":\"1\"}}',2),(16,'0',3677,29040,'{\"loading\":{\"1\":\"3\",\"2\":\"0\",\"3\":\"0\",\"4\":\"0\",\"5\":\"3\",\"6\":\"1\"}}',3),(16,'0',3677,29057,'{\"loading\":{\"1\":\"3\",\"2\":\"0\",\"3\":\"0\",\"4\":\"0\",\"5\":\"3\",\"6\":\"1\"}}',0),(16,'0',3677,29057,'{\"loading\":{\"1\":\"3\",\"2\":\"0\",\"3\":\"0\",\"4\":\"1\",\"5\":\"3\",\"6\":\"1\"}}',1),(16,'0',3677,29057,'{\"loading\":{\"1\":\"1\",\"2\":\"0\",\"3\":\"0\",\"4\":\"1\",\"5\":\"3\",\"6\":\"1\"}}',2),(16,'0',3677,29057,'{\"loading\":{\"1\":\"1\",\"2\":\"0\",\"3\":\"0\",\"4\":\"0\",\"5\":\"3\",\"6\":\"1\"}}',3),(16,'0',3678,29044,'{\"loading\":{\"1\":\"1\",\"2\":\"0\",\"3\":\"0\",\"4\":\"0\",\"5\":\"1\",\"6\":\"1\"}}',0),(16,'0',3678,29044,'{\"loading\":{\"1\":\"1\",\"2\":\"0\",\"3\":\"0\",\"4\":\"1\",\"5\":\"1\",\"6\":\"1\"}}',1),(16,'0',3678,29045,'{\"loading\":{\"1\":\"1\",\"2\":\"0\",\"3\":\"0\",\"4\":\"0\",\"5\":\"1\",\"6\":\"1\"}}',0),(16,'0',3678,29045,'{\"loading\":{\"1\":\"1\",\"2\":\"0\",\"3\":\"0\",\"4\":\"1\",\"5\":\"1\",\"6\":\"1\"}}',1),(16,'0',3678,29048,'{\"loading\":{\"1\":\"1\",\"2\":\"0\",\"3\":\"0\",\"4\":\"0\",\"5\":\"1\",\"6\":\"1\"}}',0),(16,'0',3678,29048,'{\"loading\":{\"1\":\"1\",\"2\":\"0\",\"3\":\"0\",\"4\":\"1\",\"5\":\"1\",\"6\":\"1\"}}',1),(16,'0',3678,29050,'{\"firstCriticalIgnored\":{\"1\":\"\"}}',1),(16,'0',3679,29064,'{\"loading\":{\"1\":\"1\",\"2\":\"0\",\"3\":\"0\",\"4\":\"0\",\"5\":\"1\",\"6\":\"1\"}}',0),(16,'0',3679,29064,'{\"loading\":{\"1\":\"1\",\"2\":\"0\",\"3\":\"0\",\"4\":\"1\",\"5\":\"1\",\"6\":\"1\"}}',1),(16,'0',3679,29065,'{\"loading\":{\"1\":\"1\",\"2\":\"0\",\"3\":\"0\",\"4\":\"0\",\"5\":\"1\",\"6\":\"1\"}}',0),(16,'0',3679,29065,'{\"loading\":{\"1\":\"1\",\"2\":\"0\",\"3\":\"0\",\"4\":\"1\",\"5\":\"1\",\"6\":\"1\"}}',1),(16,'0',3679,29066,'{\"loading\":{\"1\":\"1\",\"2\":\"0\",\"3\":\"0\",\"4\":\"0\",\"5\":\"1\",\"6\":\"1\"}}',0),(16,'0',3679,29066,'{\"loading\":{\"1\":\"1\",\"2\":\"0\",\"3\":\"0\",\"4\":\"1\",\"5\":\"1\",\"6\":\"1\"}}',1),(16,'0',3679,29067,'{\"loading\":{\"1\":\"1\",\"2\":\"0\",\"3\":\"0\",\"4\":\"0\",\"5\":\"1\",\"6\":\"1\"}}',0),(16,'0',3679,29067,'{\"loading\":{\"1\":\"1\",\"2\":\"0\",\"3\":\"0\",\"4\":\"1\",\"5\":\"1\",\"6\":\"1\"}}',1),(16,'0',3679,29068,'{\"loading\":{\"1\":\"1\",\"2\":\"0\",\"3\":\"0\",\"4\":\"0\",\"5\":\"1\",\"6\":\"1\"}}',0),(16,'0',3679,29068,'{\"loading\":{\"1\":\"1\",\"2\":\"0\",\"3\":\"0\",\"4\":\"1\",\"5\":\"1\",\"6\":\"1\"}}',1),(16,'0',3679,29069,'{\"loading\":{\"1\":\"1\",\"2\":\"0\",\"3\":\"0\",\"4\":\"0\",\"5\":\"1\",\"6\":\"1\"}}',0),(16,'0',3679,29069,'{\"loading\":{\"1\":\"1\",\"2\":\"0\",\"3\":\"0\",\"4\":\"1\",\"5\":\"1\",\"6\":\"1\"}}',1),(16,'0',3679,29082,'{\"loading\":{\"1\":\"3\",\"2\":\"0\",\"3\":\"0\",\"4\":\"0\",\"5\":\"3\",\"6\":\"1\"}}',0),(16,'0',3679,29082,'{\"loading\":{\"1\":\"3\",\"2\":\"0\",\"3\":\"0\",\"4\":\"1\",\"5\":\"3\",\"6\":\"1\"}}',1),(16,'0',3679,29083,'{\"loading\":{\"1\":\"2\",\"2\":\"0\",\"3\":\"0\",\"4\":\"0\",\"5\":\"2\",\"6\":\"1\"}}',0),(16,'0',3679,29083,'{\"loading\":{\"1\":\"2\",\"2\":\"0\",\"3\":\"0\",\"4\":\"1\",\"5\":\"2\",\"6\":\"1\"}}',1),(16,'0',3679,29084,'{\"loading\":{\"1\":\"3\",\"2\":\"0\",\"3\":\"0\",\"4\":\"0\",\"5\":\"3\",\"6\":\"1\"}}',0),(16,'0',3679,29084,'{\"loading\":{\"1\":\"3\",\"2\":\"0\",\"3\":\"0\",\"4\":\"1\",\"5\":\"3\",\"6\":\"1\"}}',1),(16,'0',3680,29076,'{\"loading\":{\"1\":\"2\",\"2\":\"0\",\"3\":\"0\",\"4\":\"0\",\"5\":\"2\",\"6\":\"1\"}}',0),(16,'0',3680,29076,'{\"loading\":{\"1\":\"2\",\"2\":\"0\",\"3\":\"0\",\"4\":\"0\",\"5\":\"2\",\"6\":\"1\"}}',1),(16,'0',3680,29087,'{\"loading\":{\"1\":\"1\",\"2\":\"0\",\"3\":\"0\",\"4\":\"0\",\"5\":\"1\",\"6\":\"1\"}}',0),(16,'0',3680,29087,'{\"loading\":{\"1\":\"1\",\"2\":\"0\",\"3\":\"0\",\"4\":\"0\",\"5\":\"1\",\"6\":\"1\"}}',1),(16,'0',3680,29088,'{\"loading\":{\"1\":\"1\",\"2\":\"0\",\"3\":\"0\",\"4\":\"0\",\"5\":\"1\",\"6\":\"1\"}}',0),(16,'0',3680,29088,'{\"loading\":{\"1\":\"1\",\"2\":\"0\",\"3\":\"0\",\"4\":\"0\",\"5\":\"1\",\"6\":\"1\"}}',1),(17,'0',3676,29023,'{\"loading\":{\"1\":\"3\",\"2\":\"0\",\"3\":\"0\",\"4\":\"0\",\"5\":\"3\",\"6\":\"1\"}}',0),(17,'0',3676,29023,'{\"loading\":{\"1\":\"3\",\"2\":\"0\",\"3\":\"0\",\"4\":\"0\",\"5\":\"3\",\"6\":\"1\"}}',1),(17,'0',3676,29026,'{\"loading\":{\"1\":\"1\",\"2\":\"0\",\"3\":\"0\",\"4\":\"0\",\"5\":\"1\",\"6\":\"1\"}}',0),(17,'0',3676,29026,'{\"loading\":{\"1\":\"1\",\"2\":\"0\",\"3\":\"0\",\"4\":\"0\",\"5\":\"1\",\"6\":\"1\"}}',1),(17,'0',3676,29027,'{\"loading\":{\"1\":\"1\",\"2\":\"0\",\"3\":\"0\",\"4\":\"0\",\"5\":\"1\",\"6\":\"1\"}}',0),(17,'0',3676,29027,'{\"loading\":{\"1\":\"1\",\"2\":\"0\",\"3\":\"0\",\"4\":\"0\",\"5\":\"1\",\"6\":\"1\"}}',1),(17,'0',3676,29028,'{\"loading\":{\"1\":\"1\",\"2\":\"0\",\"3\":\"0\",\"4\":\"0\",\"5\":\"1\",\"6\":\"1\"}}',0),(17,'0',3676,29028,'{\"loading\":{\"1\":\"1\",\"2\":\"0\",\"3\":\"0\",\"4\":\"0\",\"5\":\"1\",\"6\":\"1\"}}',1),(17,'0',3676,29030,'{\"loading\":{\"1\":\"1\",\"2\":\"0\",\"3\":\"0\",\"4\":\"0\",\"5\":\"1\",\"6\":\"1\"}}',0),(17,'0',3676,29030,'{\"loading\":{\"1\":\"1\",\"2\":\"0\",\"3\":\"0\",\"4\":\"0\",\"5\":\"1\",\"6\":\"1\"}}',1),(17,'0',3676,29031,'{\"loading\":{\"1\":\"1\",\"2\":\"0\",\"3\":\"0\",\"4\":\"0\",\"5\":\"1\",\"6\":\"1\"}}',0),(17,'0',3676,29031,'{\"loading\":{\"1\":\"0\",\"2\":\"0\",\"3\":\"0\",\"4\":\"0\",\"5\":\"1\",\"6\":\"1\"}}',1),(17,'0',3676,29032,'{\"loading\":{\"1\":\"1\",\"2\":\"0\",\"3\":\"0\",\"4\":\"0\",\"5\":\"1\",\"6\":\"1\"}}',0),(17,'0',3676,29032,'{\"loading\":{\"1\":\"0\",\"2\":\"0\",\"3\":\"0\",\"4\":\"0\",\"5\":\"1\",\"6\":\"1\"}}',1),(17,'0',3677,29039,'{\"loading\":{\"1\":\"1\",\"2\":\"0\",\"3\":\"0\",\"4\":\"0\",\"5\":\"1\",\"6\":\"1\"}}',0),(17,'0',3677,29039,'{\"loading\":{\"1\":\"1\",\"2\":\"0\",\"3\":\"0\",\"4\":\"1\",\"5\":\"1\",\"6\":\"1\"}}',1),(17,'0',3677,29039,'{\"loading\":{\"1\":\"1\",\"2\":\"0\",\"3\":\"0\",\"4\":\"1\",\"5\":\"1\",\"6\":\"1\"}}',2),(17,'0',3677,29039,'{\"loading\":{\"1\":\"1\",\"2\":\"0\",\"3\":\"0\",\"4\":\"0\",\"5\":\"1\",\"6\":\"1\"}}',3),(17,'0',3677,29040,'{\"loading\":{\"1\":\"1\",\"2\":\"0\",\"3\":\"0\",\"4\":\"0\",\"5\":\"1\",\"6\":\"1\"}}',0),(17,'0',3677,29040,'{\"loading\":{\"1\":\"1\",\"2\":\"0\",\"3\":\"0\",\"4\":\"1\",\"5\":\"1\",\"6\":\"1\"}}',1),(17,'0',3677,29040,'{\"loading\":{\"1\":\"1\",\"2\":\"0\",\"3\":\"0\",\"4\":\"1\",\"5\":\"1\",\"6\":\"1\"}}',2),(17,'0',3677,29040,'{\"loading\":{\"1\":\"1\",\"2\":\"0\",\"3\":\"0\",\"4\":\"0\",\"5\":\"1\",\"6\":\"1\"}}',3),(17,'0',3677,29057,'{\"loading\":{\"1\":\"3\",\"2\":\"0\",\"3\":\"0\",\"4\":\"0\",\"5\":\"3\",\"6\":\"1\"}}',0),(17,'0',3677,29057,'{\"loading\":{\"1\":\"3\",\"2\":\"0\",\"3\":\"0\",\"4\":\"1\",\"5\":\"3\",\"6\":\"1\"}}',1),(17,'0',3677,29057,'{\"loading\":{\"1\":\"1\",\"2\":\"0\",\"3\":\"0\",\"4\":\"1\",\"5\":\"3\",\"6\":\"1\"}}',2),(17,'0',3677,29057,'{\"loading\":{\"1\":\"1\",\"2\":\"0\",\"3\":\"0\",\"4\":\"0\",\"5\":\"3\",\"6\":\"1\"}}',3),(17,'0',3677,29059,'{\"loading\":{\"1\":\"1\",\"2\":\"0\",\"3\":\"0\",\"4\":\"0\",\"5\":\"1\",\"6\":\"1\"}}',0),(17,'0',3677,29059,'{\"loading\":{\"1\":\"1\",\"2\":\"0\",\"3\":\"0\",\"4\":\"1\",\"5\":\"1\",\"6\":\"1\"}}',1),(17,'0',3677,29059,'{\"loading\":{\"1\":\"1\",\"2\":\"0\",\"3\":\"0\",\"4\":\"1\",\"5\":\"1\",\"6\":\"1\"}}',2),(17,'0',3677,29059,'{\"loading\":{\"1\":\"1\",\"2\":\"0\",\"3\":\"0\",\"4\":\"0\",\"5\":\"1\",\"6\":\"1\"}}',3),(17,'0',3677,29060,'{\"loading\":{\"1\":\"1\",\"2\":\"0\",\"3\":\"0\",\"4\":\"0\",\"5\":\"1\",\"6\":\"1\"}}',0),(17,'0',3677,29060,'{\"loading\":{\"1\":\"1\",\"2\":\"0\",\"3\":\"0\",\"4\":\"1\",\"5\":\"1\",\"6\":\"1\"}}',1),(17,'0',3677,29060,'{\"loading\":{\"1\":\"1\",\"2\":\"0\",\"3\":\"0\",\"4\":\"1\",\"5\":\"1\",\"6\":\"1\"}}',2),(17,'0',3677,29060,'{\"loading\":{\"1\":\"1\",\"2\":\"0\",\"3\":\"0\",\"4\":\"0\",\"5\":\"1\",\"6\":\"1\"}}',3),(17,'0',3678,29044,'{\"loading\":{\"1\":\"2\",\"2\":\"0\",\"3\":\"0\",\"4\":\"0\",\"5\":\"2\",\"6\":\"1\"}}',0),(17,'0',3678,29044,'{\"loading\":{\"1\":\"2\",\"2\":\"0\",\"3\":\"0\",\"4\":\"1\",\"5\":\"2\",\"6\":\"1\"}}',1),(17,'0',3678,29045,'{\"loading\":{\"1\":\"2\",\"2\":\"0\",\"3\":\"0\",\"4\":\"0\",\"5\":\"2\",\"6\":\"1\"}}',0),(17,'0',3678,29045,'{\"loading\":{\"1\":\"2\",\"2\":\"0\",\"3\":\"0\",\"4\":\"1\",\"5\":\"2\",\"6\":\"1\"}}',1),(17,'0',3678,29050,'{\"firstCriticalIgnored\":{\"1\":\"\"}}',1),(17,'0',3678,29051,'{\"loading\":{\"1\":\"1\",\"2\":\"0\",\"3\":\"0\",\"4\":\"0\",\"5\":\"1\",\"6\":\"1\"}}',0),(17,'0',3678,29051,'{\"loading\":{\"1\":\"1\",\"2\":\"0\",\"3\":\"0\",\"4\":\"1\",\"5\":\"1\",\"6\":\"1\"}}',1),(17,'0',3678,29052,'{\"loading\":{\"1\":\"1\",\"2\":\"0\",\"3\":\"0\",\"4\":\"0\",\"5\":\"1\",\"6\":\"1\"}}',0),(17,'0',3678,29052,'{\"loading\":{\"1\":\"1\",\"2\":\"0\",\"3\":\"0\",\"4\":\"1\",\"5\":\"1\",\"6\":\"1\"}}',1),(17,'0',3678,29053,'{\"loading\":{\"1\":\"3\",\"2\":\"0\",\"3\":\"0\",\"4\":\"0\",\"5\":\"1\",\"6\":\"1\"}}',0),(17,'0',3678,29053,'{\"loading\":{\"1\":\"3\",\"2\":\"0\",\"3\":\"0\",\"4\":\"1\",\"5\":\"1\",\"6\":\"1\"}}',1),(17,'0',3678,29054,'{\"loading\":{\"1\":\"1\",\"2\":\"0\",\"3\":\"0\",\"4\":\"0\",\"5\":\"1\",\"6\":\"1\"}}',0),(17,'0',3678,29054,'{\"loading\":{\"1\":\"1\",\"2\":\"0\",\"3\":\"0\",\"4\":\"1\",\"5\":\"1\",\"6\":\"1\"}}',1),(17,'0',3679,29064,'{\"loading\":{\"1\":\"1\",\"2\":\"0\",\"3\":\"0\",\"4\":\"0\",\"5\":\"1\",\"6\":\"1\"}}',0),(17,'0',3679,29064,'{\"loading\":{\"1\":\"1\",\"2\":\"0\",\"3\":\"0\",\"4\":\"1\",\"5\":\"1\",\"6\":\"1\"}}',1),(17,'0',3679,29065,'{\"loading\":{\"1\":\"1\",\"2\":\"0\",\"3\":\"0\",\"4\":\"0\",\"5\":\"1\",\"6\":\"1\"}}',0),(17,'0',3679,29065,'{\"loading\":{\"1\":\"1\",\"2\":\"0\",\"3\":\"0\",\"4\":\"1\",\"5\":\"1\",\"6\":\"1\"}}',1),(17,'0',3679,29066,'{\"loading\":{\"1\":\"1\",\"2\":\"0\",\"3\":\"0\",\"4\":\"0\",\"5\":\"1\",\"6\":\"1\"}}',0),(17,'0',3679,29066,'{\"loading\":{\"1\":\"1\",\"2\":\"0\",\"3\":\"0\",\"4\":\"1\",\"5\":\"1\",\"6\":\"1\"}}',1),(17,'0',3679,29070,'{\"loading\":{\"1\":\"1\",\"2\":\"0\",\"3\":\"0\",\"4\":\"0\",\"5\":\"1\",\"6\":\"1\"}}',0),(17,'0',3679,29070,'{\"loading\":{\"1\":\"1\",\"2\":\"0\",\"3\":\"0\",\"4\":\"1\",\"5\":\"1\",\"6\":\"1\"}}',1),(17,'0',3679,29082,'{\"loading\":{\"1\":\"3\",\"2\":\"0\",\"3\":\"0\",\"4\":\"0\",\"5\":\"3\",\"6\":\"1\"}}',0),(17,'0',3679,29082,'{\"loading\":{\"1\":\"3\",\"2\":\"0\",\"3\":\"0\",\"4\":\"1\",\"5\":\"3\",\"6\":\"1\"}}',1),(17,'0',3679,29083,'{\"loading\":{\"1\":\"2\",\"2\":\"0\",\"3\":\"0\",\"4\":\"0\",\"5\":\"2\",\"6\":\"1\"}}',0),(17,'0',3679,29083,'{\"loading\":{\"1\":\"2\",\"2\":\"0\",\"3\":\"0\",\"4\":\"1\",\"5\":\"2\",\"6\":\"1\"}}',1),(17,'0',3679,29084,'{\"loading\":{\"1\":\"3\",\"2\":\"0\",\"3\":\"0\",\"4\":\"0\",\"5\":\"3\",\"6\":\"1\"}}',0),(17,'0',3679,29084,'{\"loading\":{\"1\":\"3\",\"2\":\"0\",\"3\":\"0\",\"4\":\"1\",\"5\":\"3\",\"6\":\"1\"}}',1),(17,'0',3680,29076,'{\"loading\":{\"1\":\"2\",\"2\":\"0\",\"3\":\"0\",\"4\":\"0\",\"5\":\"2\",\"6\":\"1\"}}',0),(17,'0',3680,29076,'{\"loading\":{\"1\":\"2\",\"2\":\"0\",\"3\":\"0\",\"4\":\"0\",\"5\":\"2\",\"6\":\"1\"}}',1),(17,'0',3680,29087,'{\"loading\":{\"1\":\"1\",\"2\":\"0\",\"3\":\"0\",\"4\":\"0\",\"5\":\"1\",\"6\":\"1\"}}',0),(17,'0',3680,29087,'{\"loading\":{\"1\":\"1\",\"2\":\"0\",\"3\":\"0\",\"4\":\"0\",\"5\":\"1\",\"6\":\"1\"}}',1),(17,'0',3680,29088,'{\"loading\":{\"1\":\"1\",\"2\":\"0\",\"3\":\"0\",\"4\":\"0\",\"5\":\"1\",\"6\":\"1\"}}',0),(17,'0',3680,29088,'{\"loading\":{\"1\":\"1\",\"2\":\"0\",\"3\":\"0\",\"4\":\"0\",\"5\":\"1\",\"6\":\"1\"}}',1),(18,'0',3676,29023,'{\"loading\":{\"1\":\"1\",\"2\":\"0\",\"3\":\"0\",\"4\":\"0\",\"5\":\"1\",\"6\":\"1\"}}',0),(18,'0',3676,29023,'{\"loading\":{\"1\":\"1\",\"2\":\"0\",\"3\":\"0\",\"4\":\"0\",\"5\":\"1\",\"6\":\"1\"}}',1),(18,'0',3676,29025,'{\"loading\":{\"1\":\"3\",\"2\":\"0\",\"3\":\"0\",\"4\":\"0\",\"5\":\"3\",\"6\":\"1\"}}',0),(18,'0',3676,29025,'{\"loading\":{\"1\":\"3\",\"2\":\"0\",\"3\":\"0\",\"4\":\"0\",\"5\":\"3\",\"6\":\"1\"}}',1),(18,'0',3676,29028,'{\"loading\":{\"1\":\"1\",\"2\":\"0\",\"3\":\"0\",\"4\":\"0\",\"5\":\"1\",\"6\":\"1\"}}',0),(18,'0',3676,29028,'{\"loading\":{\"1\":\"1\",\"2\":\"0\",\"3\":\"0\",\"4\":\"0\",\"5\":\"1\",\"6\":\"1\"}}',1),(18,'0',3676,29031,'{\"loading\":{\"1\":\"1\",\"2\":\"0\",\"3\":\"0\",\"4\":\"0\",\"5\":\"1\",\"6\":\"1\"}}',0),(18,'0',3676,29031,'{\"loading\":{\"1\":\"1\",\"2\":\"0\",\"3\":\"0\",\"4\":\"0\",\"5\":\"1\",\"6\":\"1\"}}',1),(18,'0',3676,29032,'{\"loading\":{\"1\":\"1\",\"2\":\"0\",\"3\":\"0\",\"4\":\"0\",\"5\":\"1\",\"6\":\"1\"}}',0),(18,'0',3676,29032,'{\"loading\":{\"1\":\"0\",\"2\":\"0\",\"3\":\"0\",\"4\":\"0\",\"5\":\"1\",\"6\":\"1\"}}',1),(18,'0',3677,29037,'{\"loading\":{\"1\":\"4\",\"2\":\"0\",\"3\":\"0\",\"4\":\"0\",\"5\":\"4\",\"6\":\"1\"}}',0),(18,'0',3677,29037,'{\"loading\":{\"1\":\"1\",\"2\":\"0\",\"3\":\"0\",\"4\":\"1\",\"5\":\"4\",\"6\":\"1\"}}',1),(18,'0',3677,29037,'{\"loading\":{\"1\":\"1\",\"2\":\"0\",\"3\":\"0\",\"4\":\"1\",\"5\":\"4\",\"6\":\"1\"}}',2),(18,'0',3677,29037,'{\"loading\":{\"1\":\"0\",\"2\":\"0\",\"3\":\"0\",\"4\":\"0\",\"5\":\"4\",\"6\":\"1\"}}',3),(18,'0',3677,29038,'{\"loading\":{\"1\":\"1\",\"2\":\"0\",\"3\":\"0\",\"4\":\"0\",\"5\":\"1\",\"6\":\"1\"}}',0),(18,'0',3677,29038,'{\"loading\":{\"1\":\"1\",\"2\":\"0\",\"3\":\"0\",\"4\":\"1\",\"5\":\"1\",\"6\":\"1\"}}',1),(18,'0',3677,29038,'{\"loading\":{\"1\":\"1\",\"2\":\"0\",\"3\":\"0\",\"4\":\"1\",\"5\":\"1\",\"6\":\"1\"}}',2),(18,'0',3677,29038,'{\"loading\":{\"1\":\"1\",\"2\":\"0\",\"3\":\"0\",\"4\":\"0\",\"5\":\"1\",\"6\":\"1\"}}',3),(18,'0',3677,29039,'{\"loading\":{\"1\":\"2\",\"2\":\"0\",\"3\":\"0\",\"4\":\"0\",\"5\":\"2\",\"6\":\"1\"}}',0),(18,'0',3677,29039,'{\"loading\":{\"1\":\"2\",\"2\":\"0\",\"3\":\"0\",\"4\":\"1\",\"5\":\"2\",\"6\":\"1\"}}',1),(18,'0',3677,29039,'{\"loading\":{\"1\":\"2\",\"2\":\"0\",\"3\":\"0\",\"4\":\"1\",\"5\":\"2\",\"6\":\"1\"}}',2),(18,'0',3677,29039,'{\"loading\":{\"1\":\"2\",\"2\":\"0\",\"3\":\"0\",\"4\":\"0\",\"5\":\"2\",\"6\":\"1\"}}',3),(18,'0',3677,29040,'{\"loading\":{\"1\":\"1\",\"2\":\"0\",\"3\":\"0\",\"4\":\"0\",\"5\":\"1\",\"6\":\"1\"}}',0),(18,'0',3677,29040,'{\"loading\":{\"1\":\"1\",\"2\":\"0\",\"3\":\"0\",\"4\":\"1\",\"5\":\"1\",\"6\":\"1\"}}',1),(18,'0',3677,29040,'{\"loading\":{\"1\":\"1\",\"2\":\"0\",\"3\":\"0\",\"4\":\"1\",\"5\":\"1\",\"6\":\"1\"}}',2),(18,'0',3677,29040,'{\"loading\":{\"1\":\"1\",\"2\":\"0\",\"3\":\"0\",\"4\":\"0\",\"5\":\"1\",\"6\":\"1\"}}',3),(18,'0',3677,29057,'{\"loading\":{\"1\":\"1\",\"2\":\"0\",\"3\":\"0\",\"4\":\"0\",\"5\":\"1\",\"6\":\"1\"}}',0),(18,'0',3677,29057,'{\"loading\":{\"1\":\"1\",\"2\":\"0\",\"3\":\"0\",\"4\":\"1\",\"5\":\"1\",\"6\":\"1\"}}',1),(18,'0',3677,29057,'{\"loading\":{\"1\":\"1\",\"2\":\"0\",\"3\":\"0\",\"4\":\"1\",\"5\":\"1\",\"6\":\"1\"}}',2),(18,'0',3677,29057,'{\"loading\":{\"1\":\"1\",\"2\":\"0\",\"3\":\"0\",\"4\":\"0\",\"5\":\"1\",\"6\":\"1\"}}',3),(18,'0',3677,29063,'{\"loading\":{\"1\":\"1\",\"2\":\"0\",\"3\":\"0\",\"4\":\"0\",\"5\":\"1\",\"6\":\"1\"}}',0),(18,'0',3677,29063,'{\"loading\":{\"1\":\"1\",\"2\":\"0\",\"3\":\"0\",\"4\":\"1\",\"5\":\"1\",\"6\":\"1\"}}',1),(18,'0',3677,29063,'{\"loading\":{\"1\":\"1\",\"2\":\"0\",\"3\":\"0\",\"4\":\"1\",\"5\":\"1\",\"6\":\"1\"}}',2),(18,'0',3677,29063,'{\"loading\":{\"1\":\"1\",\"2\":\"0\",\"3\":\"0\",\"4\":\"0\",\"5\":\"1\",\"6\":\"1\"}}',3),(18,'0',3678,29043,'{\"loading\":{\"1\":\"1\",\"2\":\"0\",\"3\":\"0\",\"4\":\"0\",\"5\":\"1\",\"6\":\"1\"}}',0),(18,'0',3678,29043,'{\"loading\":{\"1\":\"1\",\"2\":\"0\",\"3\":\"0\",\"4\":\"1\",\"5\":\"1\",\"6\":\"1\"}}',1),(18,'0',3678,29048,'{\"loading\":{\"1\":\"1\",\"2\":\"0\",\"3\":\"0\",\"4\":\"0\",\"5\":\"1\",\"6\":\"1\"}}',0),(18,'0',3678,29048,'{\"loading\":{\"1\":\"1\",\"2\":\"0\",\"3\":\"0\",\"4\":\"1\",\"5\":\"1\",\"6\":\"1\"}}',1),(18,'0',3678,29053,'{\"loading\":{\"1\":\"4\",\"2\":\"0\",\"3\":\"0\",\"4\":\"0\",\"5\":\"4\",\"6\":\"1\"}}',0),(18,'0',3678,29053,'{\"loading\":{\"1\":\"4\",\"2\":\"0\",\"3\":\"0\",\"4\":\"1\",\"5\":\"4\",\"6\":\"1\"}}',1),(18,'0',3678,29054,'{\"loading\":{\"1\":\"3\",\"2\":\"0\",\"3\":\"0\",\"4\":\"0\",\"5\":\"3\",\"6\":\"1\"}}',0),(18,'0',3678,29054,'{\"loading\":{\"1\":\"3\",\"2\":\"0\",\"3\":\"0\",\"4\":\"1\",\"5\":\"3\",\"6\":\"1\"}}',1),(18,'0',3679,29069,'{\"loading\":{\"1\":\"2\",\"2\":\"0\",\"3\":\"0\",\"4\":\"0\",\"5\":\"2\",\"6\":\"1\"}}',0),(18,'0',3679,29069,'{\"loading\":{\"1\":\"2\",\"2\":\"0\",\"3\":\"0\",\"4\":\"1\",\"5\":\"2\",\"6\":\"1\"}}',1),(18,'0',3679,29070,'{\"loading\":{\"1\":\"3\",\"2\":\"0\",\"3\":\"0\",\"4\":\"0\",\"5\":\"3\",\"6\":\"1\"}}',0),(18,'0',3679,29070,'{\"loading\":{\"1\":\"3\",\"2\":\"0\",\"3\":\"0\",\"4\":\"1\",\"5\":\"3\",\"6\":\"1\"}}',1),(18,'0',3679,29079,'{\"loading\":{\"1\":\"4\",\"2\":\"0\",\"3\":\"0\",\"4\":\"0\",\"5\":\"4\",\"6\":\"1\"}}',0),(18,'0',3679,29079,'{\"loading\":{\"1\":\"4\",\"2\":\"0\",\"3\":\"0\",\"4\":\"1\",\"5\":\"4\",\"6\":\"1\"}}',1),(18,'0',3679,29082,'{\"loading\":{\"1\":\"1\",\"2\":\"0\",\"3\":\"0\",\"4\":\"0\",\"5\":\"1\",\"6\":\"1\"}}',0),(18,'0',3679,29082,'{\"loading\":{\"1\":\"1\",\"2\":\"0\",\"3\":\"0\",\"4\":\"1\",\"5\":\"1\",\"6\":\"1\"}}',1),(18,'0',3679,29083,'{\"loading\":{\"1\":\"1\",\"2\":\"0\",\"3\":\"0\",\"4\":\"0\",\"5\":\"1\",\"6\":\"1\"}}',0),(18,'0',3679,29083,'{\"loading\":{\"1\":\"1\",\"2\":\"0\",\"3\":\"0\",\"4\":\"1\",\"5\":\"1\",\"6\":\"1\"}}',1),(18,'0',3679,29084,'{\"loading\":{\"1\":\"1\",\"2\":\"0\",\"3\":\"0\",\"4\":\"0\",\"5\":\"1\",\"6\":\"1\"}}',0),(18,'0',3679,29084,'{\"loading\":{\"1\":\"1\",\"2\":\"0\",\"3\":\"0\",\"4\":\"1\",\"5\":\"1\",\"6\":\"1\"}}',1),(18,'0',3680,29076,'{\"loading\":{\"1\":\"2\",\"2\":\"0\",\"3\":\"0\",\"4\":\"0\",\"5\":\"2\",\"6\":\"1\"}}',0),(18,'0',3680,29076,'{\"loading\":{\"1\":\"2\",\"2\":\"0\",\"3\":\"0\",\"4\":\"0\",\"5\":\"2\",\"6\":\"1\"}}',1),(18,'0',3680,29087,'{\"loading\":{\"1\":\"1\",\"2\":\"0\",\"3\":\"0\",\"4\":\"0\",\"5\":\"1\",\"6\":\"1\"}}',0),(18,'0',3680,29087,'{\"loading\":{\"1\":\"1\",\"2\":\"0\",\"3\":\"0\",\"4\":\"0\",\"5\":\"1\",\"6\":\"1\"}}',1),(18,'0',3680,29088,'{\"loading\":{\"1\":\"1\",\"2\":\"0\",\"3\":\"0\",\"4\":\"0\",\"5\":\"1\",\"6\":\"1\"}}',0),(18,'0',3680,29088,'{\"loading\":{\"1\":\"1\",\"2\":\"0\",\"3\":\"0\",\"4\":\"0\",\"5\":\"1\",\"6\":\"1\"}}',1),(19,'0',3676,29023,'{\"loading\":{\"1\":\"1\",\"2\":\"0\",\"3\":\"0\",\"4\":\"0\",\"5\":\"1\",\"6\":\"1\"}}',0),(19,'0',3676,29023,'{\"loading\":{\"1\":\"0\",\"2\":\"0\",\"3\":\"0\",\"4\":\"0\",\"5\":\"1\",\"6\":\"1\"}}',1),(19,'0',3676,29025,'{\"loading\":{\"1\":\"2\",\"2\":\"0\",\"3\":\"0\",\"4\":\"0\",\"5\":\"2\",\"6\":\"1\"}}',0),(19,'0',3676,29025,'{\"loading\":{\"1\":\"0\",\"2\":\"0\",\"3\":\"0\",\"4\":\"0\",\"5\":\"2\",\"6\":\"1\"}}',1),(19,'0',3676,29032,'{\"loading\":{\"1\":\"1\",\"2\":\"0\",\"3\":\"0\",\"4\":\"0\",\"5\":\"1\",\"6\":\"1\"}}',0),(19,'0',3676,29032,'{\"loading\":{\"1\":\"0\",\"2\":\"0\",\"3\":\"0\",\"4\":\"0\",\"5\":\"1\",\"6\":\"1\"}}',1),(19,'0',3676,29035,'{\"loading\":{\"1\":\"1\",\"2\":\"0\",\"3\":\"0\",\"4\":\"0\",\"5\":\"1\",\"6\":\"1\"}}',0),(19,'0',3676,29035,'{\"loading\":{\"1\":\"0\",\"2\":\"0\",\"3\":\"0\",\"4\":\"0\",\"5\":\"1\",\"6\":\"1\"}}',1),(19,'0',3677,29037,'{\"loading\":{\"1\":\"4\",\"2\":\"0\",\"3\":\"0\",\"4\":\"0\",\"5\":\"4\",\"6\":\"1\"}}',0),(19,'0',3677,29037,'{\"loading\":{\"1\":\"1\",\"2\":\"0\",\"3\":\"0\",\"4\":\"1\",\"5\":\"4\",\"6\":\"1\"}}',1),(19,'0',3677,29037,'{\"loading\":{\"1\":\"1\",\"2\":\"0\",\"3\":\"0\",\"4\":\"1\",\"5\":\"4\",\"6\":\"1\"}}',2),(19,'0',3677,29037,'{\"loading\":{\"1\":\"0\",\"2\":\"0\",\"3\":\"0\",\"4\":\"0\",\"5\":\"4\",\"6\":\"1\"}}',3),(19,'0',3677,29038,'{\"loading\":{\"1\":\"1\",\"2\":\"0\",\"3\":\"0\",\"4\":\"0\",\"5\":\"1\",\"6\":\"1\"}}',0),(19,'0',3677,29038,'{\"loading\":{\"1\":\"1\",\"2\":\"0\",\"3\":\"0\",\"4\":\"1\",\"5\":\"1\",\"6\":\"1\"}}',1),(19,'0',3677,29038,'{\"loading\":{\"1\":\"1\",\"2\":\"0\",\"3\":\"0\",\"4\":\"1\",\"5\":\"1\",\"6\":\"1\"}}',2),(19,'0',3677,29038,'{\"loading\":{\"1\":\"1\",\"2\":\"0\",\"3\":\"0\",\"4\":\"0\",\"5\":\"1\",\"6\":\"1\"}}',3),(19,'0',3677,29039,'{\"loading\":{\"1\":\"1\",\"2\":\"0\",\"3\":\"0\",\"4\":\"0\",\"5\":\"1\",\"6\":\"1\"}}',0),(19,'0',3677,29039,'{\"loading\":{\"1\":\"1\",\"2\":\"0\",\"3\":\"0\",\"4\":\"1\",\"5\":\"1\",\"6\":\"1\"}}',1),(19,'0',3677,29039,'{\"loading\":{\"1\":\"1\",\"2\":\"0\",\"3\":\"0\",\"4\":\"1\",\"5\":\"1\",\"6\":\"1\"}}',2),(19,'0',3677,29039,'{\"loading\":{\"1\":\"1\",\"2\":\"0\",\"3\":\"0\",\"4\":\"0\",\"5\":\"1\",\"6\":\"1\"}}',3),(19,'0',3677,29057,'{\"loading\":{\"1\":\"1\",\"2\":\"0\",\"3\":\"0\",\"4\":\"0\",\"5\":\"1\",\"6\":\"1\"}}',0),(19,'0',3677,29057,'{\"loading\":{\"1\":\"1\",\"2\":\"0\",\"3\":\"0\",\"4\":\"1\",\"5\":\"1\",\"6\":\"1\"}}',1),(19,'0',3677,29057,'{\"loading\":{\"1\":\"1\",\"2\":\"0\",\"3\":\"0\",\"4\":\"1\",\"5\":\"1\",\"6\":\"1\"}}',2),(19,'0',3677,29057,'{\"loading\":{\"1\":\"1\",\"2\":\"0\",\"3\":\"0\",\"4\":\"0\",\"5\":\"1\",\"6\":\"1\"}}',3),(19,'0',3677,29063,'{\"loading\":{\"1\":\"1\",\"2\":\"0\",\"3\":\"0\",\"4\":\"0\",\"5\":\"1\",\"6\":\"1\"}}',0),(19,'0',3677,29063,'{\"loading\":{\"1\":\"1\",\"2\":\"0\",\"3\":\"0\",\"4\":\"1\",\"5\":\"1\",\"6\":\"1\"}}',1),(19,'0',3677,29063,'{\"loading\":{\"1\":\"1\",\"2\":\"0\",\"3\":\"0\",\"4\":\"1\",\"5\":\"1\",\"6\":\"1\"}}',2),(19,'0',3677,29063,'{\"loading\":{\"1\":\"1\",\"2\":\"0\",\"3\":\"0\",\"4\":\"0\",\"5\":\"1\",\"6\":\"1\"}}',3),(19,'0',3678,29043,'{\"loading\":{\"1\":\"1\",\"2\":\"0\",\"3\":\"0\",\"4\":\"0\",\"5\":\"1\",\"6\":\"1\"}}',0),(19,'0',3678,29043,'{\"loading\":{\"1\":\"1\",\"2\":\"0\",\"3\":\"0\",\"4\":\"1\",\"5\":\"1\",\"6\":\"1\"}}',1),(19,'0',3678,29050,'{\"loading\":{\"1\":\"3\",\"2\":\"0\",\"3\":\"0\",\"4\":\"0\",\"5\":\"1\",\"6\":\"1\"}}',0),(19,'0',3678,29050,'{\"loading\":{\"1\":\"3\",\"2\":\"0\",\"3\":\"0\",\"4\":\"1\",\"5\":\"1\",\"6\":\"1\"}}',1),(19,'0',3678,29053,'{\"loading\":{\"1\":\"3\",\"2\":\"0\",\"3\":\"0\",\"4\":\"0\",\"5\":\"1\",\"6\":\"1\"}}',0),(19,'0',3678,29053,'{\"loading\":{\"1\":\"3\",\"2\":\"0\",\"3\":\"0\",\"4\":\"1\",\"5\":\"1\",\"6\":\"1\"}}',1),(19,'0',3679,29069,'{\"loading\":{\"1\":\"1\",\"2\":\"0\",\"3\":\"0\",\"4\":\"0\",\"5\":\"1\",\"6\":\"1\"}}',0),(19,'0',3679,29069,'{\"loading\":{\"1\":\"1\",\"2\":\"0\",\"3\":\"0\",\"4\":\"1\",\"5\":\"1\",\"6\":\"1\"}}',1),(19,'0',3679,29079,'{\"loading\":{\"1\":\"4\",\"2\":\"0\",\"3\":\"0\",\"4\":\"0\",\"5\":\"4\",\"6\":\"1\"}}',0),(19,'0',3679,29079,'{\"loading\":{\"1\":\"4\",\"2\":\"0\",\"3\":\"0\",\"4\":\"1\",\"5\":\"4\",\"6\":\"1\"}}',1),(19,'0',3679,29082,'{\"loading\":{\"1\":\"1\",\"2\":\"0\",\"3\":\"0\",\"4\":\"0\",\"5\":\"1\",\"6\":\"1\"}}',0),(19,'0',3679,29082,'{\"loading\":{\"1\":\"1\",\"2\":\"0\",\"3\":\"0\",\"4\":\"1\",\"5\":\"1\",\"6\":\"1\"}}',1),(19,'0',3679,29084,'{\"loading\":{\"1\":\"1\",\"2\":\"0\",\"3\":\"0\",\"4\":\"0\",\"5\":\"1\",\"6\":\"1\"}}',0),(19,'0',3679,29084,'{\"loading\":{\"1\":\"1\",\"2\":\"0\",\"3\":\"0\",\"4\":\"1\",\"5\":\"1\",\"6\":\"1\"}}',1),(19,'0',3680,29073,'{\"loading\":{\"1\":\"4\",\"2\":\"0\",\"3\":\"0\",\"4\":\"0\",\"5\":\"4\",\"6\":\"1\"}}',0),(19,'0',3680,29073,'{\"loading\":{\"1\":\"4\",\"2\":\"0\",\"3\":\"0\",\"4\":\"0\",\"5\":\"4\",\"6\":\"1\"}}',1),(19,'0',3680,29074,'{\"loading\":{\"1\":\"1\",\"2\":\"0\",\"3\":\"0\",\"4\":\"0\",\"5\":\"1\",\"6\":\"1\"}}',0),(19,'0',3680,29074,'{\"loading\":{\"1\":\"0\",\"2\":\"0\",\"3\":\"0\",\"4\":\"0\",\"5\":\"1\",\"6\":\"1\"}}',1),(19,'0',3680,29075,'{\"loading\":{\"1\":\"1\",\"2\":\"0\",\"3\":\"0\",\"4\":\"0\",\"5\":\"1\",\"6\":\"1\"}}',0),(19,'0',3680,29075,'{\"loading\":{\"1\":\"0\",\"2\":\"0\",\"3\":\"0\",\"4\":\"0\",\"5\":\"1\",\"6\":\"1\"}}',1),(19,'0',3680,29076,'{\"loading\":{\"1\":\"2\",\"2\":\"0\",\"3\":\"0\",\"4\":\"0\",\"5\":\"2\",\"6\":\"1\"}}',0),(19,'0',3680,29076,'{\"loading\":{\"1\":\"2\",\"2\":\"0\",\"3\":\"0\",\"4\":\"0\",\"5\":\"2\",\"6\":\"1\"}}',1),(19,'0',3680,29085,'{\"loading\":{\"1\":\"3\",\"2\":\"0\",\"3\":\"0\",\"4\":\"0\",\"5\":\"3\",\"6\":\"1\"}}',0),(19,'0',3680,29085,'{\"loading\":{\"1\":\"3\",\"2\":\"0\",\"3\":\"0\",\"4\":\"0\",\"5\":\"3\",\"6\":\"1\"}}',1),(19,'0',3680,29086,'{\"loading\":{\"1\":\"1\",\"2\":\"0\",\"3\":\"0\",\"4\":\"0\",\"5\":\"1\",\"6\":\"1\"}}',0),(19,'0',3680,29086,'{\"loading\":{\"1\":\"1\",\"2\":\"0\",\"3\":\"0\",\"4\":\"0\",\"5\":\"1\",\"6\":\"1\"}}',1),(19,'0',3680,29090,'{\"loading\":{\"1\":\"1\",\"2\":\"0\",\"3\":\"0\",\"4\":\"0\",\"5\":\"1\",\"6\":\"1\"}}',0),(19,'0',3680,29090,'{\"loading\":{\"1\":\"1\",\"2\":\"0\",\"3\":\"0\",\"4\":\"0\",\"5\":\"1\",\"6\":\"1\"}}',1),(20,'0',3676,29035,'{\"loading\":{\"1\":\"1\",\"2\":\"0\",\"3\":\"0\",\"4\":\"0\",\"5\":\"1\",\"6\":\"1\"}}',0),(20,'0',3676,29035,'{\"loading\":{\"1\":\"1\",\"2\":\"0\",\"3\":\"0\",\"4\":\"0\",\"5\":\"1\",\"6\":\"1\"}}',1),(20,'0',3677,29037,'{\"loading\":{\"1\":\"1\",\"2\":\"0\",\"3\":\"0\",\"4\":\"0\",\"5\":\"1\",\"6\":\"1\"}}',0),(20,'0',3677,29037,'{\"loading\":{\"1\":\"1\",\"2\":\"0\",\"3\":\"0\",\"4\":\"1\",\"5\":\"1\",\"6\":\"1\"}}',1),(20,'0',3677,29037,'{\"loading\":{\"1\":\"1\",\"2\":\"0\",\"3\":\"0\",\"4\":\"1\",\"5\":\"1\",\"6\":\"1\"}}',2),(20,'0',3677,29037,'{\"loading\":{\"1\":\"1\",\"2\":\"0\",\"3\":\"0\",\"4\":\"0\",\"5\":\"1\",\"6\":\"1\"}}',3),(20,'0',3677,29038,'{\"loading\":{\"1\":\"1\",\"2\":\"0\",\"3\":\"0\",\"4\":\"0\",\"5\":\"1\",\"6\":\"1\"}}',0),(20,'0',3677,29038,'{\"loading\":{\"1\":\"1\",\"2\":\"0\",\"3\":\"0\",\"4\":\"1\",\"5\":\"1\",\"6\":\"1\"}}',1),(20,'0',3677,29038,'{\"loading\":{\"1\":\"1\",\"2\":\"0\",\"3\":\"0\",\"4\":\"1\",\"5\":\"1\",\"6\":\"1\"}}',2),(20,'0',3677,29038,'{\"loading\":{\"1\":\"1\",\"2\":\"0\",\"3\":\"0\",\"4\":\"0\",\"5\":\"1\",\"6\":\"1\"}}',3),(20,'0',3678,29043,'{\"loading\":{\"1\":\"1\",\"2\":\"0\",\"3\":\"0\",\"4\":\"0\",\"5\":\"1\",\"6\":\"1\"}}',0),(20,'0',3678,29043,'{\"loading\":{\"1\":\"1\",\"2\":\"0\",\"3\":\"0\",\"4\":\"1\",\"5\":\"1\",\"6\":\"1\"}}',1),(20,'0',3678,29050,'{\"loading\":{\"1\":\"4\",\"2\":\"0\",\"3\":\"0\",\"4\":\"0\",\"5\":\"4\",\"6\":\"1\"}}',0),(20,'0',3678,29050,'{\"loading\":{\"1\":\"4\",\"2\":\"0\",\"3\":\"0\",\"4\":\"1\",\"5\":\"4\",\"6\":\"1\"}}',1),(20,'0',3679,29065,'{\"loading\":{\"1\":\"1\",\"2\":\"0\",\"3\":\"0\",\"4\":\"0\",\"5\":\"1\",\"6\":\"1\"}}',0),(20,'0',3679,29065,'{\"loading\":{\"1\":\"1\",\"2\":\"0\",\"3\":\"0\",\"4\":\"1\",\"5\":\"1\",\"6\":\"1\"}}',1),(20,'0',3679,29066,'{\"loading\":{\"1\":\"1\",\"2\":\"0\",\"3\":\"0\",\"4\":\"0\",\"5\":\"1\",\"6\":\"1\"}}',0),(20,'0',3679,29066,'{\"loading\":{\"1\":\"1\",\"2\":\"0\",\"3\":\"0\",\"4\":\"1\",\"5\":\"1\",\"6\":\"1\"}}',1),(20,'0',3679,29069,'{\"loading\":{\"1\":\"1\",\"2\":\"0\",\"3\":\"0\",\"4\":\"0\",\"5\":\"1\",\"6\":\"1\"}}',0),(20,'0',3679,29069,'{\"loading\":{\"1\":\"1\",\"2\":\"0\",\"3\":\"0\",\"4\":\"1\",\"5\":\"1\",\"6\":\"1\"}}',1),(20,'0',3679,29079,'{\"loading\":{\"1\":\"1\",\"2\":\"0\",\"3\":\"0\",\"4\":\"0\",\"5\":\"1\",\"6\":\"1\"}}',0),(20,'0',3679,29079,'{\"loading\":{\"1\":\"1\",\"2\":\"0\",\"3\":\"0\",\"4\":\"1\",\"5\":\"1\",\"6\":\"1\"}}',1),(20,'0',3679,29082,'{\"loading\":{\"1\":\"1\",\"2\":\"0\",\"3\":\"0\",\"4\":\"0\",\"5\":\"1\",\"6\":\"1\"}}',0),(20,'0',3679,29082,'{\"loading\":{\"1\":\"1\",\"2\":\"0\",\"3\":\"0\",\"4\":\"1\",\"5\":\"1\",\"6\":\"1\"}}',1),(20,'0',3679,29084,'{\"loading\":{\"1\":\"1\",\"2\":\"0\",\"3\":\"0\",\"4\":\"0\",\"5\":\"1\",\"6\":\"1\"}}',0),(20,'0',3679,29084,'{\"loading\":{\"1\":\"1\",\"2\":\"0\",\"3\":\"0\",\"4\":\"1\",\"5\":\"1\",\"6\":\"1\"}}',1),(20,'0',3680,29073,'{\"loading\":{\"1\":\"1\",\"2\":\"0\",\"3\":\"0\",\"4\":\"0\",\"5\":\"1\",\"6\":\"1\"}}',0),(20,'0',3680,29073,'{\"loading\":{\"1\":\"0\",\"2\":\"0\",\"3\":\"0\",\"4\":\"0\",\"5\":\"1\",\"6\":\"1\"}}',1),(20,'0',3680,29074,'{\"loading\":{\"1\":\"1\",\"2\":\"0\",\"3\":\"0\",\"4\":\"0\",\"5\":\"1\",\"6\":\"1\"}}',0),(20,'0',3680,29074,'{\"loading\":{\"1\":\"1\",\"2\":\"0\",\"3\":\"0\",\"4\":\"0\",\"5\":\"1\",\"6\":\"1\"}}',1),(20,'0',3680,29075,'{\"loading\":{\"1\":\"1\",\"2\":\"0\",\"3\":\"0\",\"4\":\"0\",\"5\":\"1\",\"6\":\"1\"}}',0),(20,'0',3680,29075,'{\"loading\":{\"1\":\"1\",\"2\":\"0\",\"3\":\"0\",\"4\":\"0\",\"5\":\"1\",\"6\":\"1\"}}',1),(20,'0',3680,29076,'{\"loading\":{\"1\":\"2\",\"2\":\"0\",\"3\":\"0\",\"4\":\"0\",\"5\":\"2\",\"6\":\"1\"}}',0),(20,'0',3680,29076,'{\"loading\":{\"1\":\"2\",\"2\":\"0\",\"3\":\"0\",\"4\":\"0\",\"5\":\"2\",\"6\":\"1\"}}',1),(20,'0',3680,29085,'{\"loading\":{\"1\":\"1\",\"2\":\"0\",\"3\":\"0\",\"4\":\"0\",\"5\":\"1\",\"6\":\"1\"}}',0),(20,'0',3680,29085,'{\"loading\":{\"1\":\"1\",\"2\":\"0\",\"3\":\"0\",\"4\":\"0\",\"5\":\"1\",\"6\":\"1\"}}',1),(20,'0',3680,29086,'{\"loading\":{\"1\":\"1\",\"2\":\"0\",\"3\":\"0\",\"4\":\"0\",\"5\":\"1\",\"6\":\"1\"}}',0),(20,'0',3680,29086,'{\"loading\":{\"1\":\"1\",\"2\":\"0\",\"3\":\"0\",\"4\":\"0\",\"5\":\"1\",\"6\":\"1\"}}',1),(20,'0',3680,29087,'{\"loading\":{\"1\":\"1\",\"2\":\"0\",\"3\":\"0\",\"4\":\"0\",\"5\":\"1\",\"6\":\"1\"}}',0),(20,'0',3680,29087,'{\"loading\":{\"1\":\"1\",\"2\":\"0\",\"3\":\"0\",\"4\":\"0\",\"5\":\"1\",\"6\":\"1\"}}',1),(20,'0',3680,29088,'{\"loading\":{\"1\":\"1\",\"2\":\"0\",\"3\":\"0\",\"4\":\"0\",\"5\":\"1\",\"6\":\"1\"}}',0),(20,'0',3680,29088,'{\"loading\":{\"1\":\"1\",\"2\":\"0\",\"3\":\"0\",\"4\":\"0\",\"5\":\"1\",\"6\":\"1\"}}',1),(20,'0',3680,29090,'{\"loading\":{\"1\":\"1\",\"2\":\"0\",\"3\":\"0\",\"4\":\"0\",\"5\":\"1\",\"6\":\"1\"}}',0),(20,'0',3680,29090,'{\"loading\":{\"1\":\"1\",\"2\":\"0\",\"3\":\"0\",\"4\":\"0\",\"5\":\"1\",\"6\":\"1\"}}',1),(21,'0',3676,29023,'{\"loading\":{\"1\":\"3\",\"2\":\"0\",\"3\":\"0\",\"4\":\"0\",\"5\":\"3\",\"6\":\"1\"}}',0),(21,'0',3676,29023,'{\"loading\":{\"1\":\"3\",\"2\":\"0\",\"3\":\"0\",\"4\":\"0\",\"5\":\"3\",\"6\":\"1\"}}',1),(21,'0',3677,29037,'{\"loading\":{\"1\":\"1\",\"2\":\"0\",\"3\":\"0\",\"4\":\"0\",\"5\":\"1\",\"6\":\"1\"}}',0),(21,'0',3677,29037,'{\"loading\":{\"1\":\"1\",\"2\":\"0\",\"3\":\"0\",\"4\":\"1\",\"5\":\"1\",\"6\":\"1\"}}',1),(21,'0',3677,29037,'{\"loading\":{\"1\":\"1\",\"2\":\"0\",\"3\":\"0\",\"4\":\"1\",\"5\":\"1\",\"6\":\"1\"}}',2),(21,'0',3677,29037,'{\"loading\":{\"1\":\"0\",\"2\":\"0\",\"3\":\"0\",\"4\":\"0\",\"5\":\"1\",\"6\":\"1\"}}',3),(21,'0',3677,29057,'{\"loading\":{\"1\":\"3\",\"2\":\"0\",\"3\":\"0\",\"4\":\"0\",\"5\":\"3\",\"6\":\"1\"}}',0),(21,'0',3677,29057,'{\"loading\":{\"1\":\"3\",\"2\":\"0\",\"3\":\"0\",\"4\":\"1\",\"5\":\"3\",\"6\":\"1\"}}',1),(21,'0',3677,29057,'{\"loading\":{\"1\":\"3\",\"2\":\"0\",\"3\":\"0\",\"4\":\"1\",\"5\":\"3\",\"6\":\"1\"}}',2),(21,'0',3677,29057,'{\"loading\":{\"1\":\"3\",\"2\":\"0\",\"3\":\"0\",\"4\":\"0\",\"5\":\"3\",\"6\":\"1\"}}',3),(21,'0',3678,29043,'{\"loading\":{\"1\":\"1\",\"2\":\"0\",\"3\":\"0\",\"4\":\"0\",\"5\":\"1\",\"6\":\"1\"}}',0),(21,'0',3678,29043,'{\"loading\":{\"1\":\"1\",\"2\":\"0\",\"3\":\"0\",\"4\":\"1\",\"5\":\"1\",\"6\":\"1\"}}',1),(21,'0',3678,29046,'{\"loading\":{\"1\":\"3\",\"2\":\"0\",\"3\":\"0\",\"4\":\"0\",\"5\":\"3\",\"6\":\"1\"}}',0),(21,'0',3678,29046,'{\"loading\":{\"1\":\"3\",\"2\":\"0\",\"3\":\"0\",\"4\":\"1\",\"5\":\"3\",\"6\":\"1\"}}',1),(21,'0',3678,29053,'{\"firstCriticalIgnored\":{\"1\":\"\"}}',1),(21,'0',3679,29079,'{\"loading\":{\"1\":\"1\",\"2\":\"0\",\"3\":\"0\",\"4\":\"0\",\"5\":\"1\",\"6\":\"1\"}}',0),(21,'0',3679,29079,'{\"loading\":{\"1\":\"1\",\"2\":\"0\",\"3\":\"0\",\"4\":\"1\",\"5\":\"1\",\"6\":\"1\"}}',1),(21,'0',3679,29082,'{\"loading\":{\"1\":\"1\",\"2\":\"0\",\"3\":\"0\",\"4\":\"0\",\"5\":\"1\",\"6\":\"1\"}}',0),(21,'0',3679,29082,'{\"loading\":{\"1\":\"1\",\"2\":\"0\",\"3\":\"0\",\"4\":\"1\",\"5\":\"1\",\"6\":\"1\"}}',1),(21,'0',3679,29084,'{\"loading\":{\"1\":\"1\",\"2\":\"0\",\"3\":\"0\",\"4\":\"0\",\"5\":\"1\",\"6\":\"1\"}}',0),(21,'0',3679,29084,'{\"loading\":{\"1\":\"1\",\"2\":\"0\",\"3\":\"0\",\"4\":\"1\",\"5\":\"1\",\"6\":\"1\"}}',1),(21,'0',3680,29073,'{\"loading\":{\"1\":\"1\",\"2\":\"0\",\"3\":\"0\",\"4\":\"0\",\"5\":\"1\",\"6\":\"1\"}}',0),(21,'0',3680,29073,'{\"loading\":{\"1\":\"1\",\"2\":\"0\",\"3\":\"0\",\"4\":\"0\",\"5\":\"1\",\"6\":\"1\"}}',1),(21,'0',3680,29086,'{\"loading\":{\"1\":\"2\",\"2\":\"0\",\"3\":\"0\",\"4\":\"0\",\"5\":\"2\",\"6\":\"1\"}}',0),(21,'0',3680,29086,'{\"loading\":{\"1\":\"2\",\"2\":\"0\",\"3\":\"0\",\"4\":\"0\",\"5\":\"2\",\"6\":\"1\"}}',1),(21,'0',3680,29090,'{\"loading\":{\"1\":\"2\",\"2\":\"0\",\"3\":\"0\",\"4\":\"0\",\"5\":\"2\",\"6\":\"1\"}}',0),(21,'0',3680,29090,'{\"loading\":{\"1\":\"2\",\"2\":\"0\",\"3\":\"0\",\"4\":\"0\",\"5\":\"2\",\"6\":\"1\"}}',1),(22,'0',3676,29023,'{\"loading\":{\"1\":\"3\",\"2\":\"0\",\"3\":\"0\",\"4\":\"0\",\"5\":\"3\",\"6\":\"1\"}}',0),(22,'0',3676,29023,'{\"loading\":{\"1\":\"3\",\"2\":\"0\",\"3\":\"0\",\"4\":\"0\",\"5\":\"3\",\"6\":\"1\"}}',1),(22,'0',3676,29035,'{\"loading\":{\"1\":\"1\",\"2\":\"0\",\"3\":\"0\",\"4\":\"0\",\"5\":\"1\",\"6\":\"1\"}}',0),(22,'0',3676,29035,'{\"loading\":{\"1\":\"0\",\"2\":\"0\",\"3\":\"0\",\"4\":\"0\",\"5\":\"1\",\"6\":\"1\"}}',1),(22,'0',3677,29038,'{\"loading\":{\"1\":\"1\",\"2\":\"0\",\"3\":\"0\",\"4\":\"0\",\"5\":\"1\",\"6\":\"1\"}}',0),(22,'0',3677,29038,'{\"loading\":{\"1\":\"1\",\"2\":\"0\",\"3\":\"0\",\"4\":\"1\",\"5\":\"1\",\"6\":\"1\"}}',1),(22,'0',3677,29038,'{\"loading\":{\"1\":\"1\",\"2\":\"0\",\"3\":\"0\",\"4\":\"1\",\"5\":\"1\",\"6\":\"1\"}}',2),(22,'0',3677,29038,'{\"loading\":{\"1\":\"1\",\"2\":\"0\",\"3\":\"0\",\"4\":\"0\",\"5\":\"1\",\"6\":\"1\"}}',3),(22,'0',3677,29040,'{\"loading\":{\"1\":\"3\",\"2\":\"0\",\"3\":\"0\",\"4\":\"0\",\"5\":\"3\",\"6\":\"1\"}}',0),(22,'0',3677,29040,'{\"loading\":{\"1\":\"3\",\"2\":\"0\",\"3\":\"0\",\"4\":\"1\",\"5\":\"3\",\"6\":\"1\"}}',1),(22,'0',3677,29040,'{\"loading\":{\"1\":\"3\",\"2\":\"0\",\"3\":\"0\",\"4\":\"1\",\"5\":\"3\",\"6\":\"1\"}}',2),(22,'0',3677,29040,'{\"loading\":{\"1\":\"3\",\"2\":\"0\",\"3\":\"0\",\"4\":\"0\",\"5\":\"3\",\"6\":\"1\"}}',3),(22,'0',3677,29057,'{\"loading\":{\"1\":\"3\",\"2\":\"0\",\"3\":\"0\",\"4\":\"0\",\"5\":\"3\",\"6\":\"1\"}}',0),(22,'0',3677,29057,'{\"loading\":{\"1\":\"3\",\"2\":\"0\",\"3\":\"0\",\"4\":\"1\",\"5\":\"3\",\"6\":\"1\"}}',1),(22,'0',3677,29057,'{\"loading\":{\"1\":\"3\",\"2\":\"0\",\"3\":\"0\",\"4\":\"1\",\"5\":\"3\",\"6\":\"1\"}}',2),(22,'0',3677,29057,'{\"loading\":{\"1\":\"3\",\"2\":\"0\",\"3\":\"0\",\"4\":\"0\",\"5\":\"3\",\"6\":\"1\"}}',3),(22,'0',3677,29063,'{\"loading\":{\"1\":\"1\",\"2\":\"0\",\"3\":\"0\",\"4\":\"0\",\"5\":\"1\",\"6\":\"1\"}}',0),(22,'0',3677,29063,'{\"loading\":{\"1\":\"1\",\"2\":\"0\",\"3\":\"0\",\"4\":\"1\",\"5\":\"1\",\"6\":\"1\"}}',1),(22,'0',3677,29063,'{\"loading\":{\"1\":\"1\",\"2\":\"0\",\"3\":\"0\",\"4\":\"1\",\"5\":\"1\",\"6\":\"1\"}}',2),(22,'0',3677,29063,'{\"loading\":{\"1\":\"1\",\"2\":\"0\",\"3\":\"0\",\"4\":\"0\",\"5\":\"1\",\"6\":\"1\"}}',3),(22,'0',3678,29043,'{\"loading\":{\"1\":\"1\",\"2\":\"0\",\"3\":\"0\",\"4\":\"0\",\"5\":\"1\",\"6\":\"1\"}}',0),(22,'0',3678,29043,'{\"loading\":{\"1\":\"1\",\"2\":\"0\",\"3\":\"0\",\"4\":\"1\",\"5\":\"1\",\"6\":\"1\"}}',1),(22,'0',3678,29046,'{\"loading\":{\"1\":\"1\",\"2\":\"0\",\"3\":\"0\",\"4\":\"0\",\"5\":\"1\",\"6\":\"1\"}}',0),(22,'0',3678,29046,'{\"loading\":{\"1\":\"1\",\"2\":\"0\",\"3\":\"0\",\"4\":\"1\",\"5\":\"1\",\"6\":\"1\"}}',1),(22,'0',3678,29050,'{\"firstCriticalIgnored\":{\"1\":\"\"}}',1),(22,'0',3678,29053,'{\"firstCriticalIgnored\":{\"1\":\"\"}}',1),(22,'0',3679,29064,'{\"loading\":{\"1\":\"1\",\"2\":\"0\",\"3\":\"0\",\"4\":\"0\",\"5\":\"1\",\"6\":\"1\"}}',0),(22,'0',3679,29064,'{\"loading\":{\"1\":\"1\",\"2\":\"0\",\"3\":\"0\",\"4\":\"1\",\"5\":\"1\",\"6\":\"1\"}}',1),(22,'0',3679,29082,'{\"loading\":{\"1\":\"1\",\"2\":\"0\",\"3\":\"0\",\"4\":\"0\",\"5\":\"1\",\"6\":\"1\"}}',0),(22,'0',3679,29082,'{\"loading\":{\"1\":\"1\",\"2\":\"0\",\"3\":\"0\",\"4\":\"1\",\"5\":\"1\",\"6\":\"1\"}}',1),(22,'0',3679,29084,'{\"loading\":{\"1\":\"1\",\"2\":\"0\",\"3\":\"0\",\"4\":\"0\",\"5\":\"1\",\"6\":\"1\"}}',0),(22,'0',3679,29084,'{\"loading\":{\"1\":\"1\",\"2\":\"0\",\"3\":\"0\",\"4\":\"1\",\"5\":\"1\",\"6\":\"1\"}}',1),(22,'0',3680,29074,'{\"loading\":{\"1\":\"1\",\"2\":\"0\",\"3\":\"0\",\"4\":\"0\",\"5\":\"1\",\"6\":\"1\"}}',0),(22,'0',3680,29074,'{\"loading\":{\"1\":\"1\",\"2\":\"0\",\"3\":\"0\",\"4\":\"0\",\"5\":\"1\",\"6\":\"1\"}}',1),(22,'0',3680,29075,'{\"loading\":{\"1\":\"1\",\"2\":\"0\",\"3\":\"0\",\"4\":\"0\",\"5\":\"1\",\"6\":\"1\"}}',0),(22,'0',3680,29075,'{\"loading\":{\"1\":\"1\",\"2\":\"0\",\"3\":\"0\",\"4\":\"0\",\"5\":\"1\",\"6\":\"1\"}}',1),(22,'0',3680,29086,'{\"loading\":{\"1\":\"2\",\"2\":\"0\",\"3\":\"0\",\"4\":\"0\",\"5\":\"2\",\"6\":\"1\"}}',0),(22,'0',3680,29086,'{\"loading\":{\"1\":\"2\",\"2\":\"0\",\"3\":\"0\",\"4\":\"0\",\"5\":\"2\",\"6\":\"1\"}}',1),(22,'0',3680,29090,'{\"loading\":{\"1\":\"2\",\"2\":\"0\",\"3\":\"0\",\"4\":\"0\",\"5\":\"2\",\"6\":\"1\"}}',0),(22,'0',3680,29090,'{\"loading\":{\"1\":\"2\",\"2\":\"0\",\"3\":\"0\",\"4\":\"0\",\"5\":\"2\",\"6\":\"1\"}}',1),(23,'0',3676,29023,'{\"loading\":{\"1\":\"1\",\"2\":\"0\",\"3\":\"0\",\"4\":\"0\",\"5\":\"1\",\"6\":\"1\"}}',0),(23,'0',3676,29023,'{\"loading\":{\"1\":\"1\",\"2\":\"0\",\"3\":\"0\",\"4\":\"0\",\"5\":\"1\",\"6\":\"1\"}}',1),(23,'0',3676,29031,'{\"loading\":{\"1\":\"4\",\"2\":\"0\",\"3\":\"0\",\"4\":\"0\",\"5\":\"4\",\"6\":\"1\"}}',0),(23,'0',3676,29031,'{\"loading\":{\"1\":\"4\",\"2\":\"0\",\"3\":\"0\",\"4\":\"0\",\"5\":\"4\",\"6\":\"1\"}}',1),(23,'0',3676,29035,'{\"loading\":{\"1\":\"1\",\"2\":\"0\",\"3\":\"0\",\"4\":\"0\",\"5\":\"1\",\"6\":\"1\"}}',0),(23,'0',3676,29035,'{\"loading\":{\"1\":\"1\",\"2\":\"0\",\"3\":\"0\",\"4\":\"0\",\"5\":\"1\",\"6\":\"1\"}}',1),(23,'0',3677,29037,'{\"loading\":{\"1\":\"1\",\"2\":\"0\",\"3\":\"0\",\"4\":\"0\",\"5\":\"1\",\"6\":\"1\"}}',0),(23,'0',3677,29037,'{\"loading\":{\"1\":\"1\",\"2\":\"0\",\"3\":\"0\",\"4\":\"1\",\"5\":\"1\",\"6\":\"1\"}}',1),(23,'0',3677,29037,'{\"loading\":{\"1\":\"1\",\"2\":\"0\",\"3\":\"0\",\"4\":\"1\",\"5\":\"1\",\"6\":\"1\"}}',2),(23,'0',3677,29037,'{\"loading\":{\"1\":\"0\",\"2\":\"0\",\"3\":\"0\",\"4\":\"0\",\"5\":\"1\",\"6\":\"1\"}}',3),(23,'0',3677,29038,'{\"loading\":{\"1\":\"1\",\"2\":\"0\",\"3\":\"0\",\"4\":\"0\",\"5\":\"1\",\"6\":\"1\"}}',0),(23,'0',3677,29038,'{\"loading\":{\"1\":\"1\",\"2\":\"0\",\"3\":\"0\",\"4\":\"1\",\"5\":\"1\",\"6\":\"1\"}}',1),(23,'0',3677,29038,'{\"loading\":{\"1\":\"1\",\"2\":\"0\",\"3\":\"0\",\"4\":\"1\",\"5\":\"1\",\"6\":\"1\"}}',2),(23,'0',3677,29038,'{\"loading\":{\"1\":\"1\",\"2\":\"0\",\"3\":\"0\",\"4\":\"0\",\"5\":\"1\",\"6\":\"1\"}}',3),(23,'0',3677,29040,'{\"loading\":{\"1\":\"3\",\"2\":\"0\",\"3\":\"0\",\"4\":\"0\",\"5\":\"3\",\"6\":\"1\"}}',0),(23,'0',3677,29040,'{\"loading\":{\"1\":\"1\",\"2\":\"0\",\"3\":\"0\",\"4\":\"1\",\"5\":\"3\",\"6\":\"1\"}}',1),(23,'0',3677,29040,'{\"loading\":{\"1\":\"1\",\"2\":\"0\",\"3\":\"0\",\"4\":\"1\",\"5\":\"3\",\"6\":\"1\"}}',2),(23,'0',3677,29040,'{\"loading\":{\"1\":\"0\",\"2\":\"0\",\"3\":\"0\",\"4\":\"0\",\"5\":\"3\",\"6\":\"1\"}}',3),(23,'0',3677,29057,'{\"loading\":{\"1\":\"1\",\"2\":\"0\",\"3\":\"0\",\"4\":\"0\",\"5\":\"1\",\"6\":\"1\"}}',0),(23,'0',3677,29057,'{\"loading\":{\"1\":\"1\",\"2\":\"0\",\"3\":\"0\",\"4\":\"1\",\"5\":\"1\",\"6\":\"1\"}}',1),(23,'0',3677,29057,'{\"loading\":{\"1\":\"1\",\"2\":\"0\",\"3\":\"0\",\"4\":\"1\",\"5\":\"1\",\"6\":\"1\"}}',2),(23,'0',3677,29057,'{\"loading\":{\"1\":\"1\",\"2\":\"0\",\"3\":\"0\",\"4\":\"0\",\"5\":\"1\",\"6\":\"1\"}}',3),(23,'0',3677,29061,'{\"loading\":{\"1\":\"1\",\"2\":\"0\",\"3\":\"0\",\"4\":\"0\",\"5\":\"1\",\"6\":\"1\"}}',0),(23,'0',3677,29061,'{\"loading\":{\"1\":\"1\",\"2\":\"0\",\"3\":\"0\",\"4\":\"1\",\"5\":\"1\",\"6\":\"1\"}}',1),(23,'0',3677,29061,'{\"loading\":{\"1\":\"1\",\"2\":\"0\",\"3\":\"0\",\"4\":\"1\",\"5\":\"1\",\"6\":\"1\"}}',2),(23,'0',3677,29061,'{\"loading\":{\"1\":\"1\",\"2\":\"0\",\"3\":\"0\",\"4\":\"0\",\"5\":\"1\",\"6\":\"1\"}}',3),(23,'0',3678,29044,'{\"loading\":{\"1\":\"2\",\"2\":\"0\",\"3\":\"0\",\"4\":\"0\",\"5\":\"2\",\"6\":\"1\"}}',0),(23,'0',3678,29044,'{\"loading\":{\"1\":\"2\",\"2\":\"0\",\"3\":\"0\",\"4\":\"1\",\"5\":\"2\",\"6\":\"1\"}}',1),(23,'0',3678,29045,'{\"loading\":{\"1\":\"2\",\"2\":\"0\",\"3\":\"0\",\"4\":\"0\",\"5\":\"2\",\"6\":\"1\"}}',0),(23,'0',3678,29045,'{\"loading\":{\"1\":\"2\",\"2\":\"0\",\"3\":\"0\",\"4\":\"1\",\"5\":\"2\",\"6\":\"1\"}}',1),(23,'0',3678,29046,'{\"loading\":{\"1\":\"1\",\"2\":\"0\",\"3\":\"0\",\"4\":\"0\",\"5\":\"1\",\"6\":\"1\"}}',0),(23,'0',3678,29046,'{\"loading\":{\"1\":\"1\",\"2\":\"0\",\"3\":\"0\",\"4\":\"1\",\"5\":\"1\",\"6\":\"1\"}}',1),(23,'0',3678,29053,'{\"loading\":{\"1\":\"1\",\"2\":\"0\",\"3\":\"0\",\"4\":\"0\",\"5\":\"1\",\"6\":\"1\"}}',0),(23,'0',3678,29053,'{\"loading\":{\"1\":\"1\",\"2\":\"0\",\"3\":\"0\",\"4\":\"1\",\"5\":\"1\",\"6\":\"1\"}}',1),(23,'0',3679,29079,'{\"loading\":{\"1\":\"1\",\"2\":\"0\",\"3\":\"0\",\"4\":\"0\",\"5\":\"1\",\"6\":\"1\"}}',0),(23,'0',3679,29079,'{\"loading\":{\"1\":\"1\",\"2\":\"0\",\"3\":\"0\",\"4\":\"1\",\"5\":\"1\",\"6\":\"1\"}}',1),(23,'0',3680,29073,'{\"loading\":{\"1\":\"4\",\"2\":\"0\",\"3\":\"0\",\"4\":\"0\",\"5\":\"4\",\"6\":\"1\"}}',0),(23,'0',3680,29073,'{\"loading\":{\"1\":\"4\",\"2\":\"0\",\"3\":\"0\",\"4\":\"0\",\"5\":\"4\",\"6\":\"1\"}}',1),(23,'0',3680,29074,'{\"loading\":{\"1\":\"1\",\"2\":\"0\",\"3\":\"0\",\"4\":\"0\",\"5\":\"1\",\"6\":\"1\"}}',0),(23,'0',3680,29074,'{\"loading\":{\"1\":\"1\",\"2\":\"0\",\"3\":\"0\",\"4\":\"0\",\"5\":\"1\",\"6\":\"1\"}}',1),(23,'0',3680,29075,'{\"loading\":{\"1\":\"1\",\"2\":\"0\",\"3\":\"0\",\"4\":\"0\",\"5\":\"1\",\"6\":\"1\"}}',0),(23,'0',3680,29075,'{\"loading\":{\"1\":\"1\",\"2\":\"0\",\"3\":\"0\",\"4\":\"0\",\"5\":\"1\",\"6\":\"1\"}}',1),(23,'0',3680,29076,'{\"loading\":{\"1\":\"1\",\"2\":\"0\",\"3\":\"0\",\"4\":\"0\",\"5\":\"1\",\"6\":\"1\"}}',0),(23,'0',3680,29076,'{\"loading\":{\"1\":\"1\",\"2\":\"0\",\"3\":\"0\",\"4\":\"0\",\"5\":\"1\",\"6\":\"1\"}}',1),(24,'0',3676,29023,'{\"loading\":{\"1\":\"1\",\"2\":\"0\",\"3\":\"0\",\"4\":\"0\",\"5\":\"1\",\"6\":\"1\"}}',0),(24,'0',3676,29023,'{\"loading\":{\"1\":\"0\",\"2\":\"0\",\"3\":\"0\",\"4\":\"0\",\"5\":\"1\",\"6\":\"1\"}}',1),(24,'0',3676,29031,'{\"loading\":{\"1\":\"1\",\"2\":\"0\",\"3\":\"0\",\"4\":\"0\",\"5\":\"1\",\"6\":\"1\"}}',0),(24,'0',3676,29031,'{\"loading\":{\"1\":\"1\",\"2\":\"0\",\"3\":\"0\",\"4\":\"0\",\"5\":\"1\",\"6\":\"1\"}}',1),(24,'0',3676,29032,'{\"loading\":{\"1\":\"1\",\"2\":\"0\",\"3\":\"0\",\"4\":\"0\",\"5\":\"1\",\"6\":\"1\"}}',0),(24,'0',3676,29032,'{\"loading\":{\"1\":\"1\",\"2\":\"0\",\"3\":\"0\",\"4\":\"0\",\"5\":\"1\",\"6\":\"1\"}}',1),(24,'0',3677,29037,'{\"loading\":{\"1\":\"1\",\"2\":\"0\",\"3\":\"0\",\"4\":\"0\",\"5\":\"1\",\"6\":\"1\"}}',0),(24,'0',3677,29037,'{\"loading\":{\"1\":\"1\",\"2\":\"0\",\"3\":\"0\",\"4\":\"1\",\"5\":\"1\",\"6\":\"1\"}}',1),(24,'0',3677,29037,'{\"loading\":{\"1\":\"1\",\"2\":\"0\",\"3\":\"0\",\"4\":\"1\",\"5\":\"1\",\"6\":\"1\"}}',2),(24,'0',3677,29037,'{\"loading\":{\"1\":\"0\",\"2\":\"0\",\"3\":\"0\",\"4\":\"0\",\"5\":\"1\",\"6\":\"1\"}}',3),(24,'0',3677,29038,'{\"loading\":{\"1\":\"1\",\"2\":\"0\",\"3\":\"0\",\"4\":\"0\",\"5\":\"1\",\"6\":\"1\"}}',0),(24,'0',3677,29038,'{\"loading\":{\"1\":\"1\",\"2\":\"0\",\"3\":\"0\",\"4\":\"1\",\"5\":\"1\",\"6\":\"1\"}}',1),(24,'0',3677,29038,'{\"loading\":{\"1\":\"1\",\"2\":\"0\",\"3\":\"0\",\"4\":\"1\",\"5\":\"1\",\"6\":\"1\"}}',2),(24,'0',3677,29038,'{\"loading\":{\"1\":\"1\",\"2\":\"0\",\"3\":\"0\",\"4\":\"0\",\"5\":\"1\",\"6\":\"1\"}}',3),(24,'0',3677,29040,'{\"loading\":{\"1\":\"3\",\"2\":\"0\",\"3\":\"0\",\"4\":\"0\",\"5\":\"3\",\"6\":\"1\"}}',0),(24,'0',3677,29040,'{\"loading\":{\"1\":\"1\",\"2\":\"0\",\"3\":\"0\",\"4\":\"1\",\"5\":\"3\",\"6\":\"1\"}}',1),(24,'0',3677,29040,'{\"loading\":{\"1\":\"1\",\"2\":\"0\",\"3\":\"0\",\"4\":\"1\",\"5\":\"3\",\"6\":\"1\"}}',2),(24,'0',3677,29040,'{\"loading\":{\"1\":\"0\",\"2\":\"0\",\"3\":\"0\",\"4\":\"0\",\"5\":\"3\",\"6\":\"1\"}}',3),(24,'0',3677,29057,'{\"loading\":{\"1\":\"1\",\"2\":\"0\",\"3\":\"0\",\"4\":\"0\",\"5\":\"1\",\"6\":\"1\"}}',0),(24,'0',3677,29057,'{\"loading\":{\"1\":\"1\",\"2\":\"0\",\"3\":\"0\",\"4\":\"1\",\"5\":\"1\",\"6\":\"1\"}}',1),(24,'0',3677,29057,'{\"loading\":{\"1\":\"1\",\"2\":\"0\",\"3\":\"0\",\"4\":\"1\",\"5\":\"1\",\"6\":\"1\"}}',2),(24,'0',3677,29057,'{\"loading\":{\"1\":\"1\",\"2\":\"0\",\"3\":\"0\",\"4\":\"0\",\"5\":\"1\",\"6\":\"1\"}}',3),(24,'0',3678,29044,'{\"loading\":{\"1\":\"1\",\"2\":\"0\",\"3\":\"0\",\"4\":\"0\",\"5\":\"1\",\"6\":\"1\"}}',0),(24,'0',3678,29044,'{\"loading\":{\"1\":\"1\",\"2\":\"0\",\"3\":\"0\",\"4\":\"1\",\"5\":\"1\",\"6\":\"1\"}}',1),(24,'0',3678,29045,'{\"loading\":{\"1\":\"1\",\"2\":\"0\",\"3\":\"0\",\"4\":\"0\",\"5\":\"1\",\"6\":\"1\"}}',0),(24,'0',3678,29045,'{\"loading\":{\"1\":\"1\",\"2\":\"0\",\"3\":\"0\",\"4\":\"1\",\"5\":\"1\",\"6\":\"1\"}}',1),(24,'0',3678,29046,'{\"loading\":{\"1\":\"3\",\"2\":\"0\",\"3\":\"0\",\"4\":\"0\",\"5\":\"3\",\"6\":\"1\"}}',0),(24,'0',3678,29046,'{\"loading\":{\"1\":\"3\",\"2\":\"0\",\"3\":\"0\",\"4\":\"1\",\"5\":\"3\",\"6\":\"1\"}}',1),(24,'0',3678,29048,'{\"loading\":{\"1\":\"1\",\"2\":\"0\",\"3\":\"0\",\"4\":\"0\",\"5\":\"1\",\"6\":\"1\"}}',0),(24,'0',3678,29048,'{\"loading\":{\"1\":\"1\",\"2\":\"0\",\"3\":\"0\",\"4\":\"1\",\"5\":\"1\",\"6\":\"1\"}}',1),(24,'0',3678,29050,'{\"loading\":{\"1\":\"3\",\"2\":\"0\",\"3\":\"0\",\"4\":\"0\",\"5\":\"1\",\"6\":\"1\"}}',0),(24,'0',3678,29050,'{\"loading\":{\"1\":\"3\",\"2\":\"0\",\"3\":\"0\",\"4\":\"1\",\"5\":\"1\",\"6\":\"1\"}}',1),(24,'0',3678,29053,'{\"loading\":{\"1\":\"4\",\"2\":\"0\",\"3\":\"0\",\"4\":\"0\",\"5\":\"4\",\"6\":\"1\"}}',0),(24,'0',3678,29053,'{\"loading\":{\"1\":\"4\",\"2\":\"0\",\"3\":\"0\",\"4\":\"1\",\"5\":\"4\",\"6\":\"1\"}}',1),(24,'0',3679,29079,'{\"loading\":{\"1\":\"1\",\"2\":\"0\",\"3\":\"0\",\"4\":\"0\",\"5\":\"1\",\"6\":\"1\"}}',0),(24,'0',3679,29079,'{\"loading\":{\"1\":\"1\",\"2\":\"0\",\"3\":\"0\",\"4\":\"1\",\"5\":\"1\",\"6\":\"1\"}}',1),(24,'0',3680,29073,'{\"loading\":{\"1\":\"1\",\"2\":\"0\",\"3\":\"0\",\"4\":\"0\",\"5\":\"1\",\"6\":\"1\"}}',0),(24,'0',3680,29073,'{\"loading\":{\"1\":\"1\",\"2\":\"0\",\"3\":\"0\",\"4\":\"0\",\"5\":\"1\",\"6\":\"1\"}}',1),(24,'0',3680,29086,'{\"loading\":{\"1\":\"1\",\"2\":\"0\",\"3\":\"0\",\"4\":\"0\",\"5\":\"1\",\"6\":\"1\"}}',0),(24,'0',3680,29086,'{\"loading\":{\"1\":\"1\",\"2\":\"0\",\"3\":\"0\",\"4\":\"0\",\"5\":\"1\",\"6\":\"1\"}}',1),(24,'0',3680,29090,'{\"loading\":{\"1\":\"1\",\"2\":\"0\",\"3\":\"0\",\"4\":\"0\",\"5\":\"1\",\"6\":\"1\"}}',0),(24,'0',3680,29090,'{\"loading\":{\"1\":\"1\",\"2\":\"0\",\"3\":\"0\",\"4\":\"0\",\"5\":\"1\",\"6\":\"1\"}}',1),(25,'0',3676,29025,'{\"loading\":{\"1\":\"1\",\"2\":\"0\",\"3\":\"0\",\"4\":\"0\",\"5\":\"1\",\"6\":\"1\"}}',0),(25,'0',3676,29025,'{\"loading\":{\"1\":\"1\",\"2\":\"0\",\"3\":\"0\",\"4\":\"0\",\"5\":\"1\",\"6\":\"1\"}}',1),(25,'0',3676,29031,'{\"loading\":{\"1\":\"1\",\"2\":\"0\",\"3\":\"0\",\"4\":\"0\",\"5\":\"1\",\"6\":\"1\"}}',0),(25,'0',3676,29031,'{\"loading\":{\"1\":\"1\",\"2\":\"0\",\"3\":\"0\",\"4\":\"0\",\"5\":\"1\",\"6\":\"1\"}}',1),(25,'0',3677,29037,'{\"loading\":{\"1\":\"1\",\"2\":\"0\",\"3\":\"0\",\"4\":\"0\",\"5\":\"1\",\"6\":\"1\"}}',0),(25,'0',3677,29037,'{\"loading\":{\"1\":\"1\",\"2\":\"0\",\"3\":\"0\",\"4\":\"1\",\"5\":\"1\",\"6\":\"1\"}}',1),(25,'0',3677,29037,'{\"loading\":{\"1\":\"1\",\"2\":\"0\",\"3\":\"0\",\"4\":\"1\",\"5\":\"1\",\"6\":\"1\"}}',2),(25,'0',3677,29037,'{\"loading\":{\"1\":\"0\",\"2\":\"0\",\"3\":\"0\",\"4\":\"0\",\"5\":\"1\",\"6\":\"1\"}}',3),(25,'0',3677,29040,'{\"loading\":{\"1\":\"1\",\"2\":\"0\",\"3\":\"0\",\"4\":\"0\",\"5\":\"1\",\"6\":\"1\"}}',0),(25,'0',3677,29040,'{\"loading\":{\"1\":\"1\",\"2\":\"0\",\"3\":\"0\",\"4\":\"1\",\"5\":\"1\",\"6\":\"1\"}}',1),(25,'0',3677,29040,'{\"loading\":{\"1\":\"1\",\"2\":\"0\",\"3\":\"0\",\"4\":\"1\",\"5\":\"1\",\"6\":\"1\"}}',2),(25,'0',3677,29040,'{\"loading\":{\"1\":\"0\",\"2\":\"0\",\"3\":\"0\",\"4\":\"0\",\"5\":\"1\",\"6\":\"1\"}}',3),(25,'0',3678,29046,'{\"loading\":{\"1\":\"1\",\"2\":\"0\",\"3\":\"0\",\"4\":\"0\",\"5\":\"1\",\"6\":\"1\"}}',0),(25,'0',3678,29046,'{\"loading\":{\"1\":\"1\",\"2\":\"0\",\"3\":\"0\",\"4\":\"1\",\"5\":\"1\",\"6\":\"1\"}}',1),(25,'0',3678,29050,'{\"loading\":{\"1\":\"4\",\"2\":\"0\",\"3\":\"0\",\"4\":\"0\",\"5\":\"4\",\"6\":\"1\"}}',0),(25,'0',3678,29050,'{\"loading\":{\"1\":\"4\",\"2\":\"0\",\"3\":\"0\",\"4\":\"1\",\"5\":\"4\",\"6\":\"1\"}}',1),(25,'0',3678,29053,'{\"firstCriticalIgnored\":{\"1\":\"\"}}',1),(25,'0',3679,29069,'{\"loading\":{\"1\":\"1\",\"2\":\"0\",\"3\":\"0\",\"4\":\"0\",\"5\":\"1\",\"6\":\"1\"}}',0),(25,'0',3679,29069,'{\"loading\":{\"1\":\"1\",\"2\":\"0\",\"3\":\"0\",\"4\":\"1\",\"5\":\"1\",\"6\":\"1\"}}',1),(25,'0',3679,29079,'{\"loading\":{\"1\":\"1\",\"2\":\"0\",\"3\":\"0\",\"4\":\"0\",\"5\":\"1\",\"6\":\"1\"}}',0),(25,'0',3679,29079,'{\"loading\":{\"1\":\"1\",\"2\":\"0\",\"3\":\"0\",\"4\":\"1\",\"5\":\"1\",\"6\":\"1\"}}',1),(25,'0',3679,29082,'{\"loading\":{\"1\":\"1\",\"2\":\"0\",\"3\":\"0\",\"4\":\"0\",\"5\":\"1\",\"6\":\"1\"}}',0),(25,'0',3679,29082,'{\"loading\":{\"1\":\"1\",\"2\":\"0\",\"3\":\"0\",\"4\":\"1\",\"5\":\"1\",\"6\":\"1\"}}',1),(25,'0',3679,29083,'{\"loading\":{\"1\":\"1\",\"2\":\"0\",\"3\":\"0\",\"4\":\"0\",\"5\":\"1\",\"6\":\"1\"}}',0),(25,'0',3679,29083,'{\"loading\":{\"1\":\"1\",\"2\":\"0\",\"3\":\"0\",\"4\":\"1\",\"5\":\"1\",\"6\":\"1\"}}',1),(25,'0',3679,29084,'{\"loading\":{\"1\":\"1\",\"2\":\"0\",\"3\":\"0\",\"4\":\"0\",\"5\":\"1\",\"6\":\"1\"}}',0),(25,'0',3679,29084,'{\"loading\":{\"1\":\"1\",\"2\":\"0\",\"3\":\"0\",\"4\":\"1\",\"5\":\"1\",\"6\":\"1\"}}',1),(25,'0',3680,29073,'{\"loading\":{\"1\":\"1\",\"2\":\"0\",\"3\":\"0\",\"4\":\"0\",\"5\":\"1\",\"6\":\"1\"}}',0),(25,'0',3680,29073,'{\"loading\":{\"1\":\"1\",\"2\":\"0\",\"3\":\"0\",\"4\":\"0\",\"5\":\"1\",\"6\":\"1\"}}',1),(26,'0',3676,29031,'{\"loading\":{\"1\":\"1\",\"2\":\"0\",\"3\":\"0\",\"4\":\"0\",\"5\":\"1\",\"6\":\"1\"}}',0),(26,'0',3676,29031,'{\"loading\":{\"1\":\"1\",\"2\":\"0\",\"3\":\"0\",\"4\":\"0\",\"5\":\"1\",\"6\":\"1\"}}',1),(26,'0',3677,29037,'{\"loading\":{\"1\":\"1\",\"2\":\"0\",\"3\":\"0\",\"4\":\"0\",\"5\":\"1\",\"6\":\"1\"}}',0),(26,'0',3677,29037,'{\"loading\":{\"1\":\"1\",\"2\":\"0\",\"3\":\"0\",\"4\":\"1\",\"5\":\"1\",\"6\":\"1\"}}',1),(26,'0',3677,29037,'{\"loading\":{\"1\":\"1\",\"2\":\"0\",\"3\":\"0\",\"4\":\"1\",\"5\":\"1\",\"6\":\"1\"}}',2),(26,'0',3677,29037,'{\"loading\":{\"1\":\"0\",\"2\":\"0\",\"3\":\"0\",\"4\":\"0\",\"5\":\"1\",\"6\":\"1\"}}',3),(26,'0',3677,29040,'{\"loading\":{\"1\":\"1\",\"2\":\"0\",\"3\":\"0\",\"4\":\"0\",\"5\":\"1\",\"6\":\"1\"}}',0),(26,'0',3677,29040,'{\"loading\":{\"1\":\"1\",\"2\":\"0\",\"3\":\"0\",\"4\":\"1\",\"5\":\"1\",\"6\":\"1\"}}',1),(26,'0',3677,29040,'{\"loading\":{\"1\":\"1\",\"2\":\"0\",\"3\":\"0\",\"4\":\"1\",\"5\":\"1\",\"6\":\"1\"}}',2),(26,'0',3677,29040,'{\"loading\":{\"1\":\"0\",\"2\":\"0\",\"3\":\"0\",\"4\":\"0\",\"5\":\"1\",\"6\":\"1\"}}',3),(26,'0',3678,29046,'{\"loading\":{\"1\":\"3\",\"2\":\"0\",\"3\":\"0\",\"4\":\"0\",\"5\":\"3\",\"6\":\"1\"}}',0),(26,'0',3678,29046,'{\"loading\":{\"1\":\"3\",\"2\":\"0\",\"3\":\"0\",\"4\":\"1\",\"5\":\"3\",\"6\":\"1\"}}',1),(26,'0',3678,29053,'{\"loading\":{\"1\":\"1\",\"2\":\"0\",\"3\":\"0\",\"4\":\"0\",\"5\":\"1\",\"6\":\"1\"}}',0),(26,'0',3678,29053,'{\"loading\":{\"1\":\"1\",\"2\":\"0\",\"3\":\"0\",\"4\":\"1\",\"5\":\"1\",\"6\":\"1\"}}',1),(26,'0',3679,29079,'{\"loading\":{\"1\":\"1\",\"2\":\"0\",\"3\":\"0\",\"4\":\"0\",\"5\":\"1\",\"6\":\"1\"}}',0),(26,'0',3679,29079,'{\"loading\":{\"1\":\"1\",\"2\":\"0\",\"3\":\"0\",\"4\":\"1\",\"5\":\"1\",\"6\":\"1\"}}',1),(27,'0',3676,29031,'{\"loading\":{\"1\":\"2\",\"2\":\"0\",\"3\":\"0\",\"4\":\"0\",\"5\":\"2\",\"6\":\"1\"}}',0),(27,'0',3676,29031,'{\"loading\":{\"1\":\"0\",\"2\":\"0\",\"3\":\"0\",\"4\":\"0\",\"5\":\"2\",\"6\":\"1\"}}',1),(27,'0',3677,29037,'{\"loading\":{\"1\":\"1\",\"2\":\"0\",\"3\":\"0\",\"4\":\"0\",\"5\":\"1\",\"6\":\"1\"}}',0),(27,'0',3677,29037,'{\"loading\":{\"1\":\"1\",\"2\":\"0\",\"3\":\"0\",\"4\":\"1\",\"5\":\"1\",\"6\":\"1\"}}',1),(27,'0',3677,29037,'{\"loading\":{\"1\":\"1\",\"2\":\"0\",\"3\":\"0\",\"4\":\"1\",\"5\":\"1\",\"6\":\"1\"}}',2),(27,'0',3677,29037,'{\"loading\":{\"1\":\"1\",\"2\":\"0\",\"3\":\"0\",\"4\":\"0\",\"5\":\"1\",\"6\":\"1\"}}',3),(27,'0',3678,29044,'{\"loading\":{\"1\":\"1\",\"2\":\"0\",\"3\":\"0\",\"4\":\"0\",\"5\":\"1\",\"6\":\"1\"}}',0),(27,'0',3678,29044,'{\"loading\":{\"1\":\"1\",\"2\":\"0\",\"3\":\"0\",\"4\":\"1\",\"5\":\"1\",\"6\":\"1\"}}',1),(27,'0',3678,29045,'{\"loading\":{\"1\":\"1\",\"2\":\"0\",\"3\":\"0\",\"4\":\"0\",\"5\":\"1\",\"6\":\"1\"}}',0),(27,'0',3678,29045,'{\"loading\":{\"1\":\"1\",\"2\":\"0\",\"3\":\"0\",\"4\":\"1\",\"5\":\"1\",\"6\":\"1\"}}',1),(27,'0',3678,29046,'{\"loading\":{\"1\":\"2\",\"2\":\"0\",\"3\":\"0\",\"4\":\"0\",\"5\":\"2\",\"6\":\"1\"}}',0),(27,'0',3678,29046,'{\"loading\":{\"1\":\"2\",\"2\":\"0\",\"3\":\"0\",\"4\":\"1\",\"5\":\"2\",\"6\":\"1\"}}',1),(27,'0',3678,29050,'{\"firstCriticalIgnored\":{\"1\":\"\"}}',1),(27,'0',3678,29053,'{\"loading\":{\"1\":\"4\",\"2\":\"0\",\"3\":\"0\",\"4\":\"0\",\"5\":\"4\",\"6\":\"1\"}}',0),(27,'0',3678,29053,'{\"loading\":{\"1\":\"4\",\"2\":\"0\",\"3\":\"0\",\"4\":\"1\",\"5\":\"4\",\"6\":\"1\"}}',1),(27,'0',3679,29079,'{\"loading\":{\"1\":\"1\",\"2\":\"0\",\"3\":\"0\",\"4\":\"0\",\"5\":\"1\",\"6\":\"1\"}}',0),(27,'0',3679,29079,'{\"loading\":{\"1\":\"1\",\"2\":\"0\",\"3\":\"0\",\"4\":\"1\",\"5\":\"1\",\"6\":\"1\"}}',1),(27,'0',3680,29085,'{\"loading\":{\"1\":\"1\",\"2\":\"0\",\"3\":\"0\",\"4\":\"0\",\"5\":\"1\",\"6\":\"1\"}}',0),(27,'0',3680,29085,'{\"loading\":{\"1\":\"1\",\"2\":\"0\",\"3\":\"0\",\"4\":\"0\",\"5\":\"1\",\"6\":\"1\"}}',1),(28,'0',3677,29037,'{\"loading\":{\"1\":\"1\",\"2\":\"0\",\"3\":\"0\",\"4\":\"0\",\"5\":\"1\",\"6\":\"1\"}}',0),(28,'0',3677,29037,'{\"loading\":{\"1\":\"1\",\"2\":\"0\",\"3\":\"0\",\"4\":\"1\",\"5\":\"1\",\"6\":\"1\"}}',1),(28,'0',3677,29037,'{\"loading\":{\"1\":\"1\",\"2\":\"0\",\"3\":\"0\",\"4\":\"1\",\"5\":\"1\",\"6\":\"1\"}}',2),(28,'0',3677,29037,'{\"loading\":{\"1\":\"0\",\"2\":\"0\",\"3\":\"0\",\"4\":\"0\",\"5\":\"1\",\"6\":\"1\"}}',3),(28,'0',3678,29053,'{\"firstCriticalIgnored\":{\"1\":\"\"}}',1),(28,'0',3679,29079,'{\"loading\":{\"1\":\"1\",\"2\":\"0\",\"3\":\"0\",\"4\":\"0\",\"5\":\"1\",\"6\":\"1\"}}',0),(28,'0',3679,29079,'{\"loading\":{\"1\":\"1\",\"2\":\"0\",\"3\":\"0\",\"4\":\"1\",\"5\":\"1\",\"6\":\"1\"}}',1),(29,'0',3676,29031,'{\"loading\":{\"1\":\"4\",\"2\":\"0\",\"3\":\"0\",\"4\":\"0\",\"5\":\"4\",\"6\":\"1\"}}',0),(29,'0',3676,29031,'{\"loading\":{\"1\":\"4\",\"2\":\"0\",\"3\":\"0\",\"4\":\"0\",\"5\":\"4\",\"6\":\"1\"}}',1),(29,'0',3676,29035,'{\"loading\":{\"1\":\"1\",\"2\":\"0\",\"3\":\"0\",\"4\":\"0\",\"5\":\"1\",\"6\":\"1\"}}',0),(29,'0',3676,29035,'{\"loading\":{\"1\":\"1\",\"2\":\"0\",\"3\":\"0\",\"4\":\"0\",\"5\":\"1\",\"6\":\"1\"}}',1),(29,'0',3677,29037,'{\"loading\":{\"1\":\"1\",\"2\":\"0\",\"3\":\"0\",\"4\":\"0\",\"5\":\"1\",\"6\":\"1\"}}',0),(29,'0',3677,29037,'{\"loading\":{\"1\":\"1\",\"2\":\"0\",\"3\":\"0\",\"4\":\"1\",\"5\":\"1\",\"6\":\"1\"}}',1),(29,'0',3677,29037,'{\"loading\":{\"1\":\"1\",\"2\":\"0\",\"3\":\"0\",\"4\":\"1\",\"5\":\"1\",\"6\":\"1\"}}',2),(29,'0',3677,29037,'{\"loading\":{\"1\":\"1\",\"2\":\"0\",\"3\":\"0\",\"4\":\"0\",\"5\":\"1\",\"6\":\"1\"}}',3),(29,'0',3677,29040,'{\"loading\":{\"1\":\"1\",\"2\":\"0\",\"3\":\"0\",\"4\":\"0\",\"5\":\"1\",\"6\":\"1\"}}',0),(29,'0',3677,29040,'{\"loading\":{\"1\":\"1\",\"2\":\"0\",\"3\":\"0\",\"4\":\"1\",\"5\":\"1\",\"6\":\"1\"}}',1),(29,'0',3677,29040,'{\"loading\":{\"1\":\"1\",\"2\":\"0\",\"3\":\"0\",\"4\":\"1\",\"5\":\"1\",\"6\":\"1\"}}',2),(29,'0',3677,29040,'{\"loading\":{\"1\":\"1\",\"2\":\"0\",\"3\":\"0\",\"4\":\"0\",\"5\":\"1\",\"6\":\"1\"}}',3),(29,'0',3678,29046,'{\"loading\":{\"1\":\"1\",\"2\":\"0\",\"3\":\"0\",\"4\":\"0\",\"5\":\"1\",\"6\":\"1\"}}',0),(29,'0',3678,29046,'{\"loading\":{\"1\":\"1\",\"2\":\"0\",\"3\":\"0\",\"4\":\"1\",\"5\":\"1\",\"6\":\"1\"}}',1),(29,'0',3679,29079,'{\"loading\":{\"1\":\"1\",\"2\":\"0\",\"3\":\"0\",\"4\":\"0\",\"5\":\"1\",\"6\":\"1\"}}',0),(29,'0',3679,29079,'{\"loading\":{\"1\":\"1\",\"2\":\"0\",\"3\":\"0\",\"4\":\"1\",\"5\":\"1\",\"6\":\"1\"}}',1),(29,'0',3680,29074,'{\"loading\":{\"1\":\"1\",\"2\":\"0\",\"3\":\"0\",\"4\":\"0\",\"5\":\"1\",\"6\":\"1\"}}',0),(29,'0',3680,29074,'{\"loading\":{\"1\":\"1\",\"2\":\"0\",\"3\":\"0\",\"4\":\"0\",\"5\":\"1\",\"6\":\"1\"}}',1),(29,'0',3680,29075,'{\"loading\":{\"1\":\"1\",\"2\":\"0\",\"3\":\"0\",\"4\":\"0\",\"5\":\"1\",\"6\":\"1\"}}',0),(29,'0',3680,29075,'{\"loading\":{\"1\":\"1\",\"2\":\"0\",\"3\":\"0\",\"4\":\"0\",\"5\":\"1\",\"6\":\"1\"}}',1),(30,'0',3676,29023,'{\"loading\":{\"1\":\"1\",\"2\":\"0\",\"3\":\"0\",\"4\":\"0\",\"5\":\"1\",\"6\":\"1\"}}',0),(30,'0',3676,29023,'{\"loading\":{\"1\":\"1\",\"2\":\"0\",\"3\":\"0\",\"4\":\"0\",\"5\":\"1\",\"6\":\"1\"}}',1),(30,'0',3676,29031,'{\"loading\":{\"1\":\"1\",\"2\":\"0\",\"3\":\"0\",\"4\":\"0\",\"5\":\"1\",\"6\":\"1\"}}',0),(30,'0',3676,29031,'{\"loading\":{\"1\":\"1\",\"2\":\"0\",\"3\":\"0\",\"4\":\"0\",\"5\":\"1\",\"6\":\"1\"}}',1),(30,'0',3677,29057,'{\"loading\":{\"1\":\"1\",\"2\":\"0\",\"3\":\"0\",\"4\":\"0\",\"5\":\"1\",\"6\":\"1\"}}',0),(30,'0',3677,29057,'{\"loading\":{\"1\":\"1\",\"2\":\"0\",\"3\":\"0\",\"4\":\"1\",\"5\":\"1\",\"6\":\"1\"}}',1),(30,'0',3677,29057,'{\"loading\":{\"1\":\"1\",\"2\":\"0\",\"3\":\"0\",\"4\":\"1\",\"5\":\"1\",\"6\":\"1\"}}',2),(30,'0',3677,29057,'{\"loading\":{\"1\":\"1\",\"2\":\"0\",\"3\":\"0\",\"4\":\"0\",\"5\":\"1\",\"6\":\"1\"}}',3),(30,'0',3678,29046,'{\"loading\":{\"1\":\"3\",\"2\":\"0\",\"3\":\"0\",\"4\":\"0\",\"5\":\"3\",\"6\":\"1\"}}',0),(30,'0',3678,29046,'{\"loading\":{\"1\":\"3\",\"2\":\"0\",\"3\":\"0\",\"4\":\"1\",\"5\":\"3\",\"6\":\"1\"}}',1),(31,'0',3676,29031,'{\"loading\":{\"1\":\"1\",\"2\":\"0\",\"3\":\"0\",\"4\":\"0\",\"5\":\"1\",\"6\":\"1\"}}',0),(31,'0',3676,29031,'{\"loading\":{\"1\":\"1\",\"2\":\"0\",\"3\":\"0\",\"4\":\"0\",\"5\":\"1\",\"6\":\"1\"}}',1),(31,'0',3677,29037,'{\"loading\":{\"1\":\"1\",\"2\":\"0\",\"3\":\"0\",\"4\":\"0\",\"5\":\"1\",\"6\":\"1\"}}',0),(31,'0',3677,29037,'{\"loading\":{\"1\":\"1\",\"2\":\"0\",\"3\":\"0\",\"4\":\"1\",\"5\":\"1\",\"6\":\"1\"}}',1),(31,'0',3677,29037,'{\"loading\":{\"1\":\"1\",\"2\":\"0\",\"3\":\"0\",\"4\":\"1\",\"5\":\"1\",\"6\":\"1\"}}',2),(31,'0',3677,29037,'{\"loading\":{\"1\":\"0\",\"2\":\"0\",\"3\":\"0\",\"4\":\"0\",\"5\":\"1\",\"6\":\"1\"}}',3),(31,'0',3678,29046,'{\"loading\":{\"1\":\"1\",\"2\":\"0\",\"3\":\"0\",\"4\":\"0\",\"5\":\"1\",\"6\":\"1\"}}',0),(31,'0',3678,29046,'{\"loading\":{\"1\":\"1\",\"2\":\"0\",\"3\":\"0\",\"4\":\"1\",\"5\":\"1\",\"6\":\"1\"}}',1),(31,'0',3679,29079,'{\"loading\":{\"1\":\"1\",\"2\":\"0\",\"3\":\"0\",\"4\":\"0\",\"5\":\"1\",\"6\":\"1\"}}',0),(31,'0',3679,29079,'{\"loading\":{\"1\":\"1\",\"2\":\"0\",\"3\":\"0\",\"4\":\"1\",\"5\":\"1\",\"6\":\"1\"}}',1),(31,'0',3680,29073,'{\"loading\":{\"1\":\"1\",\"2\":\"0\",\"3\":\"0\",\"4\":\"0\",\"5\":\"1\",\"6\":\"1\"}}',0),(31,'0',3680,29073,'{\"loading\":{\"1\":\"1\",\"2\":\"0\",\"3\":\"0\",\"4\":\"0\",\"5\":\"1\",\"6\":\"1\"}}',1),(32,'0',3676,29031,'{\"loading\":{\"1\":\"1\",\"2\":\"0\",\"3\":\"0\",\"4\":\"0\",\"5\":\"1\",\"6\":\"1\"}}',0),(32,'0',3676,29031,'{\"loading\":{\"1\":\"1\",\"2\":\"0\",\"3\":\"0\",\"4\":\"0\",\"5\":\"1\",\"6\":\"1\"}}',1),(32,'0',3677,29037,'{\"loading\":{\"1\":\"1\",\"2\":\"0\",\"3\":\"0\",\"4\":\"0\",\"5\":\"1\",\"6\":\"1\"}}',0),(32,'0',3677,29037,'{\"loading\":{\"1\":\"1\",\"2\":\"0\",\"3\":\"0\",\"4\":\"1\",\"5\":\"1\",\"6\":\"1\"}}',1),(32,'0',3677,29037,'{\"loading\":{\"1\":\"1\",\"2\":\"0\",\"3\":\"0\",\"4\":\"1\",\"5\":\"1\",\"6\":\"1\"}}',2),(32,'0',3677,29037,'{\"loading\":{\"1\":\"0\",\"2\":\"0\",\"3\":\"0\",\"4\":\"0\",\"5\":\"1\",\"6\":\"1\"}}',3),(32,'0',3678,29046,'{\"loading\":{\"1\":\"3\",\"2\":\"0\",\"3\":\"0\",\"4\":\"0\",\"5\":\"3\",\"6\":\"1\"}}',0),(32,'0',3678,29046,'{\"loading\":{\"1\":\"3\",\"2\":\"0\",\"3\":\"0\",\"4\":\"1\",\"5\":\"3\",\"6\":\"1\"}}',1),(32,'0',3678,29050,'{\"loading\":{\"1\":\"1\",\"2\":\"0\",\"3\":\"0\",\"4\":\"0\",\"5\":\"1\",\"6\":\"1\"}}',0),(32,'0',3678,29050,'{\"loading\":{\"1\":\"1\",\"2\":\"0\",\"3\":\"0\",\"4\":\"1\",\"5\":\"1\",\"6\":\"1\"}}',1),(32,'0',3679,29079,'{\"loading\":{\"1\":\"1\",\"2\":\"0\",\"3\":\"0\",\"4\":\"0\",\"5\":\"1\",\"6\":\"1\"}}',0),(32,'0',3679,29079,'{\"loading\":{\"1\":\"1\",\"2\":\"0\",\"3\":\"0\",\"4\":\"1\",\"5\":\"1\",\"6\":\"1\"}}',1),(32,'0',3680,29085,'{\"loading\":{\"1\":\"1\",\"2\":\"0\",\"3\":\"0\",\"4\":\"0\",\"5\":\"1\",\"6\":\"1\"}}',0),(32,'0',3680,29085,'{\"loading\":{\"1\":\"1\",\"2\":\"0\",\"3\":\"0\",\"4\":\"0\",\"5\":\"1\",\"6\":\"1\"}}',1),(33,'0',3676,29031,'{\"loading\":{\"1\":\"2\",\"2\":\"0\",\"3\":\"0\",\"4\":\"0\",\"5\":\"2\",\"6\":\"1\"}}',0),(33,'0',3676,29031,'{\"loading\":{\"1\":\"2\",\"2\":\"0\",\"3\":\"0\",\"4\":\"0\",\"5\":\"2\",\"6\":\"1\"}}',1),(33,'0',3677,29037,'{\"loading\":{\"1\":\"1\",\"2\":\"0\",\"3\":\"0\",\"4\":\"0\",\"5\":\"1\",\"6\":\"1\"}}',0),(33,'0',3677,29037,'{\"loading\":{\"1\":\"1\",\"2\":\"0\",\"3\":\"0\",\"4\":\"1\",\"5\":\"1\",\"6\":\"1\"}}',1),(33,'0',3677,29037,'{\"loading\":{\"1\":\"1\",\"2\":\"0\",\"3\":\"0\",\"4\":\"1\",\"5\":\"1\",\"6\":\"1\"}}',2),(33,'0',3677,29037,'{\"loading\":{\"1\":\"0\",\"2\":\"0\",\"3\":\"0\",\"4\":\"0\",\"5\":\"1\",\"6\":\"1\"}}',3),(33,'0',3678,29046,'{\"loading\":{\"1\":\"2\",\"2\":\"0\",\"3\":\"0\",\"4\":\"0\",\"5\":\"2\",\"6\":\"1\"}}',0),(33,'0',3678,29046,'{\"loading\":{\"1\":\"2\",\"2\":\"0\",\"3\":\"0\",\"4\":\"1\",\"5\":\"2\",\"6\":\"1\"}}',1),(33,'0',3678,29053,'{\"loading\":{\"1\":\"1\",\"2\":\"0\",\"3\":\"0\",\"4\":\"0\",\"5\":\"1\",\"6\":\"1\"}}',0),(33,'0',3678,29053,'{\"loading\":{\"1\":\"1\",\"2\":\"0\",\"3\":\"0\",\"4\":\"1\",\"5\":\"1\",\"6\":\"1\"}}',1),(33,'0',3679,29079,'{\"loading\":{\"1\":\"1\",\"2\":\"0\",\"3\":\"0\",\"4\":\"0\",\"5\":\"1\",\"6\":\"1\"}}',0),(33,'0',3679,29079,'{\"loading\":{\"1\":\"1\",\"2\":\"0\",\"3\":\"0\",\"4\":\"1\",\"5\":\"1\",\"6\":\"1\"}}',1),(34,'0',3677,29037,'{\"loading\":{\"1\":\"1\",\"2\":\"0\",\"3\":\"0\",\"4\":\"0\",\"5\":\"1\",\"6\":\"1\"}}',0),(34,'0',3677,29037,'{\"loading\":{\"1\":\"1\",\"2\":\"0\",\"3\":\"0\",\"4\":\"1\",\"5\":\"1\",\"6\":\"1\"}}',1),(34,'0',3677,29037,'{\"loading\":{\"1\":\"1\",\"2\":\"0\",\"3\":\"0\",\"4\":\"1\",\"5\":\"1\",\"6\":\"1\"}}',2),(34,'0',3677,29037,'{\"loading\":{\"1\":\"0\",\"2\":\"0\",\"3\":\"0\",\"4\":\"0\",\"5\":\"1\",\"6\":\"1\"}}',3),(34,'0',3679,29079,'{\"loading\":{\"1\":\"1\",\"2\":\"0\",\"3\":\"0\",\"4\":\"0\",\"5\":\"1\",\"6\":\"1\"}}',0),(34,'0',3679,29079,'{\"loading\":{\"1\":\"1\",\"2\":\"0\",\"3\":\"0\",\"4\":\"1\",\"5\":\"1\",\"6\":\"1\"}}',1),(35,'0',3677,29037,'{\"loading\":{\"1\":\"1\",\"2\":\"0\",\"3\":\"0\",\"4\":\"0\",\"5\":\"1\",\"6\":\"1\"}}',0),(35,'0',3677,29037,'{\"loading\":{\"1\":\"1\",\"2\":\"0\",\"3\":\"0\",\"4\":\"1\",\"5\":\"1\",\"6\":\"1\"}}',1),(35,'0',3677,29037,'{\"loading\":{\"1\":\"1\",\"2\":\"0\",\"3\":\"0\",\"4\":\"1\",\"5\":\"1\",\"6\":\"1\"}}',2),(35,'0',3677,29037,'{\"loading\":{\"1\":\"0\",\"2\":\"0\",\"3\":\"0\",\"4\":\"0\",\"5\":\"1\",\"6\":\"1\"}}',3),(35,'0',3679,29079,'{\"loading\":{\"1\":\"1\",\"2\":\"0\",\"3\":\"0\",\"4\":\"0\",\"5\":\"1\",\"6\":\"1\"}}',0),(35,'0',3679,29079,'{\"loading\":{\"1\":\"1\",\"2\":\"0\",\"3\":\"0\",\"4\":\"1\",\"5\":\"1\",\"6\":\"1\"}}',1),(36,'0',3677,29037,'{\"loading\":{\"1\":\"1\",\"2\":\"0\",\"3\":\"0\",\"4\":\"0\",\"5\":\"1\",\"6\":\"1\"}}',0),(36,'0',3677,29037,'{\"loading\":{\"1\":\"1\",\"2\":\"0\",\"3\":\"0\",\"4\":\"1\",\"5\":\"1\",\"6\":\"1\"}}',1),(36,'0',3677,29037,'{\"loading\":{\"1\":\"1\",\"2\":\"0\",\"3\":\"0\",\"4\":\"1\",\"5\":\"1\",\"6\":\"1\"}}',2),(36,'0',3677,29037,'{\"loading\":{\"1\":\"0\",\"2\":\"0\",\"3\":\"0\",\"4\":\"0\",\"5\":\"1\",\"6\":\"1\"}}',3),(36,'0',3679,29079,'{\"loading\":{\"1\":\"1\",\"2\":\"0\",\"3\":\"0\",\"4\":\"0\",\"5\":\"1\",\"6\":\"1\"}}',0),(36,'0',3679,29079,'{\"loading\":{\"1\":\"1\",\"2\":\"0\",\"3\":\"0\",\"4\":\"1\",\"5\":\"1\",\"6\":\"1\"}}',1),(37,'0',3677,29037,'{\"loading\":{\"1\":\"1\",\"2\":\"0\",\"3\":\"0\",\"4\":\"0\",\"5\":\"1\",\"6\":\"1\"}}',0),(37,'0',3677,29037,'{\"loading\":{\"1\":\"1\",\"2\":\"0\",\"3\":\"0\",\"4\":\"1\",\"5\":\"1\",\"6\":\"1\"}}',1),(37,'0',3677,29037,'{\"loading\":{\"1\":\"1\",\"2\":\"0\",\"3\":\"0\",\"4\":\"1\",\"5\":\"1\",\"6\":\"1\"}}',2),(37,'0',3677,29037,'{\"loading\":{\"1\":\"1\",\"2\":\"0\",\"3\":\"0\",\"4\":\"0\",\"5\":\"1\",\"6\":\"1\"}}',3),(37,'0',3679,29079,'{\"loading\":{\"1\":\"1\",\"2\":\"0\",\"3\":\"0\",\"4\":\"0\",\"5\":\"1\",\"6\":\"1\"}}',0),(37,'0',3679,29079,'{\"loading\":{\"1\":\"1\",\"2\":\"0\",\"3\":\"0\",\"4\":\"1\",\"5\":\"1\",\"6\":\"1\"}}',1),(39,'0',3676,29031,'{\"loading\":{\"1\":\"1\",\"2\":\"0\",\"3\":\"0\",\"4\":\"0\",\"5\":\"1\",\"6\":\"1\"}}',0),(39,'0',3676,29031,'{\"loading\":{\"1\":\"1\",\"2\":\"0\",\"3\":\"0\",\"4\":\"0\",\"5\":\"1\",\"6\":\"1\"}}',1),(39,'0',3678,29046,'{\"loading\":{\"1\":\"1\",\"2\":\"0\",\"3\":\"0\",\"4\":\"0\",\"5\":\"1\",\"6\":\"1\"}}',0),(39,'0',3678,29046,'{\"loading\":{\"1\":\"1\",\"2\":\"0\",\"3\":\"0\",\"4\":\"1\",\"5\":\"1\",\"6\":\"1\"}}',1),(42,'0',3677,29037,'{\"loading\":{\"1\":\"1\",\"2\":\"0\",\"3\":\"0\",\"4\":\"0\",\"5\":\"1\",\"6\":\"1\"}}',0),(42,'0',3677,29037,'{\"loading\":{\"1\":\"1\",\"2\":\"0\",\"3\":\"0\",\"4\":\"1\",\"5\":\"1\",\"6\":\"1\"}}',1),(42,'0',3677,29037,'{\"loading\":{\"1\":\"1\",\"2\":\"0\",\"3\":\"0\",\"4\":\"1\",\"5\":\"1\",\"6\":\"1\"}}',2),(42,'0',3677,29037,'{\"loading\":{\"1\":\"1\",\"2\":\"0\",\"3\":\"0\",\"4\":\"0\",\"5\":\"1\",\"6\":\"1\"}}',3),(42,'0',3679,29079,'{\"loading\":{\"1\":\"1\",\"2\":\"0\",\"3\":\"0\",\"4\":\"0\",\"5\":\"1\",\"6\":\"1\"}}',0),(42,'0',3679,29079,'{\"loading\":{\"1\":\"1\",\"2\":\"0\",\"3\":\"0\",\"4\":\"1\",\"5\":\"1\",\"6\":\"1\"}}',1);
/*!40000 ALTER TABLE `tac_systemdata` ENABLE KEYS */;
UNLOCK TABLES;
/*!40103 SET TIME_ZONE=@OLD_TIME_ZONE */;

/*!40101 SET SQL_MODE=@OLD_SQL_MODE */;
/*!40014 SET FOREIGN_KEY_CHECKS=@OLD_FOREIGN_KEY_CHECKS */;
/*!40014 SET UNIQUE_CHECKS=@OLD_UNIQUE_CHECKS */;
/*!40101 SET CHARACTER_SET_CLIENT=@OLD_CHARACTER_SET_CLIENT */;
/*!40101 SET CHARACTER_SET_RESULTS=@OLD_CHARACTER_SET_RESULTS */;
/*!40101 SET COLLATION_CONNECTION=@OLD_COLLATION_CONNECTION */;
/*!40111 SET SQL_NOTES=@OLD_SQL_NOTES */;

-- Dump completed on 2018-06-13 15:26:32
